[{"$i":"setup-app-name-header","$v":"Email"},{"$i":"setup-empty-account-message","$v":"Hindi ka naka-set up na makatanggap o magpadala ng email. Mag-set up ng account para makumpleto ito."},{"$i":"setup-pick-service","$v":"Para magpadala at tumanggap ng email, kailangan mong mag-set up ng account."},{"$i":"setup-account-header3","$v":"Pag-login sa Account"},{"$i":"setup-account-password","$v":"Password"},{"$i":"setup-info-next","$v":"Susunod"},{"$i":"setup-progress-wait-msg","$v":"Pag-set up ng account"},{"$i":"setup-sync-progress-wait-msg","$v":"Pag-sync ng account"},{"$i":"setup-completed-header","$v":"Binabati kita!"},{"$i":"setup-completed-label","$v":"Tapos na!"},{"$i":"setup-add-another-account","$v":"Isa pang account"},{"$i":"setup-show-mail","$v":"Tumuloy sa Email"},{"$i":"setup-done-add","$v":"Magdagdag ng account"},{"$i":"setup-error-offline","$v":"Walang koneksyon sa internet"},{"$i":"setup-error-bad-user-or-pass2","$v":"Hindi tama ang email address o password."},{"$i":"setup-error-bad-address","$v":"Hindi tama ang email address."},{"$i":"setup-error-not-authorized","$v":"Hindi pinahintulutang lumikha ng account."},{"$i":"setup-error-pop-server-not-great","$v":"Hindi suportado ng POP3 server ang mga kinakailangang tampok."},{"$i":"setup-error-unknown2","$v":"May di-alam na error. Suriin ang network connection o subukan ang manu-manong opsyon ng configuration."},{"$i":"setup-error-needs-app-pass","$v":"Dapat kang gumamit ng isang tiyak na password ng application para sa dalawang-factor na mga account sa Gmail."},{"$i":"setup-error-imap-disabled","$v":"Dapat mong paganahin ang IMAP para sa iyong account sa Gmail."},{"$i":"setup-error-pop3-disabled","$v":"Dapat mong paganahin ang POP3 para sa iyong account sa Gmail."},{"$i":"setup-error-bad-security","$v":["Hindi maka-establish ng secure na koneksyon sa \"",{"t":"idOrVar","v":"server"},".\" Baka may problema sa iyong network o sa server."]},{"$i":"setup-error-unresponsive-server","$v":["Walang koneksyon sa \"",{"t":"idOrVar","v":"server"},".\" Baka may problema sa network."]},{"$i":"setup-error-server-problem","$v":["May problema sa server \"",{"t":"idOrVar","v":"server"},"\". Subukan mamaya."]},{"$i":"setup-error-no-config-info","$v":"Hindi matagumpay ang pag-configure. Suriin ang e-mail address o subukan ang manu-manong pagpipilian sa pagsasaayos."},{"$i":"setup-error-server-maintenance","$v":["Offline para sa maintenance ang server \"",{"t":"idOrVar","v":"server"},"\". Subukan mamaya."]},{"$i":"setup-error-account-already-exists","$v":"Mayroon nang ganitong account."},{"$i":"setup-manual-config2","$v":"Advanced"},{"$i":"setup-manual-config-header","$v":"Pag-login sa Account"},{"$i":"setup-manual-account-type-header","$v":"Uri ng Account"},{"$i":"setup-manual-account-type","$v":"Uri ng Account"},{"$i":"setup-manual-account-type-select","ariaLabel":"Uri ng account"},{"$i":"setup-manual-imap-header","$v":"Mga Setting ng IMAP"},{"$i":"setup-manual-pop3-header","$v":"Mga Setting ng POP3"},{"$i":"setup-manual-smtp-header","$v":"Mga Setting ng SMTP"},{"$i":"setup-manual-activesync-header","$v":"Mga Setting ng ActiveSync"},{"$i":"setup-manual-next","$v":"Susunod"},{"$i":"setup-manual-socket","$v":"Uri ng Socket"},{"$i":"setup-manual-socket-ssl","$v":"SSL"},{"$i":"setup-manual-socket-starttls","$v":"STARTTLS"},{"$i":"setup-manual-socket-select","ariaLabel":"Seguridad ng koneksyon"},{"$i":"setup-manual-socket-plain","$v":"Di naka-encrypt"},{"$i":"setup-bad-password-header","$v":"Maling password!"},{"$i":"setup-bad-password","$v":"Di nakapag-sign in sa server. Subukang muli ang password."},{"$i":"setup-new-password","placeholder":"Bagong password"},{"$i":"setup-fix-password","$v":"Subukan muli gamit ang bagong password"},{"$i":"setup-gmail-twofactor-header","$v":"Na-enable ang Two-Factor"},{"$i":"setup-gmail-twofactor-message","$v":"Kailangan mo ng application-specific password sa ibaba."},{"$i":"setup-gmail-imap-header","$v":"Na-disable ang IMAP"},{"$i":"setup-gmail-imap-message","$v":"Dapat mong i-enable ang IMAP sa Gmail account"},{"$i":"setup-gmail-retry","$v":"Muling subukan"},{"$i":"setup-gmail-pop3-header","$v":"Na-disable ang POP3"},{"$i":"setup-gmail-pop3-message","$v":"Dapat mong i-enable ang POP3 sa Gmail account"},{"$i":"setup-fix-oauth2-header","$v":"Pahintulutan Muli ang Email"},{"$i":"setup-fix-oauth2-description","$v":"Kailangang pahintulutan ulit ang Email para ma-access ang account:"},{"$i":"setup-fix-oauth2-reauthorize","$v":"Pahintulutan Muli"},{"$i":"settings-main-header","$v":"Mga Setting ng Email"},{"$i":"settings-sub-header-account","$v":"Account"},{"$i":"settings-account-group","ariaLabel":"Account"},{"$i":"settings-account-name","$v":"Pangalan Mo"},{"$i":"settings-account-label","$v":"Pangalan ng Account"},{"$i":"settings-account-display-notifications","$v":"Ipakita Notification ng Bagong Email"},{"$i":"settings-account-play-sound-onsend","$v":"Mag-play Tunog Kapag Napadala Mensahe"},{"$i":"settings-account-signature-label","$v":"Lagda"},{"$i":"settings-sub-header-data","$v":"Data"},{"$i":"settings-data-group","ariaLabel":"Data"},{"$i":"settings-account-check-mail","$v":"Tumingin ng Bagong Mensahe"},{"$i":"settings-account-check-mail-select","ariaLabel":"Tumingin ng Bagong Mensahe"},{"$i":"settings-sub-header-server","$v":"Mga Setting ng Server"},{"$i":"settings-server-group","ariaLabel":"Mga setting ng server"},{"$i":"settings-account-userpass","$v":"Username at Password"},{"$i":"settings-account-useroauth2","$v":"Username"},{"$i":"settings-default-signature-2","$v":"Mula sa telepono ko"},{"$i":"settings-done","$v":"Tapos na"},{"$i":"settings-account-section","$v":"Mga Account"},{"$i":"settings-account-listbox","ariaLabel":"Mga Account"},{"$i":"settings-account-add","$v":"Magdagdag"},{"$i":"settings-account-delete","$v":"I-delete acct"},{"$i":"settings-account-delete-prompt","$v":"Kung ide-delete mo ang account na ito, maaapektuhan din ang mga app na gumagamit sa account na ito."},{"$i":"settings-account-delete-desc","$v":"Kailangan mong i-download ang email mo ulit kung uulitin ang paggawa ng account."},{"$i":"settings-account-delete-cancel","$v":"Kanselahin"},{"$i":"settings-account-delete-confirm","$v":"I-delete"},{"$i":"settings-account-clarify","$v":[{"t":"idOrVar","v":"account-name"}]},{"$i":"settings-account-clarify-imap","$v":[{"t":"idOrVar","v":"account-name"}," (IMAP)"]},{"$i":"settings-account-clarify-pop3","$v":[{"t":"idOrVar","v":"account-name"}," (POP3)"]},{"$i":"settings-account-clarify-smtp","$v":[{"t":"idOrVar","v":"account-name"}," (SMTP)"]},{"$i":"settings-general-section","$v":"Mga pangkalahatang setting"},{"$i":"settings-show-images","$v":"Palaging magpakita ng mga imahe"},{"$i":"settings-download-attachments","$v":"I-download mga attachment"},{"$i":"settings-check-every-5min","$v":"Kada 5 Minuto"},{"$i":"settings-check-every-10min","$v":"Kada 10 Minuto"},{"$i":"settings-check-every-15min","$v":"Kada 15 Minuto"},{"$i":"settings-check-every-30min","$v":"Kada 30 Minuto"},{"$i":"settings-check-every-60min","$v":"Kada Oras"},{"$i":"settings-check-every-manual","$v":"Manual"},{"$i":"settings-check-dynamic","$v":{"few":[{"t":"idOrVar","v":"n"}," (na) segundo"],"many":[{"t":"idOrVar","v":"n"}," (na) segundo"],"one":[{"t":"idOrVar","v":"n"}," segundo"],"other":[{"t":"idOrVar","v":"n"}," (na) segundo"],"two":[{"t":"idOrVar","v":"n"}," (na) segundo"],"zero":"na-disable"},"$x":[{"t":"idOrVar","v":"plural"},"n"]},{"$i":"settings-default-account","$v":"I-set bilang Default Email"},{"$i":"settings-account-type","$v":"Uri ng Account"},{"$i":"settings-account-credentials","$v":"Mga Kredensyal"},{"$i":"settings-activesync-label","$v":"Impormasyon sa mga setting ng ActiveSync"},{"$i":"settings-imap-label","$v":"Impormasyon sa mga setting ng IMAP"},{"$i":"settings-pop3-label","$v":"Impormasyon sa mga setting ng POP3"},{"$i":"settings-smtp-label","$v":"Impormasyon sa mga setting ng SMTP"},{"$i":"settings-hostname","$v":"Hostname"},{"$i":"settings-port","$v":"Port"},{"$i":"settings-username","$v":"Username"},{"$i":"settings-password","$v":"Password"},{"$i":"settings-save","$v":"I-save"},{"$i":"password-saved","$v":"Na-save ang password."},{"$i":"settings-reauth","$v":"Pahintulutan Muli"},{"$i":"settings-account-synchronize-window","$v":"Araw na Isi-sync"},{"$i":"settings-account-synchronize-window-select","ariaLabel":"Araw na isi-sync"},{"$i":"settings-synchronize-auto","$v":"Awtomatiko"},{"$i":"settings-synchronize-one-day","$v":"1 Araw"},{"$i":"settings-synchronize-three-days","$v":"3 Araw"},{"$i":"settings-synchronize-one-week","$v":"1 Linggo"},{"$i":"settings-synchronize-two-weeks","$v":"2 Linggo"},{"$i":"settings-synchronize-one-month","$v":"1 Buwan"},{"$i":"settings-synchronize-all","$v":"Lahat ng Mensahe"},{"$i":"envelope-from","$v":"Mula kay"},{"$i":"envelope-to","$v":"Para kay"},{"$i":"envelope-cc","$v":"Cc"},{"$i":"envelope-bcc","$v":"Bcc"},{"$i":"message-header-state-sending","ariaLabel":"Ipinapadala"},{"$i":"message-header-state-error","ariaLabel":"Error sa pagpapadala"},{"$i":"message-header-unread","ariaLabel":"I-unread"},{"$i":"message-header-reply","ariaLabel":"Sagutin"},{"$i":"message-header-forward","ariaLabel":"Ipasa"},{"$i":"message-header-starred","ariaLabel":"May star"},{"$i":"message-header-attachments","ariaLabel":"May mga attachment"},{"$i":"message-body-container","ariaLabel":"Laman ng mensahe"},{"$i":"message-body-container-progress","ariaValueText":"Nilo-load"},{"$i":"subject","ariaLabel":"Paksa"},{"$i":"attachments-container","ariaLabel":"Mga Attachment"},{"$i":"from-group","ariaLabel":"Mula kay"},{"$i":"to-group","ariaLabel":"Para kay"},{"$i":"cc-group","ariaLabel":"CC"},{"$i":"bcc-group","ariaLabel":"BCC"},{"$i":"compose-header","$v":"Gumawa ng mensahe"},{"$i":"compose-header-short","$v":"Gumawa"},{"$i":"compose-send","$v":"Ipadala"},{"$i":"compose-send-button","ariaLabel":"Ipadala"},{"$i":"compose-to","$v":"Para kay"},{"$i":"compose-cc","$v":"Cc"},{"$i":"compose-bcc","$v":"Bcc"},{"$i":"compose-cc-remove","$v":"Tinanggal ang listahan ng cc."},{"$i":"compose-bcc-remove","$v":"Tinanggal ang listahan ng bcc."},{"$i":"compose-contact-add","ariaLabel":"Magdagdag ng contact"},{"$i":"compose-attachments","$v":{"few":["Mga Attachment (",{"t":"idOrVar","v":"n"},")"],"many":["Mga Attachment (",{"t":"idOrVar","v":"n"},")"],"one":["Attachment (",{"t":"idOrVar","v":"n"},")"],"other":["Mga Attachment (",{"t":"idOrVar","v":"n"},")"],"two":["Mga Attachment (",{"t":"idOrVar","v":"n"},")"],"zero":"Attachment"},"$x":[{"t":"idOrVar","v":"plural"},"n"]},{"$i":"compose-text","ariaLabel":"I-edit"},{"$i":"compose-attachment-still-working","$v":"Sandali, di pa tapos sa nakaraang attachment..."},{"$i":"compose-attachment-loading","$v":"Nilo-load ang attachment ..."},{"$i":"compose-attachments-loading","$v":"Naglo-load ng mga attachment ..."},{"$i":"compose-forward-attachment-error-title","$v":"Hindi na-download."},{"$i":"compose-forward-attachment-error-title2","$v":"Error"},{"$i":"compose-forward-attachment-unable-load","$v":"Hindi ma-load ang attachment."},{"$i":"compose-forward-attachments-unable-load","$v":"Hindi ma-load ang mga attachment."},{"$i":"compose-forward-attachment-load-error","$v":"Hindi na-load ang ilang attachment."},{"$i":"confirmation-title","$v":"Kumpirmasyon"},{"$i":"compose-subject","$v":"Paksa"},{"$i":"compose-draft-save","$v":"I-save sa Mga Lokal na Draft?"},{"$i":"compose-discard-confirm","$v":"I-discard"},{"$i":"compose-draft-dialog-cancel","$v":"Kanselahin"},{"$i":"compose-draft-dialog-save","$v":"I-save"},{"$i":"composer-draft-saved","$v":"Nai-save ang draft."},{"$i":"attention","$v":"Atensyon"},{"$i":"compose-send-message-failed","$v":"Hindi napadala ang email"},{"$i":"compose-attchment-size-exceeded","$v":"Malaki ang kalakip upang maipadala gamit ang mensahe."},{"$i":"compose-attchments-size-exceeded","$v":"Malaki ang mga attachment upang maipadala gamit ang mensahe."},{"$i":"composer-attachment-large-title","$v":"Masyadong Malaki Ang File"},{"$i":"default-attachment-filename","$v":["attachment",{"t":"idOrVar","v":"n"}]},{"$i":"attachment-size-meb","$v":[{"t":"idOrVar","v":"megabytes"}," MB"]},{"$i":"attachment-size-kib","$v":[{"t":"idOrVar","v":"kilobytes"}," KB"]},{"$i":"attachment-size-byte","$v":[{"t":"idOrVar","v":"bytes"}," B"]},{"$i":"message-attachment-view","$v":"Tingnan"},{"$i":"message-attachment-did-not-open-label","$v":"Hindi mabuksan"},{"$i":"message-attachment-did-not-open-body","$v":"Walang app sa device na makakapagbukas sa attachment."},{"$i":"message-attachment-too-large","$v":"Masyadong malaki ang file para ma-download."},{"$i":"message-attachment-not-found","$v":"Ang file ng Attachment ay hindi natagpuan, muling i-download?"},{"$i":"message-attachment-download-fail","$v":[{"t":"idOrVar","v":"fileName"}," -Nabigo ang pag-download"]},{"$i":"message-no-subject","$v":"(walang paksa)"},{"$i":"message-edit-menu-edit","$v":"I-edit"},{"$i":"message-edit-menu-delete","$v":"I-delete"},{"$i":"message-edit-delete-confirm","$v":"I-delete ang email message?"},{"$i":"message-forward-attachment-title","$v":"Attachment"},{"$i":"message-forward-attachment","$v":"I-forward din ang attachment?"},{"$i":"message-forward-attachments","$v":"I-forward din ang mga attachment?"},{"$i":"message-multiedit-header","$v":{"few":[{"t":"idOrVar","v":"n"}," ang napili"],"many":[{"t":"idOrVar","v":"n"}," ang napili"],"one":[{"t":"idOrVar","v":"n"}," ang napili"],"other":[{"t":"idOrVar","v":"n"}," ang napili"],"two":[{"t":"idOrVar","v":"n"}," ang napili"],"zero":[{"t":"idOrVar","v":"n"}," ang napili"]},"$x":[{"t":"idOrVar","v":"plural"},"n"]},{"$i":"message-multiedit-search-header","$v":{"few":[{"t":"idOrVar","v":"n"}," ang napili"],"many":[{"t":"idOrVar","v":"n"}," ang napili"],"one":[{"t":"idOrVar","v":"n"}," ang napili"],"other":[{"t":"idOrVar","v":"n"}," ang napili"],"two":[{"t":"idOrVar","v":"n"}," ang napili"],"zero":"0 ang napili"},"$x":[{"t":"idOrVar","v":"plural"},"n"]},{"$i":"browse-to-url-prompt","$v":["Punta sa URL?: ",{"t":"idOrVar","v":"url"}]},{"$i":"message-download-images-tap","$v":{"few":["May ",{"t":"idOrVar","v":"n"}," (na) imahe ang email. I-tap para i-download."],"many":["May ",{"t":"idOrVar","v":"n"}," (na) imahe ang email. I-tap para i-download."],"one":"May isang imahe ang email. I-tap para i-download.","other":["May ",{"t":"idOrVar","v":"n"}," (na) imahe ang email. I-tap para i-download."],"two":["May ",{"t":"idOrVar","v":"n"}," (na) imahe ang email. I-tap para i-download."]},"$x":[{"t":"idOrVar","v":"plural"},"n"]},{"$i":"message-show-external-images","$v":"Magpakita ng external na imahe"},{"$i":"message-delete-cancel","$v":"Kanselahin"},{"$i":"message-multiedit-delete-confirm","$v":{"few":["I-delete ang ",{"t":"idOrVar","v":"n"}," (na) mensahe?"],"many":["I-delete ang ",{"t":"idOrVar","v":"n"}," (na) mensahe?"],"one":"I-delete ang napiling mensahe?","other":["I-delete ang ",{"t":"idOrVar","v":"n"}," (na) mensahe?"],"two":["I-delete ang ",{"t":"idOrVar","v":"n"}," (na) mensahe?"]},"$x":[{"t":"idOrVar","v":"plural"},"n"]},{"$i":"message-large-message-cancel","$v":"Kanselahin"},{"$i":"message-large-message-ok","$v":"Magpatuloy"},{"$i":"message-large-message-confirm","$v":"Malaki ang mensaheng ito at matatagalan sa pag-download."},{"$i":"message-large-message-warning","$v":"Masyadong malaki ang mensahe para ma-load."},{"$i":"message-search-header","$v":"Hanapin"},{"$i":"search-result","$v":["Mga Email(",{"t":"idOrVar","v":"num"},")"]},{"$i":"message-search-from","$v":"Mula kay"},{"$i":"message-search-to","$v":"Para kay"},{"$i":"message-search-subject","$v":"Paksa"},{"$i":"message-search-body","$v":"Laman"},{"$i":"message-search-all","$v":"Lahat"},{"$i":"message-search-input","placeholder":"Maghanap sa Email"},{"$i":"message-search-cancel","$v":"Kanselahin"},{"$i":"messages-syncing","$v":"Nilo-load Mga Mensahe"},{"$i":"messages-syncing-progressbar","ariaValueText":"Nilo-load Mga Mensahe"},{"$i":"messages-load-more","$v":"Mag-load Pa Ng Mensahe"},{"$i":"messages-folder-empty","$v":"Walang email sa folder na ito"},{"$i":"messages-search-empty","$v":"Walang tugma sa lokal na naka-cache na mensahe"},{"$i":"messages-folder-select","$v":"Ilipat sa Folder"},{"$i":"messages-folder-unread-max","$v":"999+"},{"$i":"message-contact-menu-create","$v":"Gumawa ng Bagong Contact"},{"$i":"message-contact-menu-add-existing","$v":"Idagdag sa kasalukuyang contact"},{"$i":"message-contact-menu-view","$v":"Tingnan ang contact"},{"$i":"message-contact-menu-reply","$v":"Sagutin"},{"$i":"message-contact-menu-new","$v":"Magpadala bagong email"},{"$i":"message-reply-menu-reply","$v":"Sagutin"},{"$i":"message-reply-menu-reply-all","$v":"Sagutin Lahat"},{"$i":"message-reply-menu-forward","$v":"Ipasa"},{"$i":"message-reply-menu-cancel","$v":"Kanselahin"},{"$i":"reply-quoting-wrote","$v":"Nagsulat si {name}"},{"$i":"forward-original-message","$v":"Orihinal na mensahe"},{"$i":"forward-header-subject","$v":"Paksa"},{"$i":"forward-header-date","$v":"Petsa"},{"$i":"forward-header-from","$v":"Mula kay"},{"$i":"forward-header-reply-to","$v":"Reply-To"},{"$i":"forward-header-to","$v":"Para kay"},{"$i":"forward-header-cc","$v":"Cc"},{"$i":"folder-inbox","$v":"Inbox"},{"$i":"folder-sent","$v":"Naipadala"},{"$i":"folder-drafts","$v":"Mga draft"},{"$i":"folder-trash","$v":"Basura"},{"$i":"folder-queue","$v":"Di-napadala"},{"$i":"folder-junk","$v":"Junk"},{"$i":"folder-archives","$v":"Mga Archive"},{"$i":"folder-localdrafts","$v":"Mga Lokal na Draft"},{"$i":"folder-outbox","$v":"Outbox"},{"$i":"drawer-back","$v":"Bumalik"},{"$i":"drawer-accounts-header","$v":"Mga Account"},{"$i":"drawer-settings-link","$v":"Mga Setting"},{"$i":"folder-last-synced-label","$v":"Huling sync:"},{"$i":"messages-refresh-progress","ariaValueText":"Nire-refresh"},{"$i":"no-internet-connection","$v":"Walang koneksyon sa internet"},{"$i":"toaster-undo","$v":"I-undo"},{"$i":"toaster-message-star","$v":{"one":"Na-flag ang email.","few":[{"t":"idOrVar","v":"n"}," email ang na-flag."],"many":[{"t":"idOrVar","v":"n"}," email ang na-flag."],"other":[{"t":"idOrVar","v":"n"}," na email ang na-flag."],"two":[{"t":"idOrVar","v":"n"}," email ang na-flag."]},"$x":[{"t":"idOrVar","v":"plural"},"n"]},{"$i":"toaster-message-unstar","$v":{"one":"Inalis ang watawat ng email.","few":[{"t":"idOrVar","v":"n"}," email flag ang inalis."],"many":[{"t":"idOrVar","v":"n"}," email flag ang inalis."],"other":[{"t":"idOrVar","v":"n"}," na email flag ang inalis."],"two":[{"t":"idOrVar","v":"n"}," email flag ang inalis."]},"$x":[{"t":"idOrVar","v":"plural"},"n"]},{"$i":"toaster-message-read","$v":{"one":"Ang marka ng email bilang nabasa.","few":[{"t":"idOrVar","v":"n"}," email ang minarkahang nabasa."],"many":[{"t":"idOrVar","v":"n"}," email ang minarkahang nabasa."],"other":[{"t":"idOrVar","v":"n"}," na email ang minarkahang nabasa."],"two":[{"t":"idOrVar","v":"n"}," email ang minarkahang nabasa."]},"$x":[{"t":"idOrVar","v":"plural"},"n"]},{"$i":"toaster-message-unread","$v":{"one":"Ang email ay minarkahan bilang hindi pa nababasa.","few":[{"t":"idOrVar","v":"n"}," email ang minarkahang hindi pa nabasa."],"many":[{"t":"idOrVar","v":"n"}," email ang minarkahang hindi pa nabasa."],"other":[{"t":"idOrVar","v":"n"}," na email ang minarkahang hindi pa nabasa."],"two":[{"t":"idOrVar","v":"n"}," email ang minarkahang hindi pa nabasa."]},"$x":[{"t":"idOrVar","v":"plural"},"n"]},{"$i":"toaster-message-move","$v":{"one":"Inilipat ang email sa folder","few":[{"t":"idOrVar","v":"n"}," email ang nalipat sa folder"],"many":[{"t":"idOrVar","v":"n"}," email ang nalipat sa folder"],"other":[{"t":"idOrVar","v":"n"}," na email ang nalipat sa folder"],"two":[{"t":"idOrVar","v":"n"}," email ang nalipat sa folder"]},"$x":[{"t":"idOrVar","v":"plural"},"n"]},{"$i":"toaster-message-delete","$v":{"one":"Natanggal ang email.","few":[{"t":"idOrVar","v":"n"}," email ang na-delete."],"many":[{"t":"idOrVar","v":"n"}," email ang na-delete."],"other":[{"t":"idOrVar","v":"n"}," na email ang na-delete."],"two":[{"t":"idOrVar","v":"n"}," email ang na-delete."]},"$x":[{"t":"idOrVar","v":"plural"},"n"]},{"$i":"toaster-sync-failed","$v":"Hindi makakonekta sa server."},{"$i":"compose-invalid-addresses-title","$v":"Mga Di-wastong Address"},{"$i":"compose-invalid-addresses-description","$v":"May isa o higit pang di-wastong email address ang iyong mensahe. Pakiwasto bago ipadala."},{"$i":"background-send-pending","$v":"Walang koneksyon sa internet. Nai-save ang email sa Outbox."},{"$i":"background-send-sending","$v":"Nagpapadala …"},{"$i":"background-send-success","$v":"Napadala ang email."},{"$i":"background-send-error","$v":"Pagpapadala ng error. Nai-save ang email sa Outbox."},{"$i":"background-send-error-recipients","$v":"Error sa tatanggap. Na-save ang email sa outbox."},{"$i":"background-send-error-title","$v":"Hindi napadala ang email"},{"$i":"send-failure-recipients","$v":"Tingnan ang spelling ng mga address sa itaas. Sinabi ng iyong email server na mali ang isa o higit pa sa mga address."},{"$i":"send-failure-unknown","$v":"Hindi napadala ang mensahe."},{"$i":"form-clear-input","$v":"Alisin ang text"},{"$i":"confirm-dialog-title","$v":"Kumpirmasyon"},{"$i":"confirm-dialog-ok","$v":"OK"},{"$i":"msg-display-subject","$v":"Paksa"},{"$i":"msg-reader-display-attachments","$v":"Mga Attachment"},{"$i":"msg-reader-display-attachment","$v":"Attachment"},{"$i":"msg-reader-download-external-images","$v":["I-download ng external na imahe (",{"t":"idOrVar","v":"n"}," MB)"]},{"$i":"msg-reader-sender-header","$v":"Nagpapadala"},{"$i":"msg-reader-recipients-header","$v":"Padadalhan"},{"$i":"msg-reader-cc-header","$v":"Cc"},{"$i":"msg-reader-bcc-header","$v":"Bcc"},{"$i":"msg-reader-message-flagged","$v":"Na-flag ang mensahe"},{"$i":"msg-reader-flag-removed","$v":"Inalis ang flag"},{"$i":"external-image-downloading","$v":"Dina-download..."},{"$i":"senders-separation-sign","$v":", "},{"$i":"new-messages","$v":{"few":[{"t":"idOrVar","v":"n"}," (na) Bagong Mensahe"],"many":[{"t":"idOrVar","v":"n"}," (na) Bagong Mensahe"],"one":"1 Bagong Mensahe","other":[{"t":"idOrVar","v":"n"}," (na) Bagong Mensahe"],"two":[{"t":"idOrVar","v":"n"}," (na) Bagong Mensahe"]},"$x":[{"t":"idOrVar","v":"plural"},"n"]},{"$i":"new-emails-notify-one-account","$v":{"few":[{"t":"idOrVar","v":"n"}," (na) Bagong Email"],"many":[{"t":"idOrVar","v":"n"}," (na) Bagong Email"],"one":"1 Bagong Email","other":[{"t":"idOrVar","v":"n"}," (na) Bagong Email"],"two":[{"t":"idOrVar","v":"n"}," (na) Bagong Email"]},"$x":[{"t":"idOrVar","v":"plural"},"n"]},{"$i":"new-emails-notify-multiple-accounts","$v":{"few":[{"t":"idOrVar","v":"n"}," (na) Bagong Email (",{"t":"idOrVar","v":"accountName"},")"],"many":[{"t":"idOrVar","v":"n"}," (na) Bagong Email (",{"t":"idOrVar","v":"accountName"},")"],"one":["1 Bagong Email (",{"t":"idOrVar","v":"accountName"},")"],"other":[{"t":"idOrVar","v":"n"}," (na) Bagong Email (",{"t":"idOrVar","v":"accountName"},")"],"two":[{"t":"idOrVar","v":"n"}," (na) Bagong Email (",{"t":"idOrVar","v":"accountName"},")"]},"$x":[{"t":"idOrVar","v":"plural"},"n"]},{"$i":"new-emails-notify-multiple-accounts-body","$v":[{"t":"idOrVar","v":"from"}," “",{"t":"idOrVar","v":"subject"},"”"]},{"$i":"tng-plain-socket-warning-title","$v":"Sigurado ka ba?"},{"$i":"tng-plain-socket-warning-message","$v":"Baka makita ng ibang tao ang mga password at email mo o kontrolin ang iyong account."},{"$i":"tng-plain-socket-warning-message-options","$v":"Marami ang mga libreng email provider na nag-aalok ng mas secure at naka-encrypt na koneksyon."},{"$i":"tng-plain-socket-warning-ok","$v":"Nauunawaan ko"},{"$i":"message-reader-date-received","ariaLabel":"Natanggap"},{"$i":"sort-by-title","$v":"I-sort ayon sa"},{"$i":"sort-by-date","$v":"Petsa"},{"$i":"sort-by-from","$v":"Mula kay"},{"$i":"sort-by-to","$v":"Para kay"},{"$i":"sort-by-subject","$v":"Paksa"},{"$i":"softkey-options","$v":"Mga Opsyon"},{"$i":"opt-compose","$v":"Gumawa"},{"$i":"opt-reply","$v":"Sagutin"},{"$i":"opt-reply-all","$v":"Sagutin Lahat"},{"$i":"opt-forward","$v":"Ipasa"},{"$i":"opt-mark-read","$v":"Markahang Nabasa"},{"$i":"opt-mark-unread","$v":"Markahang Di-nabasa"},{"$i":"opt-add-flag","$v":"Magdagdag Flag"},{"$i":"opt-remove-flag","$v":"Tanggalin Flag"},{"$i":"opt-move-message","$v":"Ilipat sa Folder"},{"$i":"opt-delete-message","$v":"I-delete"},{"$i":"opt-multi-select","$v":"Pumili nang Marami"},{"$i":"opt-search","$v":"Hanapin"},{"$i":"opt-folders","$v":"Tingnan Mga Folder"},{"$i":"opt-sort","$v":"I-sort"},{"$i":"opt-sync","$v":"I-synchronize"},{"$i":"opt-account","$v":"Lumipat ng Account"},{"$i":"opt-settings","$v":"Mga Setting"},{"$i":"opt-edit","$v":"I-edit"},{"$i":"opt-cancel","$v":"Kanselahin"},{"$i":"opt-save","$v":"I-save"},{"$i":"opt-move","$v":"Ilipat"},{"$i":"opt-view","$v":"Tingnan"},{"$i":"opt-empty-trash","$v":"Tanggalin Laman Trash"},{"$i":"opt-call-number","$v":"Tumawag"},{"$i":"opt-compose-mail","$v":"Gumawa"},{"$i":"opt-open-url","$v":"Buksan"},{"$i":"select-option-on","$v":"Naka-on"},{"$i":"select-option-off","$v":"Naka-off"},{"$i":"select-option-imap-smtp","$v":"IMAP+SMTP"},{"$i":"select-option-pop3-smtp","$v":"POP3+SMTP"},{"$i":"select-option-activesync","$v":"ActiveSync"},{"$i":"toaster-switch-account","$v":"Inilipat ang email account sa:"},{"$i":"toaster-sorted-by","$v":"Ang mga email na pinagsunod-sunod ni"},{"$i":"cmp-reply","$v":"Sagutin"},{"$i":"cmp-reply-all","$v":"Sagutin Lahat"},{"$i":"cmp-forward","$v":"Ipasa Mensahe"},{"$i":"cmp-remove-attach","$v":"Inalis ang Attachment"},{"$i":"select","$v":"Pumili"},{"$i":"deselect","$v":"Alisin ang pagkakapili"},{"$i":"cancel","$v":"Kanselahin"},{"$i":"enter","$v":"Ipasok"},{"$i":"remove-attachment","$v":"Alisin ang Attachment"},{"$i":"replace-attachment","$v":"Palitan ang Attachment"},{"$i":"add-attachment","$v":"Magdagdag ng Attachment"},{"$i":"add-contact","$v":"Magdagdag ng Contact"},{"$i":"add-cc","$v":"Magdagdag ng Cc"},{"$i":"remove-cc","$v":"Alisin Cc"},{"$i":"add-bcc","$v":"Magdagdag ng Bcc"},{"$i":"remove-bcc","$v":"Alisin Bcc"},{"$i":"attachment-download","$v":"I-download"},{"$i":"attachment-share","$v":"I-share"},{"$i":"send-new-mail","$v":"Magpadala Bagong Email"},{"$i":"view-contact","$v":"Tingnan ang Contact"},{"$i":"save-new-contact","$v":"Gumawa ng Bagong Contact"},{"$i":"add-to-exsiting-contact","$v":"Idagdag sa Kasalukuyang Contact"},{"$i":"no","$v":"Hindi"},{"$i":"yes","$v":"Oo"},{"$i":"retry","$v":"Muling subukan"},{"$i":"empty","$v":"Walang laman"},{"$i":"empty-trash-confirm","$v":"Tanggalin ang laman ng trash?"},{"$i":"trash-emptied","$v":"Tinanggal ang trash"},{"$i":"next","$v":"Susunod"},{"$i":"welcome-header","$v":"Email"},{"$i":"welcome-msg","$v":"Welcome sa Email."},{"$i":"welcome-msg-setup","$v":"Pindutin ang Susunod para i-set up ang iyong email account."},{"$i":"discard","$v":"I-discard"},{"$i":"leave-this-page-warning-message","$v":"Itapon ang impormasyon?"},{"$i":"finish","$v":"Tapusin"},{"$i":"setup-done-msg","$v":"Nakapag-sign in ka. Gusto mo bang magdagdag pa ng account?"},{"$i":"save-as-draft","$v":"I-save Bilang Draft"},{"$i":"show-password","$v":"Ipakita ang Password"},{"$i":"account-label","$v":"Pangalan ng Account"},{"$i":"folders","$v":"Mga Folde"},{"$i":"security","$v":"Seguridad"},{"$i":"port-number","$v":"Port Number"},{"$i":"domain-username","$v":"Domain\\username"},{"$i":"synchronizing","$v":"Sini-sync..."},{"$i":"browse-mail","$v":"I-browse ang Email"},{"$i":"never-sync","$v":"Hindi makakapag-sync ang lokal na folder"},{"$i":"emptyDownloadFile","$v":"Hindi ma-download ang file na ito, maaaring wala itong laman"},{"$i":"sync","$v":"I-sync"},{"$i":"outbox-unsent-label","$v":{"few":[{"t":"idOrVar","v":"n"}," (na) di-napadalang mensahe sa Outbox"],"many":[{"t":"idOrVar","v":"n"}," (na) di-napadalang mensahe sa Outbox"],"one":"1 di-napadalang mensahe sa Outbox","other":[{"t":"idOrVar","v":"n"}," (na) di-napadalang mensahe sa Outbox"],"two":"2 di-napadalang mensahe sa Outbox"},"$x":[{"t":"idOrVar","v":"plural"},"n"]},{"$i":"storage-full-title","$v":"Puno ang Storage"},{"$i":"storage-full-warning","$v":"Maaari kang mag-delete ng ilang media file o mamahala ng application data para magbakante ng espasyo."},{"$i":"storage-full","$v":"Puno ang storage ng telepono."},{"$i":"storage-sdcard-full","$v":"Puno ang SD card."},{"$i":"view-address","$v":"Tingnan ang Address"},{"$i":"mail-address-title","$v":"Email address"},{"$i":"mail-address","$v":[{"t":"idOrVar","v":"address"}]},{"$i":"value-name","$v":[{"t":"idOrVar","v":"name"}]},{"$i":"account-deleted","$v":"Tinanggal ang account."},{"$i":"account-reEnable","$v":"Mayroon nang account. I-sync ang account?"},{"$i":"setup-account-usedInfo","$v":"Gagamitin ang account na ito ng mga app sa ibaba. Maaari mo itong baguhin sa Mga Setting>Account."},{"$i":"setup-account-settingsInfo","$v":"May iba’t ibang default na interval sa pag-sync ang bawat app, pakitingnan sa mga setting ng app."},{"$i":"app-calendar","$v":"Kalendaryo"},{"$i":"app-contacts","$v":"Mga contact"},{"$i":"app-email","$v":"Email"},{"$i":"sync-account-guide","$v":"I-on ang pag-sync ng account sa Mga Setting upang tingnan ang email."},{"$i":"settings-account-sync","$v":"I-sync ang account"},{"$i":"weekday-0-long","$v":"Linggo"},{"$i":"weekday-1-long","$v":"Lunes"},{"$i":"weekday-2-long","$v":"Martes"},{"$i":"weekday-3-long","$v":"Miyerkules"},{"$i":"weekday-4-long","$v":"Huwebes"},{"$i":"weekday-5-long","$v":"Biyernes"},{"$i":"weekday-6-long","$v":"Sabado"},{"$i":"weekday-0-short","$v":"Lin"},{"$i":"weekday-1-short","$v":"Lun"},{"$i":"weekday-2-short","$v":"Mar"},{"$i":"weekday-3-short","$v":"Miy"},{"$i":"weekday-4-short","$v":"Hwe"},{"$i":"weekday-5-short","$v":"Biy"},{"$i":"weekday-6-short","$v":"Sab"},{"$i":"month-0-long","$v":"Enero"},{"$i":"month-1-long","$v":"Pebrero"},{"$i":"month-2-long","$v":"Marso"},{"$i":"month-3-long","$v":"Abril"},{"$i":"month-4-long","$v":"Mayo"},{"$i":"month-5-long","$v":"Hunyo"},{"$i":"month-6-long","$v":"Hulyo"},{"$i":"month-7-long","$v":"Agosto"},{"$i":"month-8-long","$v":"Setyembre"},{"$i":"month-9-long","$v":"Oktubre"},{"$i":"month-10-long","$v":"Nobyembre"},{"$i":"month-11-long","$v":"Disyembre"},{"$i":"month-0-genitive","$v":"Enero"},{"$i":"month-1-genitive","$v":"Pebrero"},{"$i":"month-2-genitive","$v":"Marso"},{"$i":"month-3-genitive","$v":"Abril"},{"$i":"month-4-genitive","$v":"Mayo"},{"$i":"month-5-genitive","$v":"Hunyo"},{"$i":"month-6-genitive","$v":"Hulyo"},{"$i":"month-7-genitive","$v":"Agosto"},{"$i":"month-8-genitive","$v":"Setyembre"},{"$i":"month-9-genitive","$v":"Oktubre"},{"$i":"month-10-genitive","$v":"Nobyembre"},{"$i":"month-11-genitive","$v":"Disyembre"},{"$i":"month-0-short","$v":"Ene"},{"$i":"month-1-short","$v":"Peb"},{"$i":"month-2-short","$v":"Mar"},{"$i":"month-3-short","$v":"Abr"},{"$i":"month-4-short","$v":"Mayo"},{"$i":"month-5-short","$v":"Hun"},{"$i":"month-6-short","$v":"Hul"},{"$i":"month-7-short","$v":"Ago"},{"$i":"month-8-short","$v":"Set"},{"$i":"month-9-short","$v":"Okt"},{"$i":"month-10-short","$v":"Nob"},{"$i":"month-11-short","$v":"Dis"},{"$i":"minutes-ago-long","$v":{"few":[{"t":"idOrVar","v":"value"}," (na) minuto ang nakalipas"],"many":[{"t":"idOrVar","v":"value"}," (na) minuto ang nakalipas"],"other":[{"t":"idOrVar","v":"value"}," (na) minuto ang nakalipas"],"two":[{"t":"idOrVar","v":"value"}," (na) minuto ang nakalipas"],"one":"isang minuto ang nakalipas","zero":"ngayon lang"},"$x":[{"t":"idOrVar","v":"plural"},"value"]},{"$i":"hours-ago-long","$v":{"few":[{"t":"idOrVar","v":"value"}," (na) oras ang nakalipas"],"many":[{"t":"idOrVar","v":"value"}," (na) oras ang nakalipas"],"other":[{"t":"idOrVar","v":"value"}," (na) oras ang nakalipas"],"two":[{"t":"idOrVar","v":"value"}," (na) oras ang nakalipas"],"one":"1 Oras Ago","zero":"ngayon lang"},"$x":[{"t":"idOrVar","v":"plural"},"value"]},{"$i":"days-ago-long","$v":{"few":[{"t":"idOrVar","v":"value"}," (na) araw ang nakalipas"],"many":[{"t":"idOrVar","v":"value"}," (na) araw ang nakalipas"],"one":"kahapon","other":[{"t":"idOrVar","v":"value"}," (na) araw ang nakalipas"],"two":[{"t":"idOrVar","v":"value"}," (na) araw ang nakalipas"],"zero":"ngayon"},"$x":[{"t":"idOrVar","v":"plural"},"value"]},{"$i":"weeks-ago-long","$v":{"few":[{"t":"idOrVar","v":"value"}," (na) linggo ang nakalipas"],"many":[{"t":"idOrVar","v":"value"}," (na) linggo ang nakalipas"],"one":"nakaraang linggo","other":[{"t":"idOrVar","v":"value"}," (na) linggo ang nakalipas"],"two":[{"t":"idOrVar","v":"value"}," (na) linggo ang nakalipas"],"zero":"ngayong linggo"},"$x":[{"t":"idOrVar","v":"plural"},"value"]},{"$i":"months-ago-long","$v":{"few":[{"t":"idOrVar","v":"value"}," (na) buwan ang nakalipas"],"many":[{"t":"idOrVar","v":"value"}," (na) buwan ang nakalipas"],"one":"nakaraang buwan","other":[{"t":"idOrVar","v":"value"}," (na) buwan ang nakalipas"],"two":[{"t":"idOrVar","v":"value"}," (na) buwan ang nakalipas"],"zero":"ngayong buwan"},"$x":[{"t":"idOrVar","v":"plural"},"value"]},{"$i":"years-ago-long","$v":{"few":[{"t":"idOrVar","v":"value"}," (na) taon ang nakalipas"],"many":[{"t":"idOrVar","v":"value"}," (na) taon ang nakalipas"],"one":"nakaraang taon","other":[{"t":"idOrVar","v":"value"}," (na) taon ang nakalipas"],"two":[{"t":"idOrVar","v":"value"}," (na) taon ang nakalipas"],"zero":"ngayong taon"},"$x":[{"t":"idOrVar","v":"plural"},"value"]},{"$i":"minutes-until-long","$v":{"few":["sa loob ng ",{"t":"idOrVar","v":"value"}," (na) minuto"],"many":["sa loob ng ",{"t":"idOrVar","v":"value"}," (na) minuto"],"other":["sa loob ng ",{"t":"idOrVar","v":"value"}," (na) minuto"],"two":["sa loob ng ",{"t":"idOrVar","v":"value"}," (na) minuto"],"zero":"ngayon","one":"sa 1 minuto"},"$x":[{"t":"idOrVar","v":"plural"},"value"]},{"$i":"hours-until-long","$v":{"few":["sa loob ng ",{"t":"idOrVar","v":"value"}," (na) oras"],"many":["sa loob ng ",{"t":"idOrVar","v":"value"}," (na) oras"],"other":["sa loob ng ",{"t":"idOrVar","v":"value"}," (na) oras"],"two":["sa loob ng ",{"t":"idOrVar","v":"value"}," (na) oras"],"zero":"ngayon","one":"sa 1 oras"},"$x":[{"t":"idOrVar","v":"plural"},"value"]},{"$i":"days-until-long","$v":{"few":["sa loob ng ",{"t":"idOrVar","v":"value"}," (na) araw"],"many":["sa loob ng ",{"t":"idOrVar","v":"value"}," (na) araw"],"one":"bukas","other":["sa loob ng ",{"t":"idOrVar","v":"value"}," (na) araw"],"two":["sa loob ng ",{"t":"idOrVar","v":"value"}," (na) araw"],"zero":"ngayon"},"$x":[{"t":"idOrVar","v":"plural"},"value"]},{"$i":"weeks-until-long","$v":{"few":["sa loob ng ",{"t":"idOrVar","v":"value"}," (na) linggo"],"many":["sa loob ng ",{"t":"idOrVar","v":"value"}," (na) linggo"],"one":"susunod na linggo","other":["sa loob ng ",{"t":"idOrVar","v":"value"}," (na) linggo"],"two":["sa loob ng ",{"t":"idOrVar","v":"value"}," (na) linggo"],"zero":"ngayong linggo"},"$x":[{"t":"idOrVar","v":"plural"},"value"]},{"$i":"months-until-long","$v":{"few":["sa loob ng ",{"t":"idOrVar","v":"value"}," (na) buwan"],"many":["sa loob ng ",{"t":"idOrVar","v":"value"}," (na) buwan"],"one":"susunod na buwan","other":["sa loob ng ",{"t":"idOrVar","v":"value"}," (na) buwan"],"two":["sa loob ng ",{"t":"idOrVar","v":"value"}," (na) buwan"],"zero":"ngayong buwan"},"$x":[{"t":"idOrVar","v":"plural"},"value"]},{"$i":"years-until-long","$v":{"few":["sa loob ng ",{"t":"idOrVar","v":"value"}," (na) taon"],"many":["sa loob ng ",{"t":"idOrVar","v":"value"}," (na) taon"],"one":"susunod na taon","other":["sa loob ng ",{"t":"idOrVar","v":"value"}," (na) taon"],"two":["sa loob ng ",{"t":"idOrVar","v":"value"}," (na) taon"],"zero":"ngayong taon"},"$x":[{"t":"idOrVar","v":"plural"},"value"]},{"$i":"minutes-ago-short","$v":{"other":[{"t":"idOrVar","v":"value"},"m ang nakalipas"],"zero":"ngayon lang"},"$x":[{"t":"idOrVar","v":"plural"},"value"]},{"$i":"hours-ago-short","$v":{"other":[{"t":"idOrVar","v":"value"},"h ang nakalipas"],"zero":"ngayon lang"},"$x":[{"t":"idOrVar","v":"plural"},"value"]},{"$i":"days-ago-short","$v":{"other":[{"t":"idOrVar","v":"value"},"d ang nakalipas"],"zero":"ngayon"},"$x":[{"t":"idOrVar","v":"plural"},"value"]},{"$i":"minutes-until-short","$v":{"other":["sa loob ng ",{"t":"idOrVar","v":"value"},"m"],"zero":"ngayon"},"$x":[{"t":"idOrVar","v":"plural"},"value"]},{"$i":"hours-until-short","$v":{"other":["sa loob ng ",{"t":"idOrVar","v":"value"},"o"],"zero":"ngayon"},"$x":[{"t":"idOrVar","v":"plural"},"value"]},{"$i":"days-until-short","$v":{"other":["sa loob ng ",{"t":"idOrVar","v":"value"},"a"],"zero":"ngayon"},"$x":[{"t":"idOrVar","v":"plural"},"value"]},{"$i":"incorrectDate","$v":"(mali ang petsa)"},{"$i":"dateTimeFormat_%c","$v":"%a %b %e %Y %I:%M:%S %p"},{"$i":"dateTimeFormat_%x","$v":"%m/%d/%Y"},{"$i":"dateTimeFormat_%X","$v":"%I:%M:%S %p"},{"$i":"shortTimeFormat","$v":"%I:%M %p"},{"$i":"shortTimeFormat12","$v":"%I:%M %p"},{"$i":"shortTimeFormat24","$v":"%H:%M"},{"$i":"shortDateTimeFormat","$v":"%x %I:%M %p"},{"$i":"weekStartsOnMonday","$v":"0.0"},{"$i":"firstDayOfTheWeek","$v":"0.0"},{"$i":"time_am","$v":"AM"},{"$i":"time_pm","$v":"PM"}]