[{"$i":"setup-app-name-header","$v":"Courriel"},{"$i":"setup-empty-account-message","$v":"Votre appareil n'est pas configuré pour envoyer ou recevoir des courriels. Configurez un compte pour effectuer cette action."},{"$i":"setup-pick-service","$v":"Pour recevoir et envoyer des courriels, vous devez d'abord configurer un compte."},{"$i":"setup-account-header3","$v":"Connexion au compte"},{"$i":"setup-account-password","$v":"Mot de passe"},{"$i":"setup-info-next","$v":"Suivant"},{"$i":"setup-progress-wait-msg","$v":"Configuration du compte"},{"$i":"setup-sync-progress-wait-msg","$v":"Synchronisation du compte"},{"$i":"setup-completed-header","$v":"Félicitations!"},{"$i":"setup-completed-label","$v":"C'est terminé!"},{"$i":"setup-add-another-account","$v":"Ajouter un autre compte"},{"$i":"setup-show-mail","$v":"Poursuivre vers le courriel"},{"$i":"setup-done-add","$v":"Configuration manuelle"},{"$i":"setup-error-offline","$v":"Aucune connexion Internet."},{"$i":"setup-error-bad-user-or-pass2","$v":"Adresse courriel ou mot de passe incorrect."},{"$i":"setup-error-bad-address","$v":"Adresse courriel incorrecte."},{"$i":"setup-error-not-authorized","$v":"Non autorisé à créer un compte."},{"$i":"setup-error-pop-server-not-great","$v":"Le serveur POP3 ne prend pas en charge les fonctionnalités requises."},{"$i":"setup-error-unknown2","$v":"Une erreur inconnue s'est produite. Vérifiez la connexion au réseau ou essayez l’option de configuration manuelle."},{"$i":"setup-error-needs-app-pass","$v":"Vous devez utiliser un mot de passe d'application pour un compte Gmail à deux facteurs."},{"$i":"setup-error-imap-disabled","$v":"Vous devez activer IMAP pour votre compte Gmail."},{"$i":"setup-error-pop3-disabled","$v":"Vous devez activer POP3 pour votre compte Gmail."},{"$i":"setup-error-bad-security","$v":["Échec de connexion sécurisée à \"",{"t":"idOrVar","v":"server"},"\". Il pourrait y avoir un problème de réseau ou de serveur."]},{"$i":"setup-error-unresponsive-server","$v":["Échec de connexion à \"",{"t":"idOrVar","v":"server"},"\". Il pourrait y avoir un problème de réseau."]},{"$i":"setup-error-server-problem","$v":["Un problème s'est produit avec le serveur « ",{"t":"idOrVar","v":"server"}," ». Réessayez plus tard."]},{"$i":"setup-error-no-config-info","$v":"Échec de la configuration. Vérifiez l'adresse de courriel ou essayez la configuration manuelle."},{"$i":"setup-error-server-maintenance","$v":["Le serveur « ",{"t":"idOrVar","v":"server"}," » est hors ligne pour l'entretien. Réessayez plus tard."]},{"$i":"setup-error-account-already-exists","$v":"Ce compte existe déjà."},{"$i":"setup-manual-config2","$v":"Avancé"},{"$i":"setup-manual-config-header","$v":"Connexion au compte"},{"$i":"setup-manual-account-type-header","$v":"Type de compte"},{"$i":"setup-manual-account-type","$v":"Type de compte"},{"$i":"setup-manual-account-type-select","ariaLabel":"Type de compte"},{"$i":"setup-manual-imap-header","$v":"Réglages de l'IMAP"},{"$i":"setup-manual-pop3-header","$v":"Réglages du POP3"},{"$i":"setup-manual-smtp-header","$v":"Réglages du SMTP"},{"$i":"setup-manual-activesync-header","$v":"Réglages de l'ActiveSync"},{"$i":"setup-manual-next","$v":"Suivant"},{"$i":"setup-manual-socket","$v":"Type de port"},{"$i":"setup-manual-socket-ssl","$v":"SSL"},{"$i":"setup-manual-socket-starttls","$v":"STARTTLS"},{"$i":"setup-manual-socket-select","ariaLabel":"Sécurité de la connexion"},{"$i":"setup-manual-socket-plain","$v":"Décodé"},{"$i":"setup-bad-password-header","$v":"Mot de passe erroné"},{"$i":"setup-bad-password","$v":"Échec de connexion au serveur; vérifiez votre mot de passe."},{"$i":"setup-new-password","placeholder":"Nouveau mot de passe"},{"$i":"setup-fix-password","$v":"Réessayez avec un nouveau mot de passe."},{"$i":"setup-gmail-twofactor-header","$v":"Les deux facteurs activés"},{"$i":"setup-gmail-twofactor-message","$v":"Vous devez saisir le mot de passe spécifique à l'application ci-dessous."},{"$i":"setup-gmail-imap-header","$v":"IMAP désactivé"},{"$i":"setup-gmail-imap-message","$v":"Vous devez activer IMAP de votre compte Gmail."},{"$i":"setup-gmail-retry","$v":"Réessayer"},{"$i":"setup-gmail-pop3-header","$v":"POP2 désactivé"},{"$i":"setup-gmail-pop3-message","$v":"Vous devez activer POP3 de votre compte Gmail."},{"$i":"setup-fix-oauth2-header","$v":"Réautoriser le courriel"},{"$i":"setup-fix-oauth2-description","$v":"Le courriel doit être réautorisé pour accéder au compte suivant :"},{"$i":"setup-fix-oauth2-reauthorize","$v":"Réautoriser"},{"$i":"settings-main-header","$v":"Réglages du courriel"},{"$i":"settings-sub-header-account","$v":"Gestionnaire de compte"},{"$i":"settings-account-group","ariaLabel":"Gestionnaire de compte"},{"$i":"settings-account-name","$v":"Votre nom"},{"$i":"settings-account-label","$v":"Nom du compte :"},{"$i":"settings-account-display-notifications","$v":"Afficher les notifications de nouveaux courriels"},{"$i":"settings-account-play-sound-onsend","$v":"Émettre un son après l'envoi du message"},{"$i":"settings-account-signature-label","$v":"Signature"},{"$i":"settings-sub-header-data","$v":"Données"},{"$i":"settings-data-group","ariaLabel":"Données"},{"$i":"settings-account-check-mail","$v":"Vérifier les nouveaux messages"},{"$i":"settings-account-check-mail-select","ariaLabel":"Vérifier pour de nouveaux messages"},{"$i":"settings-sub-header-server","$v":"Réglages du serveur"},{"$i":"settings-server-group","ariaLabel":"Réglages du serveur"},{"$i":"settings-account-userpass","$v":"Nom d'utilisateur et mot de passe"},{"$i":"settings-account-useroauth2","$v":"Nom d'utilisateur"},{"$i":"settings-default-signature-2","$v":"Envoyé de mon téléphone"},{"$i":"settings-done","$v":"Terminé"},{"$i":"settings-account-section","$v":"Comptes"},{"$i":"settings-account-listbox","ariaLabel":"Comptes"},{"$i":"settings-account-add","$v":"Ajouter"},{"$i":"settings-account-delete","$v":"Supprimer le compte"},{"$i":"settings-account-delete-prompt","$v":"Si vous supprimez ce compte, les applications qui utilisent ce compte seront aussi affectées."},{"$i":"settings-account-delete-desc","$v":"Vous devrez télécharger de nouveau votre courriel si vous recréez le compte."},{"$i":"settings-account-delete-cancel","$v":"Annuler"},{"$i":"settings-account-delete-confirm","$v":"Supprimer"},{"$i":"settings-account-clarify","$v":[{"t":"idOrVar","v":"account-name"}]},{"$i":"settings-account-clarify-imap","$v":[{"t":"idOrVar","v":"account-name"}," (IMAP)"]},{"$i":"settings-account-clarify-pop3","$v":[{"t":"idOrVar","v":"account-name"}," (POP3)"]},{"$i":"settings-account-clarify-smtp","$v":[{"t":"idOrVar","v":"account-name"}," (SMTP)"]},{"$i":"settings-general-section","$v":"Réglages généraux"},{"$i":"settings-show-images","$v":"Toujours afficher les images."},{"$i":"settings-download-attachments","$v":"Télécharger les pièces jointes"},{"$i":"settings-check-every-5min","$v":"Toutes les 5 minutes"},{"$i":"settings-check-every-10min","$v":"Toutes les 10 minutes"},{"$i":"settings-check-every-15min","$v":"Chaque 15 minutes"},{"$i":"settings-check-every-30min","$v":"Chaque 30 minutes"},{"$i":"settings-check-every-60min","$v":"Chaque heure"},{"$i":"settings-check-every-manual","$v":"Manuellement"},{"$i":"settings-check-dynamic","$v":{"few":[{"t":"idOrVar","v":"n"}," secondes"],"many":[{"t":"idOrVar","v":"n"}," secondes"],"one":[{"t":"idOrVar","v":"n"}," seconde"],"other":[{"t":"idOrVar","v":"n"}," secondes"],"two":[{"t":"idOrVar","v":"n"}," secondes"],"zero":"désactivé"},"$x":[{"t":"idOrVar","v":"plural"},"n"]},{"$i":"settings-default-account","$v":"Régler comme courriel par défaut"},{"$i":"settings-account-type","$v":"Type de compte"},{"$i":"settings-account-credentials","$v":"Identifiants"},{"$i":"settings-activesync-label","$v":"Information sur les paramètres ActiveSync "},{"$i":"settings-imap-label","$v":"Information sur les paramètres IMAP"},{"$i":"settings-pop3-label","$v":"Information sur les paramètres POP3"},{"$i":"settings-smtp-label","$v":"Information sur les paramètres SMTP"},{"$i":"settings-hostname","$v":"Nom de l'hôte"},{"$i":"settings-port","$v":"Port"},{"$i":"settings-username","$v":"Nom d'utilisateur"},{"$i":"settings-password","$v":"Mot de passe"},{"$i":"settings-save","$v":"Enregistrer"},{"$i":"password-saved","$v":"Mot de passe enregistré."},{"$i":"settings-reauth","$v":"Réautoriser"},{"$i":"settings-account-synchronize-window","$v":"Jours avant la synchronisation"},{"$i":"settings-account-synchronize-window-select","ariaLabel":"Jours avant la synchronisation"},{"$i":"settings-synchronize-auto","$v":"Automatique"},{"$i":"settings-synchronize-one-day","$v":"1 jour"},{"$i":"settings-synchronize-three-days","$v":"3 jours"},{"$i":"settings-synchronize-one-week","$v":"1 semaine"},{"$i":"settings-synchronize-two-weeks","$v":"2 semaines"},{"$i":"settings-synchronize-one-month","$v":"1 mois"},{"$i":"settings-synchronize-all","$v":"Tous les messages"},{"$i":"envelope-from","$v":"DE"},{"$i":"envelope-to","$v":"À"},{"$i":"envelope-cc","$v":"Cc"},{"$i":"envelope-bcc","$v":"Bcc"},{"$i":"message-header-state-sending","ariaLabel":"Envoi"},{"$i":"message-header-state-error","ariaLabel":"Erreur d'envoi"},{"$i":"message-header-unread","ariaLabel":"Non lu"},{"$i":"message-header-reply","ariaLabel":"Répondre"},{"$i":"message-header-forward","ariaLabel":"Avant"},{"$i":"message-header-starred","ariaLabel":"Possède une étoile"},{"$i":"message-header-attachments","ariaLabel":"Possède des pièces jointes"},{"$i":"message-body-container","ariaLabel":"Corps de message"},{"$i":"message-body-container-progress","ariaValueText":"Chargement"},{"$i":"subject","ariaLabel":"Objet"},{"$i":"attachments-container","ariaLabel":"Pièces jointes"},{"$i":"from-group","ariaLabel":"DE"},{"$i":"to-group","ariaLabel":"À"},{"$i":"cc-group","ariaLabel":"cc"},{"$i":"bcc-group","ariaLabel":"bcc"},{"$i":"compose-header","$v":"Composer le message"},{"$i":"compose-header-short","$v":"Composer"},{"$i":"compose-send","$v":"Envoyer"},{"$i":"compose-send-button","ariaLabel":"Envoyer"},{"$i":"compose-to","$v":"À"},{"$i":"compose-cc","$v":"Cc"},{"$i":"compose-bcc","$v":"Bcc"},{"$i":"compose-cc-remove","$v":"Liste Cc supprimée."},{"$i":"compose-bcc-remove","$v":"Liste Cci supprimée."},{"$i":"compose-contact-add","ariaLabel":"Ajouter le contact"},{"$i":"compose-attachments","$v":{"few":["Pièces jointes (",{"t":"idOrVar","v":"n"},")"],"many":["Pièces jointes (",{"t":"idOrVar","v":"n"},")"],"one":["Pièces jointes (",{"t":"idOrVar","v":"n"},")"],"other":["Pièces jointes (",{"t":"idOrVar","v":"n"},")"],"two":["Pièces jointes (",{"t":"idOrVar","v":"n"},")"],"zero":"Pièces jointes"},"$x":[{"t":"idOrVar","v":"plural"},"n"]},{"$i":"compose-text","ariaLabel":"Modifier"},{"$i":"compose-attachment-still-working","$v":"Un moment, encore occupé avec la pièce jointe précédente..."},{"$i":"compose-attachment-loading","$v":"Chargement de la pièce jointe..."},{"$i":"compose-attachments-loading","$v":"Chargement des pièces jointes..."},{"$i":"compose-forward-attachment-error-title","$v":"Échec du téléchargement"},{"$i":"compose-forward-attachment-error-title2","$v":"Erreur"},{"$i":"compose-forward-attachment-unable-load","$v":"Échec de chargement de la pièce jointe."},{"$i":"compose-forward-attachments-unable-load","$v":"Échec de chargement des pièces jointes."},{"$i":"compose-forward-attachment-load-error","$v":"Certaines pièces jointes n'ont pas pu être chargées."},{"$i":"confirmation-title","$v":"Confirmation"},{"$i":"compose-subject","$v":"Objet"},{"$i":"compose-draft-save","$v":"Enregistrer dans les brouillons locaux?"},{"$i":"compose-discard-confirm","$v":"Ignorer"},{"$i":"compose-draft-dialog-cancel","$v":"Annuler"},{"$i":"compose-draft-dialog-save","$v":"Enregistrer"},{"$i":"composer-draft-saved","$v":"Brouillon enregistré."},{"$i":"attention","$v":"Attention"},{"$i":"compose-send-message-failed","$v":"Échec de l'envoi du courriel"},{"$i":"compose-attchment-size-exceeded","$v":"Pièce jointe trop grande pour l'envoi avec le message."},{"$i":"compose-attchments-size-exceeded","$v":"Pièces jointes trop grandes pour l'envoi avec le message."},{"$i":"composer-attachment-large-title","$v":"Taille de fichier trop grande"},{"$i":"default-attachment-filename","$v":["Pièce jointe ",{"t":"idOrVar","v":"n"}]},{"$i":"attachment-size-meb","$v":[{"t":"idOrVar","v":"megabytes"}," Mo"]},{"$i":"attachment-size-kib","$v":[{"t":"idOrVar","v":"kilobytes"}," Ko"]},{"$i":"attachment-size-byte","$v":[{"t":"idOrVar","v":"bytes"}," o"]},{"$i":"message-attachment-view","$v":"Visionner"},{"$i":"message-attachment-did-not-open-label","$v":"Ne peut pas ouvrir"},{"$i":"message-attachment-did-not-open-body","$v":"L'appareil ne contient pas d'application qui peut ouvrir la pièce jointe."},{"$i":"message-attachment-too-large","$v":"Ce fichier est trop volumineux pour le téléchargement."},{"$i":"message-attachment-not-found","$v":"Fichier joint non trouvé, télécharger de nouveau?"},{"$i":"message-attachment-download-fail","$v":[{"t":"idOrVar","v":"fileName"}," : échec du téléchargement."]},{"$i":"message-no-subject","$v":"(sans sujet)"},{"$i":"message-edit-menu-edit","$v":"Modifier"},{"$i":"message-edit-menu-delete","$v":"Supprimer"},{"$i":"message-edit-delete-confirm","$v":"Supprimer le message électronique?"},{"$i":"message-forward-attachment-title","$v":"Pièces jointes"},{"$i":"message-forward-attachment","$v":"Transférer aussi la pièce jointe?"},{"$i":"message-forward-attachments","$v":"Transférer aussi les pièces jointes?"},{"$i":"message-multiedit-header","$v":{"few":[{"t":"idOrVar","v":"n"}," sélectionné"],"many":[{"t":"idOrVar","v":"n"}," sélectionné"],"one":[{"t":"idOrVar","v":"n"}," sélectionné"],"other":[{"t":"idOrVar","v":"n"}," sélectionné"],"two":[{"t":"idOrVar","v":"n"}," sélectionné"],"zero":[{"t":"idOrVar","v":"n"}," sélectionné"]},"$x":[{"t":"idOrVar","v":"plural"},"n"]},{"$i":"message-multiedit-search-header","$v":{"few":[{"t":"idOrVar","v":"n"}," sélectionné"],"many":[{"t":"idOrVar","v":"n"}," sélectionné"],"one":[{"t":"idOrVar","v":"n"}," sélectionné"],"other":[{"t":"idOrVar","v":"n"}," sélectionné"],"two":[{"t":"idOrVar","v":"n"}," sélectionné"],"zero":"0 sélectionné"},"$x":[{"t":"idOrVar","v":"plural"},"n"]},{"$i":"browse-to-url-prompt","$v":["Naviguer vers URL? : ",{"t":"idOrVar","v":"url"}]},{"$i":"message-download-images-tap","$v":{"few":["Ce courriel contient ",{"t":"idOrVar","v":"n"}," images. Toucher pour télécharger."],"many":["Ce courriel contient ",{"t":"idOrVar","v":"n"}," images. Toucher pour télécharger."],"one":"Ce courriel contient une image. Toucher pour télécharger.","other":["Ce courriel contient ",{"t":"idOrVar","v":"n"}," images. Toucher pour télécharger."],"two":["Ce courriel contient ",{"t":"idOrVar","v":"n"}," images. Toucher pour télécharger."]},"$x":[{"t":"idOrVar","v":"plural"},"n"]},{"$i":"message-show-external-images","$v":"Afficher les images externes"},{"$i":"message-delete-cancel","$v":"Annuler"},{"$i":"message-multiedit-delete-confirm","$v":{"few":["Supprimer ",{"t":"idOrVar","v":"n"}," messages?"],"many":["Supprimer ",{"t":"idOrVar","v":"n"}," messages?"],"one":"Supprimer le message sélectionné?","other":["Supprimer ",{"t":"idOrVar","v":"n"}," messages?"],"two":["Supprimer ",{"t":"idOrVar","v":"n"}," messages?"]},"$x":[{"t":"idOrVar","v":"plural"},"n"]},{"$i":"message-large-message-cancel","$v":"Annuler"},{"$i":"message-large-message-ok","$v":"Poursuivre"},{"$i":"message-large-message-confirm","$v":"Ce message est volumineux et son téléchargement prendra un certain temps."},{"$i":"message-large-message-warning","$v":"Le message ne peut pas être chargé car sa taille est trop grande."},{"$i":"message-search-header","$v":"Chercher"},{"$i":"search-result","$v":["Courriels (",{"t":"idOrVar","v":"num"},")"]},{"$i":"message-search-from","$v":"DE"},{"$i":"message-search-to","$v":"À"},{"$i":"message-search-subject","$v":"Objet"},{"$i":"message-search-body","$v":"Corps"},{"$i":"message-search-all","$v":"Tout"},{"$i":"message-search-input","placeholder":"Rechercher le courriel"},{"$i":"message-search-cancel","$v":"Annuler"},{"$i":"messages-syncing","$v":"Chargement des messages"},{"$i":"messages-syncing-progressbar","ariaValueText":"Chargement des messages"},{"$i":"messages-load-more","$v":"Charger plus de messages"},{"$i":"messages-folder-empty","$v":"Aucun courriel dans ce dossier"},{"$i":"messages-search-empty","$v":"Aucune correspondance dans les messages caches locaux."},{"$i":"messages-folder-select","$v":"Déplacer vers le dossier"},{"$i":"messages-folder-unread-max","$v":"999+"},{"$i":"message-contact-menu-create","$v":"Créer un nouveau contact"},{"$i":"message-contact-menu-add-existing","$v":"Ajouter au contact existant"},{"$i":"message-contact-menu-view","$v":"Visualiser le contact"},{"$i":"message-contact-menu-reply","$v":"Répondre"},{"$i":"message-contact-menu-new","$v":"Envoyer un nouveau courriel"},{"$i":"message-reply-menu-reply","$v":"Répondre"},{"$i":"message-reply-menu-reply-all","$v":"Répondre à tous"},{"$i":"message-reply-menu-forward","$v":"Avant"},{"$i":"message-reply-menu-cancel","$v":"Annuler"},{"$i":"reply-quoting-wrote","$v":"{name} écrit"},{"$i":"forward-original-message","$v":"Message original"},{"$i":"forward-header-subject","$v":"Objet"},{"$i":"forward-header-date","$v":"Date"},{"$i":"forward-header-from","$v":"DE"},{"$i":"forward-header-reply-to","$v":"Répondre-à"},{"$i":"forward-header-to","$v":"À"},{"$i":"forward-header-cc","$v":"Cc"},{"$i":"folder-inbox","$v":"Boîtes de réception"},{"$i":"folder-sent","$v":"Envoyé"},{"$i":"folder-drafts","$v":"Brouillons"},{"$i":"folder-trash","$v":"Corbeille"},{"$i":"folder-queue","$v":"Non envoyé"},{"$i":"folder-junk","$v":"Déchets"},{"$i":"folder-archives","$v":"Archives"},{"$i":"folder-localdrafts","$v":"Brouillons locaux"},{"$i":"folder-outbox","$v":"Boîte d'envoi"},{"$i":"drawer-back","$v":"Arrière"},{"$i":"drawer-accounts-header","$v":"Comptes"},{"$i":"drawer-settings-link","$v":"Réglages"},{"$i":"folder-last-synced-label","$v":"Dernière synchronisation :"},{"$i":"messages-refresh-progress","ariaValueText":"Actualisation"},{"$i":"no-internet-connection","$v":"Aucune connexion Internet."},{"$i":"toaster-undo","$v":"Annuler une commande"},{"$i":"toaster-message-star","$v":{"one":"Marque de message ajoutée.","few":[{"t":"idOrVar","v":"n"}," messages marqués."],"many":[{"t":"idOrVar","v":"n"}," messages marqués."],"other":[{"t":"idOrVar","v":"n"}," messages marqués."],"two":[{"t":"idOrVar","v":"n"}," messages marqués."]},"$x":[{"t":"idOrVar","v":"plural"},"n"]},{"$i":"toaster-message-unstar","$v":{"one":"Marque de message retirée.","few":[{"t":"idOrVar","v":"n"}," marques de message retirées."],"many":[{"t":"idOrVar","v":"n"}," marques de message retirées."],"other":[{"t":"idOrVar","v":"n"}," marques de message retirées."],"two":[{"t":"idOrVar","v":"n"}," marques de message retirées."]},"$x":[{"t":"idOrVar","v":"plural"},"n"]},{"$i":"toaster-message-read","$v":{"one":"Marqué comme lu.","few":[{"t":"idOrVar","v":"n"}," messages marqués comme lus."],"many":[{"t":"idOrVar","v":"n"}," messages marqués comme lus."],"other":[{"t":"idOrVar","v":"n"}," messages marqués comme lus."],"two":[{"t":"idOrVar","v":"n"}," messages marqués comme lus."]},"$x":[{"t":"idOrVar","v":"plural"},"n"]},{"$i":"toaster-message-unread","$v":{"one":"Marqué comme non lu.","few":[{"t":"idOrVar","v":"n"}," messages marqués comme non lus."],"many":[{"t":"idOrVar","v":"n"}," messages marqués comme non lus."],"other":[{"t":"idOrVar","v":"n"}," messages marqués comme non lus."],"two":[{"t":"idOrVar","v":"n"}," messages marqués comme non lus."]},"$x":[{"t":"idOrVar","v":"plural"},"n"]},{"$i":"toaster-message-move","$v":{"one":"Message déplacé vers le dossier :","few":[{"t":"idOrVar","v":"n"}," messages déplacés vers le dossier :"],"many":[{"t":"idOrVar","v":"n"}," messages déplacés vers le dossier :"],"other":[{"t":"idOrVar","v":"n"}," messages déplacés vers le dossier :"],"two":[{"t":"idOrVar","v":"n"}," messages déplacés vers le dossier :"]},"$x":[{"t":"idOrVar","v":"plural"},"n"]},{"$i":"toaster-message-delete","$v":{"one":"1 courriel supprimé.","few":[{"t":"idOrVar","v":"n"}," courriels supprimés."],"many":[{"t":"idOrVar","v":"n"}," courriels supprimés."],"other":[{"t":"idOrVar","v":"n"}," courriels supprimés."],"two":[{"t":"idOrVar","v":"n"}," courriels supprimés."]},"$x":[{"t":"idOrVar","v":"plural"},"n"]},{"$i":"toaster-sync-failed","$v":"Échec de connexion au serveur."},{"$i":"compose-invalid-addresses-title","$v":"Adresses invalides"},{"$i":"compose-invalid-addresses-description","$v":"Votre message comporte une ou plusieurs adresses électroniques invalides. Veuillez les corriger avant d'envoyer."},{"$i":"background-send-pending","$v":"Aucune connexion Internet. Courriel enregistré dans la boîte d'envoi."},{"$i":"background-send-sending","$v":"Envoi en cours..."},{"$i":"background-send-success","$v":"Courriel envoyé."},{"$i":"background-send-error","$v":"Une erreur s'est produite. Courriel enregistré dans la boîte d'envoi."},{"$i":"background-send-error-recipients","$v":"Erreur de destinataire. Courriel enregistré dans la boîte d'envoi."},{"$i":"background-send-error-title","$v":"Échec d'envoi du courriel"},{"$i":"send-failure-recipients","$v":"Vérifiez l'orthographe des adresses ci-dessus. Votre serveur de courriel indique qu'une ou plusieurs des adresses ci-dessus sont erronées."},{"$i":"send-failure-unknown","$v":"Le message n'a pas été envoyé."},{"$i":"form-clear-input","$v":"Retirer le texte"},{"$i":"confirm-dialog-title","$v":"Confirmation"},{"$i":"confirm-dialog-ok","$v":"OK"},{"$i":"msg-display-subject","$v":"Objet"},{"$i":"msg-reader-display-attachments","$v":"Pièces jointes"},{"$i":"msg-reader-display-attachment","$v":"Pièces jointes"},{"$i":"msg-reader-download-external-images","$v":["Télécharger des images externes (",{"t":"idOrVar","v":"n"}," Mo)"]},{"$i":"msg-reader-sender-header","$v":"Expéditeur"},{"$i":"msg-reader-recipients-header","$v":"Destinataires"},{"$i":"msg-reader-cc-header","$v":"Cc"},{"$i":"msg-reader-bcc-header","$v":"Bcc"},{"$i":"msg-reader-message-flagged","$v":"Message signalé"},{"$i":"msg-reader-flag-removed","$v":"Drapeau retiré"},{"$i":"external-image-downloading","$v":"Téléchargement en cours..."},{"$i":"senders-separation-sign","$v":", "},{"$i":"new-messages","$v":{"few":[{"t":"idOrVar","v":"n"}," nouveaux messages"],"many":[{"t":"idOrVar","v":"n"}," nouveaux messages"],"one":"1 nouveau message","other":[{"t":"idOrVar","v":"n"}," nouveaux messages"],"two":[{"t":"idOrVar","v":"n"}," nouveaux messages"]},"$x":[{"t":"idOrVar","v":"plural"},"n"]},{"$i":"new-emails-notify-one-account","$v":{"few":[{"t":"idOrVar","v":"n"}," nouveaux courriels"],"many":[{"t":"idOrVar","v":"n"}," nouveaux courriels"],"one":"1 nouveau courriel","other":[{"t":"idOrVar","v":"n"}," nouveaux courriels"],"two":[{"t":"idOrVar","v":"n"}," nouveaux courriels"]},"$x":[{"t":"idOrVar","v":"plural"},"n"]},{"$i":"new-emails-notify-multiple-accounts","$v":{"few":[{"t":"idOrVar","v":"n"}," nouveaux courriels (",{"t":"idOrVar","v":"accountName"},")"],"many":[{"t":"idOrVar","v":"n"}," nouveaux courriels (",{"t":"idOrVar","v":"accountName"},")"],"one":["1 nouveau courriel (",{"t":"idOrVar","v":"accountName"},")"],"other":[{"t":"idOrVar","v":"n"}," nouveaux courriels (",{"t":"idOrVar","v":"accountName"},")"],"two":[{"t":"idOrVar","v":"n"}," nouveaux courriels (",{"t":"idOrVar","v":"accountName"},")"]},"$x":[{"t":"idOrVar","v":"plural"},"n"]},{"$i":"new-emails-notify-multiple-accounts-body","$v":[{"t":"idOrVar","v":"from"}," â€œ",{"t":"idOrVar","v":"subject"},"â€"]},{"$i":"tng-plain-socket-warning-title","$v":"Êtes-vous certain?"},{"$i":"tng-plain-socket-warning-message","$v":"D'autres personnes peuvent voir vos mots de passe et vos courriels et contrôler votre compte."},{"$i":"tng-plain-socket-warning-message-options","$v":"Plusieurs fournisseurs de messagerie électronique gratuite offrent des connexions encodées et mieux sécurisées."},{"$i":"tng-plain-socket-warning-ok","$v":"Je comprends"},{"$i":"message-reader-date-received","ariaLabel":"Reçu"},{"$i":"sort-by-title","$v":"Trier par"},{"$i":"sort-by-date","$v":"Date"},{"$i":"sort-by-from","$v":"DE"},{"$i":"sort-by-to","$v":"À"},{"$i":"sort-by-subject","$v":"Objet"},{"$i":"softkey-options","$v":"Options"},{"$i":"opt-compose","$v":"Composer"},{"$i":"opt-reply","$v":"Répondre"},{"$i":"opt-reply-all","$v":"Répondre à tous"},{"$i":"opt-forward","$v":"Avant"},{"$i":"opt-mark-read","$v":"Marquer comme lu"},{"$i":"opt-mark-unread","$v":"Marquer comme non lu"},{"$i":"opt-add-flag","$v":"Marquer"},{"$i":"opt-remove-flag","$v":"Retirer la marque"},{"$i":"opt-move-message","$v":"Déplacer vers le dossier"},{"$i":"opt-delete-message","$v":"Supprimer"},{"$i":"opt-multi-select","$v":"Sélectionner plusieurs éléments"},{"$i":"opt-search","$v":"Chercher"},{"$i":"opt-folders","$v":"Voir les dossiers"},{"$i":"opt-sort","$v":"Trier"},{"$i":"opt-sync","$v":"Synchroniser"},{"$i":"opt-account","$v":"Changer de compte"},{"$i":"opt-settings","$v":"Réglages"},{"$i":"opt-edit","$v":"Modifier"},{"$i":"opt-cancel","$v":"Annuler"},{"$i":"opt-save","$v":"Enregistrer"},{"$i":"opt-move","$v":"Déplacer"},{"$i":"opt-view","$v":"Visionner"},{"$i":"opt-empty-trash","$v":"Vider la corbeille"},{"$i":"opt-call-number","$v":"Appeler"},{"$i":"opt-compose-mail","$v":"Composer"},{"$i":"opt-open-url","$v":"Ouvrir"},{"$i":"select-option-on","$v":"Activé"},{"$i":"select-option-off","$v":"Désactivé"},{"$i":"select-option-imap-smtp","$v":"IMAP+SMTP"},{"$i":"select-option-pop3-smtp","$v":"POP3+SMTP"},{"$i":"select-option-activesync","$v":"ActiveSync"},{"$i":"toaster-switch-account","$v":"Le compte de courriel a été changé vers :"},{"$i":"toaster-sorted-by","$v":"Courriels triés par"},{"$i":"cmp-reply","$v":"Répondre"},{"$i":"cmp-reply-all","$v":"Répondre à tous"},{"$i":"cmp-forward","$v":"Renvoi du message"},{"$i":"cmp-remove-attach","$v":"Fichier joint retiré"},{"$i":"select","$v":"Sélectionner"},{"$i":"deselect","$v":"Désélectionner"},{"$i":"cancel","$v":"Annuler"},{"$i":"enter","$v":"Saisir"},{"$i":"remove-attachment","$v":"Retirer la pièce jointe"},{"$i":"replace-attachment","$v":"Remplacer la pièce jointe"},{"$i":"add-attachment","$v":"Ajouter une pièce jointe"},{"$i":"add-contact","$v":"Ajouter le contact"},{"$i":"add-cc","$v":"Ajouter Cc"},{"$i":"remove-cc","$v":"Retirer Cc"},{"$i":"add-bcc","$v":"Ajouter Cci"},{"$i":"remove-bcc","$v":"Retirer Cci"},{"$i":"attachment-download","$v":"Télécharger"},{"$i":"attachment-share","$v":"Partager"},{"$i":"send-new-mail","$v":"Envoyer un nouveau courriel"},{"$i":"view-contact","$v":"Visualiser le contact"},{"$i":"save-new-contact","$v":"Créer un nouveau contact"},{"$i":"add-to-exsiting-contact","$v":"Ajouter au contact existant"},{"$i":"no","$v":"Non"},{"$i":"yes","$v":"Oui"},{"$i":"retry","$v":"Réessayer"},{"$i":"empty","$v":"Vide"},{"$i":"empty-trash-confirm","$v":"Voulez-vous vider la corbeille?"},{"$i":"trash-emptied","$v":"Corbeille vidée"},{"$i":"next","$v":"Suivant"},{"$i":"welcome-header","$v":"Courriel"},{"$i":"welcome-msg","$v":"Bienvenue au courriel."},{"$i":"welcome-msg-setup","$v":"Appuyez sur « Suivant » pour configurer votre compte de courriel."},{"$i":"discard","$v":"Ignorer"},{"$i":"leave-this-page-warning-message","$v":"Supprimer l'information?"},{"$i":"finish","$v":"Terminer"},{"$i":"setup-done-msg","$v":"L'ouverture de la session a réussi. Voulez-vous ajouter un autre compte?"},{"$i":"save-as-draft","$v":"Enregistrer le brouillon"},{"$i":"show-password","$v":"Afficher le mot de passe"},{"$i":"account-label","$v":"Nom du compte :"},{"$i":"folders","$v":"Folders"},{"$i":"security","$v":"Sécurité"},{"$i":"port-number","$v":"Numéro du port"},{"$i":"domain-username","$v":"Domaine\\Nom d’utilisateur"},{"$i":"synchronizing","$v":"Synchronizing..."},{"$i":"browse-mail","$v":"Browse Mail"},{"$i":"never-sync","$v":"Les brouillons locaux ne sont pas synchronisés avec le serveur."},{"$i":"emptyDownloadFile","$v":"Impossible de télécharger ce fichier; il est peut-être vide"},{"$i":"sync","$v":"Synchronisation"},{"$i":"outbox-unsent-label","$v":{"few":[{"t":"idOrVar","v":"n"}," messages non envoyés dans la boîte d'envoi"],"many":[{"t":"idOrVar","v":"n"}," messages non envoyés dans la boîte d'envoi"],"one":"1 message non envoyé dans la boîte d'envoi","other":[{"t":"idOrVar","v":"n"}," messages non envoyés dans la boîte d'envoi"],"two":"2 messages non envoyés dans la boîte d'envoi"},"$x":[{"t":"idOrVar","v":"plural"},"n"]},{"$i":"storage-full-title","$v":"Stockage plein"},{"$i":"storage-full-warning","$v":"Vous pouvez supprimer des fichiers multimédias ou gérer les données des applications pour obtenir plus d'espace libre."},{"$i":"storage-full","$v":"Stockage du téléphone plein."},{"$i":"storage-sdcard-full","$v":"La carte SD est pleine."},{"$i":"view-address","$v":"Voir l'adresse"},{"$i":"mail-address-title","$v":"Adresse de courriel"},{"$i":"mail-address","$v":[{"t":"idOrVar","v":"address"}]},{"$i":"value-name","$v":[{"t":"idOrVar","v":"name"}]},{"$i":"account-deleted","$v":"Compte supprimé."},{"$i":"account-reEnable","$v":"Ce compte existe déjà. Synchroniser le compte?"},{"$i":"setup-account-usedInfo","$v":"Ce compte sera utilisé par les applications ci-dessous. Pour modifier ceci, aller à Paramètres>Compte."},{"$i":"setup-account-settingsInfo","$v":"Chaque application a des intervalles de synchronisation par défaut différents; consultez les paramètres des applications."},{"$i":"app-calendar","$v":"Calendrier"},{"$i":"app-contacts","$v":"Contacts"},{"$i":"app-email","$v":"Courriel"},{"$i":"sync-account-guide","$v":"Pour lire vos courriels, activez la synchronisation du compte dans le menu Paramètres."},{"$i":"settings-account-sync","$v":"Synchroniser le compte"},{"$i":"weekday-0-long","$v":"Dimanche"},{"$i":"weekday-1-long","$v":"Lundi"},{"$i":"weekday-2-long","$v":"Mardi"},{"$i":"weekday-3-long","$v":"Mercredi"},{"$i":"weekday-4-long","$v":"Jeudi"},{"$i":"weekday-5-long","$v":"Vendredi"},{"$i":"weekday-6-long","$v":"Samedi"},{"$i":"weekday-0-short","$v":"Dim"},{"$i":"weekday-1-short","$v":"Lun"},{"$i":"weekday-2-short","$v":"Mar"},{"$i":"weekday-3-short","$v":"Mer"},{"$i":"weekday-4-short","$v":"Jeu"},{"$i":"weekday-5-short","$v":"Ven"},{"$i":"weekday-6-short","$v":"Sam"},{"$i":"month-0-long","$v":"Janvier"},{"$i":"month-1-long","$v":"Février"},{"$i":"month-2-long","$v":"Mars"},{"$i":"month-3-long","$v":"Avril"},{"$i":"month-4-long","$v":"Mai"},{"$i":"month-5-long","$v":"Juin"},{"$i":"month-6-long","$v":"Juillet"},{"$i":"month-7-long","$v":"Août"},{"$i":"month-8-long","$v":"Septembre"},{"$i":"month-9-long","$v":"Octobre"},{"$i":"month-10-long","$v":"Novembre"},{"$i":"month-11-long","$v":"Décembre"},{"$i":"month-0-genitive","$v":"Janvier"},{"$i":"month-1-genitive","$v":"Février"},{"$i":"month-2-genitive","$v":"Mars"},{"$i":"month-3-genitive","$v":"Avril"},{"$i":"month-4-genitive","$v":"Mai"},{"$i":"month-5-genitive","$v":"Juin"},{"$i":"month-6-genitive","$v":"Juillet"},{"$i":"month-7-genitive","$v":"Août"},{"$i":"month-8-genitive","$v":"Septembre"},{"$i":"month-9-genitive","$v":"Octobre"},{"$i":"month-10-genitive","$v":"Novembre"},{"$i":"month-11-genitive","$v":"Décembre"},{"$i":"month-0-short","$v":"Jan"},{"$i":"month-1-short","$v":"Fév"},{"$i":"month-2-short","$v":"Mar"},{"$i":"month-3-short","$v":"Avr"},{"$i":"month-4-short","$v":"Mai"},{"$i":"month-5-short","$v":"Jun"},{"$i":"month-6-short","$v":"Jul"},{"$i":"month-7-short","$v":"Aoû"},{"$i":"month-8-short","$v":"Sep"},{"$i":"month-9-short","$v":"Oct"},{"$i":"month-10-short","$v":"Nov"},{"$i":"month-11-short","$v":"Déc"},{"$i":"minutes-ago-long","$v":{"few":["il y a ",{"t":"idOrVar","v":"value"}," minutes"],"many":["il y a ",{"t":"idOrVar","v":"value"}," minutes"],"other":["il y a ",{"t":"idOrVar","v":"value"}," minutes"],"two":["il y a ",{"t":"idOrVar","v":"value"}," minutes"],"one":"il y a une minute","zero":"À l'instant"},"$x":[{"t":"idOrVar","v":"plural"},"value"]},{"$i":"hours-ago-long","$v":{"few":["il y a ",{"t":"idOrVar","v":"value"}," heures"],"many":["il y a ",{"t":"idOrVar","v":"value"}," heures"],"other":["il y a ",{"t":"idOrVar","v":"value"}," heures"],"two":["il y a ",{"t":"idOrVar","v":"value"}," heures"],"one":"il y a une heure","zero":"À l'instant"},"$x":[{"t":"idOrVar","v":"plural"},"value"]},{"$i":"days-ago-long","$v":{"few":["il y a ",{"t":"idOrVar","v":"value"}," jours"],"many":["il y a ",{"t":"idOrVar","v":"value"}," jours"],"one":"hier","other":["il y a ",{"t":"idOrVar","v":"value"}," jours"],"two":["il y a ",{"t":"idOrVar","v":"value"}," jours"],"zero":"aujourd'hui"},"$x":[{"t":"idOrVar","v":"plural"},"value"]},{"$i":"weeks-ago-long","$v":{"few":["il y a ",{"t":"idOrVar","v":"value"}," semaines"],"many":["il y a ",{"t":"idOrVar","v":"value"}," semaines"],"one":"la semaine dernière","other":["il y a ",{"t":"idOrVar","v":"value"}," semaines"],"two":["il y a ",{"t":"idOrVar","v":"value"}," semaines"],"zero":"cette semaine"},"$x":[{"t":"idOrVar","v":"plural"},"value"]},{"$i":"months-ago-long","$v":{"few":["il y a ",{"t":"idOrVar","v":"value"}," mois"],"many":["il y a ",{"t":"idOrVar","v":"value"}," mois"],"one":"le mois dernier","other":["il y a ",{"t":"idOrVar","v":"value"}," mois"],"two":["il y a ",{"t":"idOrVar","v":"value"}," mois"],"zero":"ce mois"},"$x":[{"t":"idOrVar","v":"plural"},"value"]},{"$i":"years-ago-long","$v":{"few":["il y a ",{"t":"idOrVar","v":"value"}," années"],"many":["il y a ",{"t":"idOrVar","v":"value"}," années"],"one":"l'année dernière","other":["il y a ",{"t":"idOrVar","v":"value"}," années"],"two":["il y a ",{"t":"idOrVar","v":"value"}," années"],"zero":"cette année"},"$x":[{"t":"idOrVar","v":"plural"},"value"]},{"$i":"minutes-until-long","$v":{"few":["dans ",{"t":"idOrVar","v":"value"}," minutes"],"many":["dans ",{"t":"idOrVar","v":"value"}," minutes"],"other":["dans ",{"t":"idOrVar","v":"value"}," minutes"],"two":["dans ",{"t":"idOrVar","v":"value"}," minutes"],"zero":"maintenant","one":"dans une minute"},"$x":[{"t":"idOrVar","v":"plural"},"value"]},{"$i":"hours-until-long","$v":{"few":["dans ",{"t":"idOrVar","v":"value"}," heures"],"many":["dans ",{"t":"idOrVar","v":"value"}," heures"],"other":["dans ",{"t":"idOrVar","v":"value"}," heures"],"two":["dans ",{"t":"idOrVar","v":"value"}," heures"],"zero":"maintenant","one":"dans une heure"},"$x":[{"t":"idOrVar","v":"plural"},"value"]},{"$i":"days-until-long","$v":{"few":["dans ",{"t":"idOrVar","v":"value"}," jours"],"many":["dans ",{"t":"idOrVar","v":"value"}," jours"],"one":"demain","other":["dans ",{"t":"idOrVar","v":"value"}," jours"],"two":["dans ",{"t":"idOrVar","v":"value"}," jours"],"zero":"aujourd'hui"},"$x":[{"t":"idOrVar","v":"plural"},"value"]},{"$i":"weeks-until-long","$v":{"few":["dans ",{"t":"idOrVar","v":"value"}," semaines"],"many":["dans ",{"t":"idOrVar","v":"value"}," semaines"],"one":"la semaine prochaine","other":["dans ",{"t":"idOrVar","v":"value"}," semaines"],"two":["dans ",{"t":"idOrVar","v":"value"}," semaines"],"zero":"cette semaine"},"$x":[{"t":"idOrVar","v":"plural"},"value"]},{"$i":"months-until-long","$v":{"few":["dans ",{"t":"idOrVar","v":"value"}," mois"],"many":["dans ",{"t":"idOrVar","v":"value"}," mois"],"one":"le mois prochain","other":["dans ",{"t":"idOrVar","v":"value"}," mois"],"two":["dans ",{"t":"idOrVar","v":"value"}," mois"],"zero":"ce mois"},"$x":[{"t":"idOrVar","v":"plural"},"value"]},{"$i":"years-until-long","$v":{"few":["dans ",{"t":"idOrVar","v":"value"}," années"],"many":["dans ",{"t":"idOrVar","v":"value"}," années"],"one":"l'année prochaine","other":["dans ",{"t":"idOrVar","v":"value"}," années"],"two":["dans ",{"t":"idOrVar","v":"value"}," années"],"zero":"cette année"},"$x":[{"t":"idOrVar","v":"plural"},"value"]},{"$i":"minutes-ago-short","$v":{"other":["il y a ",{"t":"idOrVar","v":"value"}," m"],"zero":"À l'instant"},"$x":[{"t":"idOrVar","v":"plural"},"value"]},{"$i":"hours-ago-short","$v":{"other":["il y a ",{"t":"idOrVar","v":"value"}," h"],"zero":"À l'instant"},"$x":[{"t":"idOrVar","v":"plural"},"value"]},{"$i":"days-ago-short","$v":{"other":["il y a ",{"t":"idOrVar","v":"value"}," j"],"zero":"aujourd'hui"},"$x":[{"t":"idOrVar","v":"plural"},"value"]},{"$i":"minutes-until-short","$v":{"other":["dans ",{"t":"idOrVar","v":"value"}," m"],"zero":"maintenant"},"$x":[{"t":"idOrVar","v":"plural"},"value"]},{"$i":"hours-until-short","$v":{"other":["dans ",{"t":"idOrVar","v":"value"}," h"],"zero":"maintenant"},"$x":[{"t":"idOrVar","v":"plural"},"value"]},{"$i":"days-until-short","$v":{"other":["dans ",{"t":"idOrVar","v":"value"}," j"],"zero":"aujourd'hui"},"$x":[{"t":"idOrVar","v":"plural"},"value"]},{"$i":"incorrectDate","$v":"(date erronée)"},{"$i":"dateTimeFormat_%c","$v":"%a %b %e %Y %I:%M:%S %p"},{"$i":"dateTimeFormat_%x","$v":"%m/%d/%Y"},{"$i":"dateTimeFormat_%X","$v":"%I:%M:%S %p"},{"$i":"shortTimeFormat","$v":"%I:%M %p"},{"$i":"shortTimeFormat12","$v":"%I:%M %p"},{"$i":"shortTimeFormat24","$v":"%H:%M"},{"$i":"shortDateTimeFormat","$v":"%x %I:%M %p"},{"$i":"weekStartsOnMonday","$v":"0.0"},{"$i":"firstDayOfTheWeek","$v":"0.0"},{"$i":"time_am","$v":"AM"},{"$i":"time_pm","$v":"PM"}]