[{"$i":"setup-app-name-header","$v":"Courriel"},{"$i":"setup-empty-account-message","$v":"Vous n’avez pas configuré de compte e-mail pour envoyer ou recevoir des e-mails. Configurez-en un pour terminer l’opération."},{"$i":"setup-pick-service","$v":"Pour envoyer et recevoir des messages, vous devez configurer un compte."},{"$i":"setup-account-header3","$v":"Connexion au compte"},{"$i":"setup-account-password","$v":"Mot de passe"},{"$i":"setup-info-next","$v":"Suivant"},{"$i":"setup-progress-wait-msg","$v":"Configuration du compte"},{"$i":"setup-sync-progress-wait-msg","$v":"Synchronisation du compte"},{"$i":"setup-completed-header","$v":"Configuration du compte"},{"$i":"setup-completed-label","$v":"C’est fini !"},{"$i":"setup-add-another-account","$v":"Aj. Compte"},{"$i":"setup-show-mail","$v":"Continuer vers les messages"},{"$i":"setup-done-add","$v":"Config. manuelle"},{"$i":"setup-error-offline","$v":"Sans connexion Internet."},{"$i":"setup-error-bad-user-or-pass2","$v":"L’adresse e-mail ou le mot de passe est incorrect."},{"$i":"setup-error-bad-address","$v":"L’adresse e-mail est incorrecte."},{"$i":"setup-error-not-authorized","$v":"La création d’un compte n’est pas autorisée."},{"$i":"setup-error-pop-server-not-great","$v":"Le serveur POP3 ne prend pas en charge les fonctionnalités requises."},{"$i":"setup-error-unknown2","$v":"Une erreur inconnue s’est produite. Vérifiez la connexion réseau ou essayez de la configurer manuellement."},{"$i":"setup-error-needs-app-pass","$v":"Vous devez utiliser le mot de passe spécifique à l’application pour les comptes Gmail à deux facteurs."},{"$i":"setup-error-imap-disabled","$v":"Vous devez activer le protocole IMAP sur votre compte Gmail."},{"$i":"setup-error-pop3-disabled","$v":"Vous devez activer le protocole POP3 sur votre compte Gmail."},{"$i":"setup-error-bad-security","$v":["Impossible d’établir une connexion sécurisée avec « ",{"t":"idOrVar","v":"server"}," ». Il se peut qu’il y ait un problème avec votre réseau ou le serveur."]},{"$i":"setup-error-unresponsive-server","$v":["Impossible d’établir la connexion avec « ",{"t":"idOrVar","v":"server"}," ». Il se peut qu’il y ait un problème avec le réseau."]},{"$i":"setup-error-server-problem","$v":["Il y a un problème avec le serveur « ",{"t":"idOrVar","v":"server"}," ». Veuillez réessayer plus tard."]},{"$i":"setup-error-no-config-info","$v":"Échec de la configuration. Vérifiez l’adresse e-mail ou essayez de configurer manuellement."},{"$i":"setup-error-server-maintenance","$v":["Le serveur « ",{"t":"idOrVar","v":"server"}," » est hors connexion pour cause de maintenance. Veuillez réessayer plus tard."]},{"$i":"setup-error-account-already-exists","$v":"Le compte est déjà utilisé."},{"$i":"setup-manual-config2","$v":"Avancé"},{"$i":"setup-manual-config-header","$v":"Connexion au compte"},{"$i":"setup-manual-account-type-header","$v":"Type de compte"},{"$i":"setup-manual-account-type","$v":"Type de compte"},{"$i":"setup-manual-account-type-select","ariaLabel":"Type de compte"},{"$i":"setup-manual-imap-header","$v":"Paramètres IMAP"},{"$i":"setup-manual-pop3-header","$v":"Paramètres POP3"},{"$i":"setup-manual-smtp-header","$v":"Paramètres SMTP"},{"$i":"setup-manual-activesync-header","$v":"Paramètres ActiveSync"},{"$i":"setup-manual-next","$v":"Suivant"},{"$i":"setup-manual-socket","$v":"Type de protocole"},{"$i":"setup-manual-socket-ssl","$v":"SSL"},{"$i":"setup-manual-socket-starttls","$v":"STARTTLS"},{"$i":"setup-manual-socket-select","ariaLabel":"Sécurité de connexion"},{"$i":"setup-manual-socket-plain","$v":"Non chiffré"},{"$i":"setup-bad-password-header","$v":"Mot de passe incorrect"},{"$i":"setup-bad-password","$v":"Impossible de se connecter sur le serveur. Assurez-vous que votre mot de passe est le bon."},{"$i":"setup-new-password","placeholder":"Nouveau mot de passe"},{"$i":"setup-fix-password","$v":"Réessayer avec ce mot de passe"},{"$i":"setup-gmail-twofactor-header","$v":"Validation en deux étapes activée"},{"$i":"setup-gmail-twofactor-message","$v":"Vous devez saisir ci-dessous un mot de passe spécifique à l’application."},{"$i":"setup-gmail-imap-header","$v":"IMAP désactivé"},{"$i":"setup-gmail-imap-message","$v":"Vous devez activer IMAP sur votre compte Gmail"},{"$i":"setup-gmail-retry","$v":"Réessayer"},{"$i":"setup-gmail-pop3-header","$v":"POP3 désactivé"},{"$i":"setup-gmail-pop3-message","$v":"Vous devez activer POP3 sur votre compte Gmail"},{"$i":"setup-fix-oauth2-header","$v":"Réautoriser l’e-mail"},{"$i":"setup-fix-oauth2-description","$v":"L’e-mail doit être autorisé de nouveau à accéder au compte suivant :"},{"$i":"setup-fix-oauth2-reauthorize","$v":"Réautoriser"},{"$i":"settings-main-header","$v":"Paramètres"},{"$i":"settings-sub-header-account","$v":"Gestion du compte"},{"$i":"settings-account-group","ariaLabel":"Gestion du compte"},{"$i":"settings-account-name","$v":"Votre nom"},{"$i":"settings-account-label","$v":"Nom du compte"},{"$i":"settings-account-display-notifications","$v":"Afficher les notifications des nouveaux e-mails"},{"$i":"settings-account-play-sound-onsend","$v":"Lire un son après l’envoi du message"},{"$i":"settings-account-signature-label","$v":"Signature"},{"$i":"settings-sub-header-data","$v":"Données"},{"$i":"settings-data-group","ariaLabel":"Données"},{"$i":"settings-account-check-mail","$v":"Rechercher les nouveaux messages"},{"$i":"settings-account-check-mail-select","ariaLabel":"Rechercher les nouveaux messages"},{"$i":"settings-sub-header-server","$v":"Paramètres du serveur"},{"$i":"settings-server-group","ariaLabel":"Paramètres serveur"},{"$i":"settings-account-userpass","$v":"Nom d’utilisateur et mot de passe"},{"$i":"settings-account-useroauth2","$v":"Utilisateur"},{"$i":"settings-default-signature-2","$v":"Envoyé depuis mon téléphone"},{"$i":"settings-done","$v":"Terminé"},{"$i":"settings-account-section","$v":"Comptes"},{"$i":"settings-account-listbox","ariaLabel":"Comptes"},{"$i":"settings-account-add","$v":"Ajouter"},{"$i":"settings-account-delete","$v":"Sup. Compte"},{"$i":"settings-account-delete-prompt","$v":"Si vous supprimez ce compte, les applications qui l’utilisent seront affectées par le changement."},{"$i":"settings-account-delete-desc","$v":"Vous devrez re-télécharger vos e-mails si vous re-créez le compte."},{"$i":"settings-account-delete-cancel","$v":"Annuler"},{"$i":"settings-account-delete-confirm","$v":"Supprimer"},{"$i":"settings-account-clarify","$v":[{"t":"idOrVar","v":"account-name"}]},{"$i":"settings-account-clarify-imap","$v":[{"t":"idOrVar","v":"account-name"}," (IMAP)"]},{"$i":"settings-account-clarify-pop3","$v":[{"t":"idOrVar","v":"account-name"}," (POP3)"]},{"$i":"settings-account-clarify-smtp","$v":[{"t":"idOrVar","v":"account-name"}," (SMTP)"]},{"$i":"settings-general-section","$v":"Paramètres généraux"},{"$i":"settings-show-images","$v":"Toujours afficher les images"},{"$i":"settings-download-attachments","$v":"Télécharger les pièces jointes"},{"$i":"settings-check-every-5min","$v":"Toutes les 5 minutes"},{"$i":"settings-check-every-10min","$v":"Toutes les 10 minutes"},{"$i":"settings-check-every-15min","$v":"Toutes les 15 minutes"},{"$i":"settings-check-every-30min","$v":"Toutes les 30 minutes"},{"$i":"settings-check-every-60min","$v":"Chaque heure"},{"$i":"settings-check-every-manual","$v":"Manuellement"},{"$i":"settings-check-dynamic","$v":{"few":[{"t":"idOrVar","v":"n"}," secondes"],"many":[{"t":"idOrVar","v":"n"}," secondes"],"one":[{"t":"idOrVar","v":"n"}," seconde"],"other":[{"t":"idOrVar","v":"n"}," secondes"],"two":[{"t":"idOrVar","v":"n"}," secondes"],"zero":"secondes"},"$x":[{"t":"idOrVar","v":"plural"},"n"]},{"$i":"settings-default-account","$v":"Définir l’e-mail par défaut"},{"$i":"settings-account-type","$v":"Type de compte"},{"$i":"settings-account-credentials","$v":"Identifiants"},{"$i":"settings-activesync-label","$v":"Paramètres ActiveSync"},{"$i":"settings-imap-label","$v":"Paramètres IMAP"},{"$i":"settings-pop3-label","$v":"Paramètres POP3"},{"$i":"settings-smtp-label","$v":"Paramètres SMTP"},{"$i":"settings-hostname","$v":"Nom d’hôte"},{"$i":"settings-port","$v":"Port"},{"$i":"settings-username","$v":"Utilisateur"},{"$i":"settings-password","$v":"Mot de passe"},{"$i":"settings-save","$v":"Enregistrer"},{"$i":"password-saved","$v":"Mot de passe enregistré."},{"$i":"settings-reauth","$v":"Réautoriser"},{"$i":"settings-account-synchronize-window","$v":"Période à synchroniser"},{"$i":"settings-account-synchronize-window-select","ariaLabel":"Jours à synchroniser"},{"$i":"settings-synchronize-auto","$v":"Automatique"},{"$i":"settings-synchronize-one-day","$v":"1 jour"},{"$i":"settings-synchronize-three-days","$v":"3 jours"},{"$i":"settings-synchronize-one-week","$v":"1 semaine"},{"$i":"settings-synchronize-two-weeks","$v":"2 semaines"},{"$i":"settings-synchronize-one-month","$v":"1 mois"},{"$i":"settings-synchronize-all","$v":"Tous les messages"},{"$i":"envelope-from","$v":"De"},{"$i":"envelope-to","$v":"À :"},{"$i":"envelope-cc","$v":"Cc"},{"$i":"envelope-bcc","$v":"Cci "},{"$i":"message-header-state-sending","ariaLabel":"Envoi"},{"$i":"message-header-state-error","ariaLabel":"Erreur d’envoi"},{"$i":"message-header-unread","ariaLabel":"Non lu"},{"$i":"message-header-reply","ariaLabel":"Répondre"},{"$i":"message-header-forward","ariaLabel":"Transférer"},{"$i":"message-header-starred","ariaLabel":"Est suivi"},{"$i":"message-header-attachments","ariaLabel":"Contient des pièces jointes"},{"$i":"message-body-container","ariaLabel":"Corps du message"},{"$i":"message-body-container-progress","ariaValueText":"Chargement"},{"$i":"subject","ariaLabel":"Objet"},{"$i":"attachments-container","ariaLabel":"Pièces jointes"},{"$i":"from-group","ariaLabel":"De"},{"$i":"to-group","ariaLabel":"À :"},{"$i":"cc-group","ariaLabel":"Cc"},{"$i":"bcc-group","ariaLabel":"Cci"},{"$i":"compose-header","$v":"Écrire un message"},{"$i":"compose-header-short","$v":"Rédiger"},{"$i":"compose-send","$v":"Envoyer"},{"$i":"compose-send-button","ariaLabel":"Envoyer"},{"$i":"compose-to","$v":"À :"},{"$i":"compose-cc","$v":"Cc"},{"$i":"compose-bcc","$v":"Cci "},{"$i":"compose-cc-remove","$v":"La liste Cc a été supprimée."},{"$i":"compose-bcc-remove","$v":"La liste Cci a été supprimée."},{"$i":"compose-contact-add","ariaLabel":"Ajouter un contact"},{"$i":"compose-attachments","$v":{"few":[{"t":"idOrVar","v":"n"}," pièces jointes "],"many":[{"t":"idOrVar","v":"n"}," pièces jointes "],"one":[{"t":"idOrVar","v":"n"}," pièce jointe "],"other":[{"t":"idOrVar","v":"n"}," pièces jointes "],"two":[{"t":"idOrVar","v":"n"}," pièces jointes "],"zero":"Pièce jointe"},"$x":[{"t":"idOrVar","v":"plural"},"n"]},{"$i":"compose-text","ariaLabel":"Modifier"},{"$i":"compose-attachment-still-working","$v":"Veuillez patienter pendant le traitement de la pièce jointe précédente…"},{"$i":"compose-attachment-loading","$v":"Chargement de la pièce jointe…"},{"$i":"compose-attachments-loading","$v":"Chargement des pièces jointes…"},{"$i":"compose-forward-attachment-error-title","$v":"Problème de téléchargement"},{"$i":"compose-forward-attachment-error-title2","$v":"Erreur"},{"$i":"compose-forward-attachment-unable-load","$v":"Le chargement de la pièce jointe est impossible."},{"$i":"compose-forward-attachments-unable-load","$v":"Le chargement des pièces jointes est impossible."},{"$i":"compose-forward-attachment-load-error","$v":"Des pièces jointes n’ont pas pu être chargées."},{"$i":"confirmation-title","$v":"Confirmation"},{"$i":"compose-subject","$v":"Objet"},{"$i":"compose-draft-save","$v":"Enregistrer dans Brouillons locaux"},{"$i":"compose-discard-confirm","$v":"Ignorer"},{"$i":"compose-draft-dialog-cancel","$v":"Annuler"},{"$i":"compose-draft-dialog-save","$v":"Enreg."},{"$i":"composer-draft-saved","$v":"Le brouillon est enregistré."},{"$i":"attention","$v":"Avertissement"},{"$i":"compose-send-message-failed","$v":"Échec de l’envoi du message"},{"$i":"compose-attchment-size-exceeded","$v":"La pièce jointe est trop volumineuse pour être envoyée avec le message."},{"$i":"compose-attchments-size-exceeded","$v":"Les pièces jointes sont trop volumineuses pour être envoyées avec le message."},{"$i":"composer-attachment-large-title","$v":"Fichier trop volumineux"},{"$i":"default-attachment-filename","$v":["pièce jointe",{"t":"idOrVar","v":"n"}]},{"$i":"attachment-size-meb","$v":[{"t":"idOrVar","v":"megabytes"}," Mo"]},{"$i":"attachment-size-kib","$v":[{"t":"idOrVar","v":"kilobytes"}," Ko"]},{"$i":"attachment-size-byte","$v":[{"t":"idOrVar","v":"bytes"}," o"]},{"$i":"message-attachment-view","$v":"Voir"},{"$i":"message-attachment-did-not-open-label","$v":"Ouverture impossible"},{"$i":"message-attachment-did-not-open-body","$v":"L’appareil ne contient pas d’application capable d’ouvrir la pièce jointe."},{"$i":"message-attachment-too-large","$v":"Le message est trop volumineux pour être téléchargé."},{"$i":"message-attachment-not-found","$v":"Le fichier de la pièce jointe est introuvable. Voulez-vous le retélécharger ?"},{"$i":"message-attachment-download-fail","$v":["Le téléchargement de ",{"t":"idOrVar","v":"fileName"}," a échoué."]},{"$i":"message-no-subject","$v":"(aucun objet)"},{"$i":"message-edit-menu-edit","$v":"Modifier"},{"$i":"message-edit-menu-delete","$v":"Supprimer"},{"$i":"message-edit-delete-confirm","$v":"Supprimer le message ?"},{"$i":"message-forward-attachment-title","$v":"Pièce jointe"},{"$i":"message-forward-attachment","$v":"Transférer également la pièce jointe ?"},{"$i":"message-forward-attachments","$v":"Transférer également les pièces jointes ?"},{"$i":"message-multiedit-header","$v":{"few":[{"t":"idOrVar","v":"n"}," sélectionnés"],"many":[{"t":"idOrVar","v":"n"}," sélectionnés"],"one":[{"t":"idOrVar","v":"n"}," sélectionnés"],"other":[{"t":"idOrVar","v":"n"}," sélectionnés"],"two":[{"t":"idOrVar","v":"n"}," sélectionnés"],"zero":[{"t":"idOrVar","v":"n"}," sélectionnés"]},"$x":[{"t":"idOrVar","v":"plural"},"n"]},{"$i":"message-multiedit-search-header","$v":{"few":[{"t":"idOrVar","v":"n"}," sélectionnés"],"many":[{"t":"idOrVar","v":"n"}," sélectionnés"],"one":[{"t":"idOrVar","v":"n"}," sélectionnés"],"other":[{"t":"idOrVar","v":"n"}," sélectionnés"],"two":[{"t":"idOrVar","v":"n"}," sélectionnés"],"zero":"Aucune sélection"},"$x":[{"t":"idOrVar","v":"plural"},"n"]},{"$i":"browse-to-url-prompt","$v":["Ouvrir l’URL ? : ",{"t":"idOrVar","v":"url"}]},{"$i":"message-download-images-tap","$v":{"few":["Cet e-mail contient ",{"t":"idOrVar","v":"n"}," images. Appuyez pour tout télécharger."],"many":["Cet e-mail contient ",{"t":"idOrVar","v":"n"}," images. Appuyez pour tout télécharger."],"one":"Cet e-mail contient une image. Appuyez pour le télécharger.","other":["Cet e-mail contient ",{"t":"idOrVar","v":"n"}," images. Appuyez pour tout télécharger."],"two":["Cet e-mail contient ",{"t":"idOrVar","v":"n"}," images. Appuyez pour tout télécharger."]},"$x":[{"t":"idOrVar","v":"plural"},"n"]},{"$i":"message-show-external-images","$v":"Afficher les images externes"},{"$i":"message-delete-cancel","$v":"Annuler"},{"$i":"message-multiedit-delete-confirm","$v":{"few":["Supprimer ",{"t":"idOrVar","v":"n"}," messages ?"],"many":["Supprimer ",{"t":"idOrVar","v":"n"}," messages ?"],"one":"Supprimer le message sélectionné ?","other":["Supprimer ",{"t":"idOrVar","v":"n"}," messages ?"],"two":["Supprimer ",{"t":"idOrVar","v":"n"}," messages ?"]},"$x":[{"t":"idOrVar","v":"plural"},"n"]},{"$i":"message-large-message-cancel","$v":"Annuler"},{"$i":"message-large-message-ok","$v":"Continuer"},{"$i":"message-large-message-confirm","$v":"Ce message est volumineux et peut mettre du temps à charger."},{"$i":"message-large-message-warning","$v":"Le message est trop volumineux pour être chargé."},{"$i":"message-search-header","$v":"Rechercher"},{"$i":"search-result","$v":["e-mails(",{"t":"idOrVar","v":"num"},")"]},{"$i":"message-search-from","$v":"De"},{"$i":"message-search-to","$v":"À :"},{"$i":"message-search-subject","$v":"Objet"},{"$i":"message-search-body","$v":"Corps"},{"$i":"message-search-all","$v":"Tout"},{"$i":"message-search-input","placeholder":"Rechercher dans les msg"},{"$i":"message-search-cancel","$v":"Annuler"},{"$i":"messages-syncing","$v":"Chargement des messages"},{"$i":"messages-syncing-progressbar","ariaValueText":"Chargement des messages"},{"$i":"messages-load-more","$v":"Charger d’autres messages"},{"$i":"messages-folder-empty","$v":"Aucun e-mail dans ce dossier"},{"$i":"messages-search-empty","$v":"Aucun résultat parmi les messages du cache local"},{"$i":"messages-folder-select","$v":"Déplacer vers le dossier"},{"$i":"messages-folder-unread-max","$v":"999+"},{"$i":"message-contact-menu-create","$v":"Créer un contact"},{"$i":"message-contact-menu-add-existing","$v":"Ajouter au contact existant"},{"$i":"message-contact-menu-view","$v":"Voir le contact"},{"$i":"message-contact-menu-reply","$v":"Répondre"},{"$i":"message-contact-menu-new","$v":"Envoyer un nouveau message"},{"$i":"message-reply-menu-reply","$v":"Répondre"},{"$i":"message-reply-menu-reply-all","$v":"Répondre à tous"},{"$i":"message-reply-menu-forward","$v":"Transférer"},{"$i":"message-reply-menu-cancel","$v":"Annuler"},{"$i":"reply-quoting-wrote","$v":"{name} a écrit"},{"$i":"forward-original-message","$v":"Message d’origine"},{"$i":"forward-header-subject","$v":"Objet"},{"$i":"forward-header-date","$v":"Date"},{"$i":"forward-header-from","$v":"De"},{"$i":"forward-header-reply-to","$v":"Répondre à"},{"$i":"forward-header-to","$v":"À :"},{"$i":"forward-header-cc","$v":"Cc"},{"$i":"folder-inbox","$v":"Courrier entrant"},{"$i":"folder-sent","$v":"Envoyés"},{"$i":"folder-drafts","$v":"Brouillons"},{"$i":"folder-trash","$v":"Corbeille"},{"$i":"folder-queue","$v":"Messages en attente"},{"$i":"folder-junk","$v":"Indésirables"},{"$i":"folder-archives","$v":"Archives"},{"$i":"folder-localdrafts","$v":"Brouillons locaux"},{"$i":"folder-outbox","$v":"Boîte d’envoi"},{"$i":"drawer-back","$v":"Retour"},{"$i":"drawer-accounts-header","$v":"Comptes"},{"$i":"drawer-settings-link","$v":"Paramètres"},{"$i":"folder-last-synced-label","$v":"Dernière synchro. :"},{"$i":"messages-refresh-progress","ariaValueText":"Actualisation en cours…"},{"$i":"no-internet-connection","$v":"Sans connexion Internet."},{"$i":"toaster-undo","$v":"Annuler"},{"$i":"toaster-message-star","$v":{"one":"Le message est signalé.","few":[{"t":"idOrVar","v":"n"}," messages ont été signalés."],"many":[{"t":"idOrVar","v":"n"}," messages ont été signalés."],"other":[{"t":"idOrVar","v":"n"}," messages ont été signalés."],"two":[{"t":"idOrVar","v":"n"}," messages ont été signalés."]},"$x":[{"t":"idOrVar","v":"plural"},"n"]},{"$i":"toaster-message-unstar","$v":{"one":"Le signalement de message a été supprimé.","few":[{"t":"idOrVar","v":"n"}," signalements de message ont été supprimés."],"many":[{"t":"idOrVar","v":"n"}," signalements de message ont été supprimés."],"other":[{"t":"idOrVar","v":"n"}," signalements de message ont été supprimés."],"two":[{"t":"idOrVar","v":"n"}," signalements de message ont été supprimés."]},"$x":[{"t":"idOrVar","v":"plural"},"n"]},{"$i":"toaster-message-read","$v":{"one":"Marqué comme lu.","few":[{"t":"idOrVar","v":"n"}," messages ont été marqués comme lus."],"many":[{"t":"idOrVar","v":"n"}," messages ont été marqués comme lus."],"other":[{"t":"idOrVar","v":"n"}," messages ont été marqués comme lus."],"two":[{"t":"idOrVar","v":"n"}," messages ont été marqués comme lus."]},"$x":[{"t":"idOrVar","v":"plural"},"n"]},{"$i":"toaster-message-unread","$v":{"one":"Marqué comme non lu.","few":[{"t":"idOrVar","v":"n"}," messages ont été marqués comme non lus."],"many":[{"t":"idOrVar","v":"n"}," messages ont été marqués comme non lus."],"other":[{"t":"idOrVar","v":"n"}," messages ont été marqués comme non lus."],"two":[{"t":"idOrVar","v":"n"}," messages ont été marqués comme non lus."]},"$x":[{"t":"idOrVar","v":"plural"},"n"]},{"$i":"toaster-message-move","$v":{"one":"1 message déplacé vers : « folder name »","few":[{"t":"idOrVar","v":"n"}," messages déplacés vers : « folder name »"],"many":[{"t":"idOrVar","v":"n"}," messages déplacés vers : « folder name »"],"other":[{"t":"idOrVar","v":"n"}," messages déplacés vers : « folder name »"],"two":[{"t":"idOrVar","v":"n"}," messages déplacés vers : « folder name »"]},"$x":[{"t":"idOrVar","v":"plural"},"n"]},{"$i":"toaster-message-delete","$v":{"one":"1 e-mail a été supprimé.","few":[{"t":"idOrVar","v":"n"}," e-mails ont été supprimés."],"many":[{"t":"idOrVar","v":"n"}," e-mails ont été supprimés."],"other":[{"t":"idOrVar","v":"n"}," e-mails ont été supprimés."],"two":[{"t":"idOrVar","v":"n"}," e-mails ont été supprimés."]},"$x":[{"t":"idOrVar","v":"plural"},"n"]},{"$i":"toaster-sync-failed","$v":"La connexion au serveur n’a pas été possible."},{"$i":"compose-invalid-addresses-title","$v":"Adresses non valides"},{"$i":"compose-invalid-addresses-description","$v":"Votre message contient une ou plusieurs adresses e-mail non valides. Corrigez-les avant d’envoyer."},{"$i":"background-send-pending","$v":"Sans connexion Internet. L’e-mail est sauvegardé dans la boîte d’envoi."},{"$i":"background-send-sending","$v":"Envoi en cours…"},{"$i":"background-send-success","$v":"L’e-mail est envoyé."},{"$i":"background-send-error","$v":"Une erreur est survenue. L’e-mail est sauvegardé dans la boîte d’envoi."},{"$i":"background-send-error-recipients","$v":"Erreur de destinataire. L’e-mail est sauvegardé dans la boîte d’envoi."},{"$i":"background-send-error-title","$v":"Échec d’envoi d’e-mail"},{"$i":"send-failure-recipients","$v":"Vérifiez l’orthographe des adresses ci-dessus. Votre serveur de messagerie a indiqué qu’une ou plusieurs des adresses ci-dessus sont incorrectes."},{"$i":"send-failure-unknown","$v":"Le message n’a pas pu être envoyé."},{"$i":"form-clear-input","$v":"Effacer le texte"},{"$i":"confirm-dialog-title","$v":"Confirmation"},{"$i":"confirm-dialog-ok","$v":"OK"},{"$i":"msg-display-subject","$v":"Objet"},{"$i":"msg-reader-display-attachments","$v":"Pièces jointes"},{"$i":"msg-reader-display-attachment","$v":"Pièce jointe"},{"$i":"msg-reader-download-external-images","$v":["Télécharger les images externes (",{"t":"idOrVar","v":"n"}," Mo)"]},{"$i":"msg-reader-sender-header","$v":"Expéditeur"},{"$i":"msg-reader-recipients-header","$v":"Destinataires"},{"$i":"msg-reader-cc-header","$v":"Cc"},{"$i":"msg-reader-bcc-header","$v":"Cci "},{"$i":"msg-reader-message-flagged","$v":"Msg marqué avec suivi"},{"$i":"msg-reader-flag-removed","$v":"Signalement supprimé"},{"$i":"external-image-downloading","$v":"Téléchargement en cours…"},{"$i":"senders-separation-sign","$v":", "},{"$i":"new-messages","$v":{"few":[{"t":"idOrVar","v":"n"}," nouveaux messages"],"many":[{"t":"idOrVar","v":"n"}," nouveaux messages"],"one":"1 nouveau message","other":[{"t":"idOrVar","v":"n"}," nouveaux messages"],"two":[{"t":"idOrVar","v":"n"}," nouveaux messages"]},"$x":[{"t":"idOrVar","v":"plural"},"n"]},{"$i":"new-emails-notify-one-account","$v":{"few":[{"t":"idOrVar","v":"n"}," nouveaux messages"],"many":[{"t":"idOrVar","v":"n"}," nouveaux messages"],"one":"1 nouveau message","other":[{"t":"idOrVar","v":"n"}," nouveaux messages"],"two":[{"t":"idOrVar","v":"n"}," nouveaux messages"]},"$x":[{"t":"idOrVar","v":"plural"},"n"]},{"$i":"new-emails-notify-multiple-accounts","$v":{"few":[{"t":"idOrVar","v":"n"}," nouveaux messages (",{"t":"idOrVar","v":"accountName"},")"],"many":[{"t":"idOrVar","v":"n"}," nouveaux messages (",{"t":"idOrVar","v":"accountName"},")"],"one":["1 nouveau message (",{"t":"idOrVar","v":"accountName"},")"],"other":[{"t":"idOrVar","v":"n"}," nouveaux messages (",{"t":"idOrVar","v":"accountName"},")"],"two":[{"t":"idOrVar","v":"n"}," nouveaux messages (",{"t":"idOrVar","v":"accountName"},")"]},"$x":[{"t":"idOrVar","v":"plural"},"n"]},{"$i":"new-emails-notify-multiple-accounts-body","$v":[{"t":"idOrVar","v":"from"}," « ",{"t":"idOrVar","v":"subject"}," »"]},{"$i":"tng-plain-socket-warning-title","$v":"Confirmez-vous ?"},{"$i":"tng-plain-socket-warning-message","$v":"D’autres personnes sont susceptibles de voir vos mots de passe et e-mails ou de contrôler votre compte."},{"$i":"tng-plain-socket-warning-message-options","$v":"Il existe plusieurs fournisseurs d’e-mail gratuits qui offrent des connexions chiffrées plus sécurisées."},{"$i":"tng-plain-socket-warning-ok","$v":"J’ai compris"},{"$i":"message-reader-date-received","ariaLabel":"Reçu"},{"$i":"sort-by-title","$v":"Trier par"},{"$i":"sort-by-date","$v":"Date"},{"$i":"sort-by-from","$v":"De"},{"$i":"sort-by-to","$v":"À :"},{"$i":"sort-by-subject","$v":"Objet"},{"$i":"softkey-options","$v":"Options"},{"$i":"opt-compose","$v":"Rédiger"},{"$i":"opt-reply","$v":"Répondre"},{"$i":"opt-reply-all","$v":"Répondre à tous"},{"$i":"opt-forward","$v":"Transférer"},{"$i":"opt-mark-read","$v":"Marquer comme lu(s)"},{"$i":"opt-mark-unread","$v":"Marquer comme non lu(s)"},{"$i":"opt-add-flag","$v":"Ajouter un signalement"},{"$i":"opt-remove-flag","$v":"Supprimer le signalement"},{"$i":"opt-move-message","$v":"Déplacer vers le dossier"},{"$i":"opt-delete-message","$v":"Supprimer"},{"$i":"opt-multi-select","$v":"Sélection multiple"},{"$i":"opt-search","$v":"Rechercher"},{"$i":"opt-folders","$v":"Afficher les dossiers"},{"$i":"opt-sort","$v":"Trier"},{"$i":"opt-sync","$v":"Synchroniser"},{"$i":"opt-account","$v":"Changer de compte"},{"$i":"opt-settings","$v":"Paramètres"},{"$i":"opt-edit","$v":"Modifier"},{"$i":"opt-cancel","$v":"Annuler"},{"$i":"opt-save","$v":"Enregistrer"},{"$i":"opt-move","$v":"Déplacer"},{"$i":"opt-view","$v":"Voir"},{"$i":"opt-empty-trash","$v":"Vider la corbeille"},{"$i":"opt-call-number","$v":"Appeler"},{"$i":"opt-compose-mail","$v":"Rédiger"},{"$i":"opt-open-url","$v":"Ouvert"},{"$i":"select-option-on","$v":"Activé"},{"$i":"select-option-off","$v":"Désactivé"},{"$i":"select-option-imap-smtp","$v":"IMAP+SMTP"},{"$i":"select-option-pop3-smtp","$v":"POP3+SMTP"},{"$i":"select-option-activesync","$v":"ActiveSync"},{"$i":"toaster-switch-account","$v":"Nouveau compte de messagerie utilisé :"},{"$i":"toaster-sorted-by","$v":"E-mails triés par"},{"$i":"cmp-reply","$v":"Répondre"},{"$i":"cmp-reply-all","$v":"Répondre à tous"},{"$i":"cmp-forward","$v":"Transférer le message"},{"$i":"cmp-remove-attach","$v":"Pièce jointe supprimée"},{"$i":"select","$v":"Sélect."},{"$i":"deselect","$v":"Désélect."},{"$i":"cancel","$v":"Annuler"},{"$i":"enter","$v":"Saisir"},{"$i":"remove-attachment","$v":"Supprimer la pièce jointe"},{"$i":"replace-attachment","$v":"Remplacer la pièce jointe"},{"$i":"add-attachment","$v":"Aj. une pièce jointe"},{"$i":"add-contact","$v":"Ajouter un contact"},{"$i":"add-cc","$v":"Ajouter en Cc"},{"$i":"remove-cc","$v":"Retirer de Cc"},{"$i":"add-bcc","$v":"Ajouter en Cci"},{"$i":"remove-bcc","$v":"Retirer de Cci"},{"$i":"attachment-download","$v":"Téléch."},{"$i":"attachment-share","$v":"Partag."},{"$i":"send-new-mail","$v":"Envoyer un nouveau message"},{"$i":"view-contact","$v":"Afficher le contact"},{"$i":"save-new-contact","$v":"Créer un contact"},{"$i":"add-to-exsiting-contact","$v":"Ajouter au contact existant"},{"$i":"no","$v":"Non"},{"$i":"yes","$v":"Oui"},{"$i":"retry","$v":"Réessayer"},{"$i":"empty","$v":"Vider"},{"$i":"empty-trash-confirm","$v":"Voulez-vous vider la corbeille ?"},{"$i":"trash-emptied","$v":"Corbeille vidée"},{"$i":"next","$v":"Suivant"},{"$i":"welcome-header","$v":"E-mail"},{"$i":"welcome-msg","$v":"Bienvenue dans l'application E-mail."},{"$i":"welcome-msg-setup","$v":"Appuyez sur Suivant pour configurer votre compte de messagerie."},{"$i":"discard","$v":"Ignorer"},{"$i":"leave-this-page-warning-message","$v":"Ignorer les informations ?"},{"$i":"finish","$v":"Terminer"},{"$i":"setup-done-msg","$v":"Vous êtes correctement connecté au compte. Voulez-vous en ajouter un autre ?"},{"$i":"save-as-draft","$v":"Enregistrer comme brouillon"},{"$i":"show-password","$v":"Aff. mot de passe"},{"$i":"account-label","$v":"Nom du compte"},{"$i":"folders","$v":"Dossiers"},{"$i":"security","$v":"Sécurité"},{"$i":"port-number","$v":"Numéro de port"},{"$i":"domain-username","$v":"Domaine\\Nom d’utilisateur"},{"$i":"synchronizing","$v":"Synchronisation en cours…"},{"$i":"browse-mail","$v":"Parcourir les e-mails"},{"$i":"never-sync","$v":"Les brouillons en local ne sont pas synchronisés avec le serveur."},{"$i":"emptyDownloadFile","$v":"Téléchargement de ce fichier (éventuellement vide) impossible"},{"$i":"sync","$v":"Syncho."},{"$i":"outbox-unsent-label","$v":{"few":[{"t":"idOrVar","v":"n"}," messages encore dans la boîte d’envoi"],"many":[{"t":"idOrVar","v":"n"}," messages encore dans la boîte d’envoi"],"one":"1 message encore dans la boîte d’envoi","other":[{"t":"idOrVar","v":"n"}," messages encore dans la boîte d’envoi"],"two":"2 messages encore dans la boîte d’envoi"},"$x":[{"t":"idOrVar","v":"plural"},"n"]},{"$i":"storage-full-title","$v":"Mémoire pleine"},{"$i":"storage-full-warning","$v":"Vous pouvez supprimer des fichiers multimédias ou gérer les données d’application pour libérer de l’espace."},{"$i":"storage-full","$v":"La mémoire de stockage interne est pleine."},{"$i":"storage-sdcard-full","$v":"La carte SD est pleine."},{"$i":"view-address","$v":"Afficher l’adresse"},{"$i":"mail-address-title","$v":"Adresse e-mail"},{"$i":"mail-address","$v":[{"t":"idOrVar","v":"address"}]},{"$i":"value-name","$v":[{"t":"idOrVar","v":"name"}]},{"$i":"account-deleted","$v":"Le compte est supprimé."},{"$i":"account-reEnable","$v":"Le compte est déjà utilisé. Synchroniser le compte ?"},{"$i":"setup-account-usedInfo","$v":"Ce compte sera utilisé par les applications suivantes. Vous pouvez modifier l’option dans Paramètres>Compte."},{"$i":"setup-account-settingsInfo","$v":"Chaque application possède des intervalles de synchronisation par défaut différents. Vérifiez dans ses paramètres."},{"$i":"app-calendar","$v":"Agenda"},{"$i":"app-contacts","$v":"Contacts"},{"$i":"app-email","$v":"E-mail"},{"$i":"sync-account-guide","$v":"Activer la synchronisation du compte dans les paramètres pour afficher les e-mails."},{"$i":"settings-account-sync","$v":"Synchroniser le compte"},{"$i":"weekday-0-long","$v":"Dimanche"},{"$i":"weekday-1-long","$v":"Lundi"},{"$i":"weekday-2-long","$v":"Mardi"},{"$i":"weekday-3-long","$v":"Mercredi"},{"$i":"weekday-4-long","$v":"Jeudi"},{"$i":"weekday-5-long","$v":"Vendredi"},{"$i":"weekday-6-long","$v":"Samedi"},{"$i":"weekday-0-short","$v":"dim"},{"$i":"weekday-1-short","$v":"lun"},{"$i":"weekday-2-short","$v":"mar"},{"$i":"weekday-3-short","$v":"mer"},{"$i":"weekday-4-short","$v":"jeu"},{"$i":"weekday-5-short","$v":"ven"},{"$i":"weekday-6-short","$v":"sam"},{"$i":"month-0-long","$v":"Janvier"},{"$i":"month-1-long","$v":"Février"},{"$i":"month-2-long","$v":"Mars"},{"$i":"month-3-long","$v":"Avril"},{"$i":"month-4-long","$v":"mai"},{"$i":"month-5-long","$v":"Juin"},{"$i":"month-6-long","$v":"Juillet"},{"$i":"month-7-long","$v":"Août"},{"$i":"month-8-long","$v":"Septembre"},{"$i":"month-9-long","$v":"Octobre"},{"$i":"month-10-long","$v":"Novembre"},{"$i":"month-11-long","$v":"Décembre"},{"$i":"month-0-genitive","$v":"Janvier"},{"$i":"month-1-genitive","$v":"Février"},{"$i":"month-2-genitive","$v":"Mars"},{"$i":"month-3-genitive","$v":"Avril"},{"$i":"month-4-genitive","$v":"mai"},{"$i":"month-5-genitive","$v":"Juin"},{"$i":"month-6-genitive","$v":"Juillet"},{"$i":"month-7-genitive","$v":"Août"},{"$i":"month-8-genitive","$v":"Septembre"},{"$i":"month-9-genitive","$v":"Octobre"},{"$i":"month-10-genitive","$v":"Novembre"},{"$i":"month-11-genitive","$v":"Décembre"},{"$i":"month-0-short","$v":"jan."},{"$i":"month-1-short","$v":"fév."},{"$i":"month-2-short","$v":"mars"},{"$i":"month-3-short","$v":"avr."},{"$i":"month-4-short","$v":"mai"},{"$i":"month-5-short","$v":"juin"},{"$i":"month-6-short","$v":"juil."},{"$i":"month-7-short","$v":"août"},{"$i":"month-8-short","$v":"sep."},{"$i":"month-9-short","$v":"oct."},{"$i":"month-10-short","$v":"nov."},{"$i":"month-11-short","$v":"déc."},{"$i":"minutes-ago-long","$v":{"few":["il y a ",{"t":"idOrVar","v":"value"}," minutes"],"many":["Il y a ",{"t":"idOrVar","v":"value"}," minutes"],"other":["il y a ",{"t":"idOrVar","v":"value"}," minutes"],"two":["il y a ",{"t":"idOrVar","v":"value"}," minutes"],"one":"Il y a 1 minute","zero":"À l’instant"},"$x":[{"t":"idOrVar","v":"plural"},"value"]},{"$i":"hours-ago-long","$v":{"few":["il y a ",{"t":"idOrVar","v":"value"}," heures"],"many":["Il y a ",{"t":"idOrVar","v":"value"}," heures"],"other":["il y a ",{"t":"idOrVar","v":"value"}," heures"],"two":["il y a ",{"t":"idOrVar","v":"value"}," heures"],"one":"Il y a 1 heure","zero":"À l’instant"},"$x":[{"t":"idOrVar","v":"plural"},"value"]},{"$i":"days-ago-long","$v":{"few":["il y a ",{"t":"idOrVar","v":"value"}," jours"],"many":["il y a ",{"t":"idOrVar","v":"value"}," jours"],"one":"hier","other":["il y a ",{"t":"idOrVar","v":"value"}," jours"],"two":["il y a ",{"t":"idOrVar","v":"value"}," jours"],"zero":"aujourd’hui"},"$x":[{"t":"idOrVar","v":"plural"},"value"]},{"$i":"weeks-ago-long","$v":{"few":["il y a ",{"t":"idOrVar","v":"value"}," semaines"],"many":["il y a ",{"t":"idOrVar","v":"value"}," semaines"],"one":"la semaine dernière","other":["il y a ",{"t":"idOrVar","v":"value"}," semaines"],"two":["il y a ",{"t":"idOrVar","v":"value"}," semaines"],"zero":"cette semaine"},"$x":[{"t":"idOrVar","v":"plural"},"value"]},{"$i":"months-ago-long","$v":{"few":["il y a ",{"t":"idOrVar","v":"value"}," mois"],"many":["il y a ",{"t":"idOrVar","v":"value"}," mois"],"one":"le mois dernier","other":["il y a ",{"t":"idOrVar","v":"value"}," mois"],"two":["il y a ",{"t":"idOrVar","v":"value"}," mois"],"zero":"ce mois-ci"},"$x":[{"t":"idOrVar","v":"plural"},"value"]},{"$i":"years-ago-long","$v":{"few":["il y a ",{"t":"idOrVar","v":"value"}," ans"],"many":["il y a ",{"t":"idOrVar","v":"value"}," ans"],"one":"l’année dernière","other":["il y a ",{"t":"idOrVar","v":"value"}," ans"],"two":["il y a ",{"t":"idOrVar","v":"value"}," ans"],"zero":"cette année"},"$x":[{"t":"idOrVar","v":"plural"},"value"]},{"$i":"minutes-until-long","$v":{"few":["dans ",{"t":"idOrVar","v":"value"}," minutes"],"many":["dans ",{"t":"idOrVar","v":"value"}," minutes"],"other":["dans ",{"t":"idOrVar","v":"value"}," minutes"],"two":["dans ",{"t":"idOrVar","v":"value"}," minutes"],"zero":"maintenant","one":["dans ",{"t":"idOrVar","v":"value"}," minute"]},"$x":[{"t":"idOrVar","v":"plural"},"value"]},{"$i":"hours-until-long","$v":{"few":["dans ",{"t":"idOrVar","v":"value"}," heures"],"many":["dans ",{"t":"idOrVar","v":"value"}," heures"],"other":["dans ",{"t":"idOrVar","v":"value"}," heures"],"two":["dans ",{"t":"idOrVar","v":"value"}," heures"],"zero":"maintenant","one":["dans ",{"t":"idOrVar","v":"value"}," heure"]},"$x":[{"t":"idOrVar","v":"plural"},"value"]},{"$i":"days-until-long","$v":{"few":["dans ",{"t":"idOrVar","v":"value"}," jours"],"many":["dans ",{"t":"idOrVar","v":"value"}," jours"],"one":"demain","other":["dans ",{"t":"idOrVar","v":"value"}," jours"],"two":["dans ",{"t":"idOrVar","v":"value"}," jours"],"zero":"aujourd’hui"},"$x":[{"t":"idOrVar","v":"plural"},"value"]},{"$i":"weeks-until-long","$v":{"few":["dans ",{"t":"idOrVar","v":"value"}," semaines"],"many":["dans ",{"t":"idOrVar","v":"value"}," semaines"],"one":"la semaine prochaine","other":["dans ",{"t":"idOrVar","v":"value"}," semaines"],"two":["dans ",{"t":"idOrVar","v":"value"}," semaines"],"zero":"cette semaine"},"$x":[{"t":"idOrVar","v":"plural"},"value"]},{"$i":"months-until-long","$v":{"few":["dans ",{"t":"idOrVar","v":"value"}," mois"],"many":["dans ",{"t":"idOrVar","v":"value"}," mois"],"one":"le mois prochain","other":["dans ",{"t":"idOrVar","v":"value"}," mois"],"two":["dans ",{"t":"idOrVar","v":"value"}," mois"],"zero":"ce mois-ci"},"$x":[{"t":"idOrVar","v":"plural"},"value"]},{"$i":"years-until-long","$v":{"few":["dans ",{"t":"idOrVar","v":"value"}," ans"],"many":["dans ",{"t":"idOrVar","v":"value"}," ans"],"one":"l’année prochaine","other":["dans ",{"t":"idOrVar","v":"value"}," ans"],"two":["dans ",{"t":"idOrVar","v":"value"}," ans"],"zero":"cette année"},"$x":[{"t":"idOrVar","v":"plural"},"value"]},{"$i":"minutes-ago-short","$v":{"other":["il y a ",{"t":"idOrVar","v":"value"}," min"],"zero":"À l’instant"},"$x":[{"t":"idOrVar","v":"plural"},"value"]},{"$i":"hours-ago-short","$v":{"other":["il y a ",{"t":"idOrVar","v":"value"},"h"],"zero":"À l’instant"},"$x":[{"t":"idOrVar","v":"plural"},"value"]},{"$i":"days-ago-short","$v":{"other":["il y a ",{"t":"idOrVar","v":"value"},"j"],"zero":"aujourd’hui"},"$x":[{"t":"idOrVar","v":"plural"},"value"]},{"$i":"minutes-until-short","$v":{"other":["dans ",{"t":"idOrVar","v":"value"},"m"],"zero":"maintenant"},"$x":[{"t":"idOrVar","v":"plural"},"value"]},{"$i":"hours-until-short","$v":{"other":["dans ",{"t":"idOrVar","v":"value"},"h"],"zero":"maintenant"},"$x":[{"t":"idOrVar","v":"plural"},"value"]},{"$i":"days-until-short","$v":{"other":["dans ",{"t":"idOrVar","v":"value"},"j"],"zero":"aujourd’hui"},"$x":[{"t":"idOrVar","v":"plural"},"value"]},{"$i":"incorrectDate","$v":"(date incorrecte)"},{"$i":"dateTimeFormat_%c","$v":"%a %e %b %Y %H:%M:%S"},{"$i":"dateTimeFormat_%x","$v":"%d/%m/%Y"},{"$i":"dateTimeFormat_%X","$v":"%I:%M:%S %p"},{"$i":"shortTimeFormat","$v":"%I:%M %p"},{"$i":"shortTimeFormat12","$v":"%I:%M %p"},{"$i":"shortTimeFormat24","$v":"%H:%M"},{"$i":"shortDateTimeFormat","$v":"%x %H:%M"},{"$i":"weekStartsOnMonday","$v":"0.0"},{"$i":"firstDayOfTheWeek","$v":"1.0"},{"$i":"time_am","$v":"AM"},{"$i":"time_pm","$v":"PM"}]