[{"$i":"setup-app-name-header","$v":"मेल"},{"$i":"setup-empty-account-message","$v":"आपने ईमेल भेजने और प्राप्त करने के लिए सेट-अप नहीं किया हैं। प्रक्रिया पूरी करने के लिए अकाउंट सेट अप करें"},{"$i":"setup-pick-service","$v":"ईमेल भेजने और प्राप्त करने के लिए, आपको एक खाता सेट करना होगा।"},{"$i":"setup-account-header3","$v":"खाते में लॉगइन"},{"$i":"setup-account-password","$v":"पासवर्ड"},{"$i":"setup-info-next","$v":"अगला"},{"$i":"setup-progress-wait-msg","$v":"खाता सेट अप हो रहा है"},{"$i":"setup-sync-progress-wait-msg","$v":"खाता सिंक हो रहा है"},{"$i":"setup-completed-header","$v":"बधाई!"},{"$i":"setup-completed-label","$v":"सब कुछ होगया!"},{"$i":"setup-add-another-account","$v":"दूसरा अकाउंट जोड़े"},{"$i":"setup-show-mail","$v":"मेल जारी रखें"},{"$i":"setup-done-add","$v":"अकाउंट जोड़ें"},{"$i":"setup-error-offline","$v":"कोई इंटरनेट कनेक्शन नहीं हैं"},{"$i":"setup-error-bad-user-or-pass2","$v":"ईमेल एड्रेस या पासवर्ड गलत है।"},{"$i":"setup-error-bad-address","$v":"ईमेल एड्रेस गलत है।"},{"$i":"setup-error-not-authorized","$v":"खाता बनाने के लिए अधिकृत नहीं हैं।"},{"$i":"setup-error-pop-server-not-great","$v":"POP3 सर्वर आवश्यक सुविधाओं का समर्थन नहीं करता है।"},{"$i":"setup-error-unknown2","$v":"कोई अज्ञात त्रुटि हुई।अपना नेटवर्क कनेक्शन जांचें अन्यथा मैन्युअल कॉन्फ़िगरेशन विकल्प आज़माएं।"},{"$i":"setup-error-needs-app-pass","$v":"आपको टू-फैक्टर जीमेल खातों के लिए ऐप्लिकेशन विशिष्ट पासवर्ड का उपयोग करना होगा।"},{"$i":"setup-error-imap-disabled","$v":"आपको अपने जीमेल खाते के लिए IMAP को सक्षम करना होगा।"},{"$i":"setup-error-pop3-disabled","$v":"आपको अपने जीमेल खाते के लिए POP3 को सक्षम करना होगा।"},{"$i":"setup-error-bad-security","$v":[{"t":"idOrVar","v":"server"},"\" के साथ सुरक्षित रूप से कनेक्ट करने में असमर्थ रहे। आपके नेटवर्क या सर्वर के साथ कोई समस्या हो सकती है।"]},{"$i":"setup-error-unresponsive-server","$v":[{"t":"idOrVar","v":"server"},"\" के साथ कनेक्ट करने में असमर्थ रहे। नेटवर्क के साथ कोई समस्या हो सकती है।"]},{"$i":"setup-error-server-problem","$v":["सर्वर \"",{"t":"idOrVar","v":"server"},"\" के साथ एक समस्या है। बाद में फिर कोशिश करें."]},{"$i":"setup-error-no-config-info","$v":"कॉन्फ़िगरेशन असफल रहा। ई-मेल एड्रेस जांच करें या मैन्युअल कॉन्फ़िगरेशन विकल्प से प्रयास करें।"},{"$i":"setup-error-server-maintenance","$v":["सर्वर \"",{"t":"idOrVar","v":"server"},"\" मेंटेनेंस के लिए ऑफ़लाइन है। बाद में फिर कोशिश करें."]},{"$i":"setup-error-account-already-exists","$v":"खाता पहले से मौजूद है।"},{"$i":"setup-manual-config2","$v":"उन्नत"},{"$i":"setup-manual-config-header","$v":"खाते में लॉगइन"},{"$i":"setup-manual-account-type-header","$v":"अकाउंट प्रकार"},{"$i":"setup-manual-account-type","$v":"अकाउंट प्रकार"},{"$i":"setup-manual-account-type-select","ariaLabel":"अकाउंट प्रकार"},{"$i":"setup-manual-imap-header","$v":"IMAP सेटिंग्स"},{"$i":"setup-manual-pop3-header","$v":"POP3 सेटिंग्स"},{"$i":"setup-manual-smtp-header","$v":"SMTP सेटिंग्स"},{"$i":"setup-manual-activesync-header","$v":"ActiveSync सेटिंग्स"},{"$i":"setup-manual-next","$v":"अगला"},{"$i":"setup-manual-socket","$v":"सॉकेट प्रकार"},{"$i":"setup-manual-socket-ssl","$v":"SSL"},{"$i":"setup-manual-socket-starttls","$v":"STARTTLS"},{"$i":"setup-manual-socket-select","ariaLabel":"कनेक्शन सुरक्षा"},{"$i":"setup-manual-socket-plain","$v":"एन्क्रिप्ट नही किया"},{"$i":"setup-bad-password-header","$v":"गलत पासवर्ड"},{"$i":"setup-bad-password","$v":"सर्वर में साइन इन करने में असमर्थ,  कृपया सुनिश्चित करें कि आपका पासवर्ड सही है।"},{"$i":"setup-new-password","placeholder":"नया पासवर्ड"},{"$i":"setup-fix-password","$v":"नए पासवर्ड के साथ पुन: प्रयास करें"},{"$i":"setup-gmail-twofactor-header","$v":"दो-फैक्टर सक्षम हुआ"},{"$i":"setup-gmail-twofactor-message","$v":"आपको नीचे एक एप्लिकेशन-विशिष्ट पासवर्ड दर्ज करना होगा।"},{"$i":"setup-gmail-imap-header","$v":"IMAP अक्षम"},{"$i":"setup-gmail-imap-message","$v":"आपको अपने जीमेल खाते पर IMAP सक्षम करना होगा"},{"$i":"setup-gmail-retry","$v":"पुन: प्रयास करें"},{"$i":"setup-gmail-pop3-header","$v":"POP3 अक्षम किया गया है"},{"$i":"setup-gmail-pop3-message","$v":"आपको अपने जीमेल खाते पर POP3 सक्षम करना होगा"},{"$i":"setup-fix-oauth2-header","$v":"फिर से ईमेल अधिकृत करें"},{"$i":"setup-fix-oauth2-description","$v":"निम्नलिखित खाते का उपयोग करने फिर से ईमेल अधिकृत किए जाने की आवश्यकता हैं:"},{"$i":"setup-fix-oauth2-reauthorize","$v":"फिर से अधिकृत करें"},{"$i":"settings-main-header","$v":"ईमेल सेटिंग्स"},{"$i":"settings-sub-header-account","$v":"अकाउंट"},{"$i":"settings-account-group","ariaLabel":"अकाउंट"},{"$i":"settings-account-name","$v":"आपका नाम"},{"$i":"settings-account-label","$v":"अकाउंट का नाम"},{"$i":"settings-account-display-notifications","$v":"नई ईमेल सूचनाएं डिस्प्ले करें"},{"$i":"settings-account-play-sound-onsend","$v":"संदेश भेजने के बाद ध्वनी बजाएं"},{"$i":"settings-account-signature-label","$v":"हस्ताक्षर"},{"$i":"settings-sub-header-data","$v":"डेटा"},{"$i":"settings-data-group","ariaLabel":"डेटा"},{"$i":"settings-account-check-mail","$v":"नए संदेश के लिए जाँच करें"},{"$i":"settings-account-check-mail-select","ariaLabel":"नए संदेश के लिए जाँच करें"},{"$i":"settings-sub-header-server","$v":"सर्वर सेटिंग्स"},{"$i":"settings-server-group","ariaLabel":"सर्वर सेटिंग्स"},{"$i":"settings-account-userpass","$v":"यूज़रनेम और पासवर्ड"},{"$i":"settings-account-useroauth2","$v":"यूज़र नेम"},{"$i":"settings-default-signature-2","$v":"मेरे फोन से भेजा गया"},{"$i":"settings-done","$v":"हो गया"},{"$i":"settings-account-section","$v":"अकाउंट्स"},{"$i":"settings-account-listbox","ariaLabel":"अकाउंट्स"},{"$i":"settings-account-add","$v":"जोड़ें"},{"$i":"settings-account-delete","$v":"अकाउंट हटाएं"},{"$i":"settings-account-delete-prompt","$v":"यदि आप इस खाते को हटाते हैं, तो इस खाते का उपयोग करने वाले ऐप भी प्रभावित होंगे।"},{"$i":"settings-account-delete-desc","$v":"आप अकाउंट को फिर से बनाते हैं तो आपको मेल फिर से डाउनलोड करना होगा।"},{"$i":"settings-account-delete-cancel","$v":"रद्द करें"},{"$i":"settings-account-delete-confirm","$v":"हटाएँ"},{"$i":"settings-account-clarify","$v":[{"t":"idOrVar","v":"account-name"}]},{"$i":"settings-account-clarify-imap","$v":[{"t":"idOrVar","v":"account-name"}," (IMAP)"]},{"$i":"settings-account-clarify-pop3","$v":[{"t":"idOrVar","v":"account-name"}," (POP3)"]},{"$i":"settings-account-clarify-smtp","$v":[{"t":"idOrVar","v":"account-name"}," (SMTP)"]},{"$i":"settings-general-section","$v":"सामान्य सेटिंग्स"},{"$i":"settings-show-images","$v":"हमेशा इमेज दिखाए"},{"$i":"settings-download-attachments","$v":"अटैचमेंट को डाउनलोड करें"},{"$i":"settings-check-every-5min","$v":"हर 5 मिनट में"},{"$i":"settings-check-every-10min","$v":"हर 10 मिनट में"},{"$i":"settings-check-every-15min","$v":"हर 15 मिनट में"},{"$i":"settings-check-every-30min","$v":"हर 30 मिनट में"},{"$i":"settings-check-every-60min","$v":"प्रत्येक घंटे"},{"$i":"settings-check-every-manual","$v":"मैन्युअल रूप से"},{"$i":"settings-check-dynamic","$v":{"few":[{"t":"idOrVar","v":"n"}," सेकेण्ड"],"many":[{"t":"idOrVar","v":"n"}," सेकेण्ड"],"one":[{"t":"idOrVar","v":"n"}," सेकेण्ड"],"other":[{"t":"idOrVar","v":"n"}," सेकेण्ड"],"two":[{"t":"idOrVar","v":"n"}," सेकेण्ड"],"zero":"अक्षम"},"$x":[{"t":"idOrVar","v":"plural"},"n"]},{"$i":"settings-default-account","$v":"डिफ़ॉल्ट ईमेल के रूप में सेट करें"},{"$i":"settings-account-type","$v":"अकाउंट प्रकार"},{"$i":"settings-account-credentials","$v":"क्रेडेंशियल्स"},{"$i":"settings-activesync-label","$v":"ActiveSync सेटिंग्स की जानकारी"},{"$i":"settings-imap-label","$v":"IMAP सेटिंग्स की जानकारी"},{"$i":"settings-pop3-label","$v":"POP3 सेटिंग्स की जानकारी"},{"$i":"settings-smtp-label","$v":"SMTP सेटिंग्स की जानकारी"},{"$i":"settings-hostname","$v":"होस्ट का नाम"},{"$i":"settings-port","$v":"पोर्ट"},{"$i":"settings-username","$v":"यूज़र नेम"},{"$i":"settings-password","$v":"पासवर्ड"},{"$i":"settings-save","$v":"सेव करें"},{"$i":"password-saved","$v":"पासवर्ड सेव किया गया।"},{"$i":"settings-reauth","$v":"फिर से अधिकृत करें"},{"$i":"settings-account-synchronize-window","$v":"सिंक के लिए दिन"},{"$i":"settings-account-synchronize-window-select","ariaLabel":"सिंक के लिए दिन"},{"$i":"settings-synchronize-auto","$v":"स्वचालित"},{"$i":"settings-synchronize-one-day","$v":"1 दिन"},{"$i":"settings-synchronize-three-days","$v":"3 दिन"},{"$i":"settings-synchronize-one-week","$v":"1 सप्ताह"},{"$i":"settings-synchronize-two-weeks","$v":"2 सप्ताह"},{"$i":"settings-synchronize-one-month","$v":"1 महीना"},{"$i":"settings-synchronize-all","$v":"तमाम संदेश"},{"$i":"envelope-from","$v":"से"},{"$i":"envelope-to","$v":"प्रति"},{"$i":"envelope-cc","$v":"CC"},{"$i":"envelope-bcc","$v":"BCC"},{"$i":"message-header-state-sending","ariaLabel":"भेजा जा रहा है"},{"$i":"message-header-state-error","ariaLabel":"भेजने में त्रुटि हुई"},{"$i":"message-header-unread","ariaLabel":"नही पढ़ा"},{"$i":"message-header-reply","ariaLabel":"जवाब दें"},{"$i":"message-header-forward","ariaLabel":"फॉरवर्ड करें"},{"$i":"message-header-starred","ariaLabel":"स्टार है"},{"$i":"message-header-attachments","ariaLabel":"अटैचमेंट है"},{"$i":"message-body-container","ariaLabel":"संदेश का मुख्य हिस्सा"},{"$i":"message-body-container-progress","ariaValueText":"लोड हो रहा हैं..."},{"$i":"subject","ariaLabel":"विषय"},{"$i":"attachments-container","ariaLabel":"अटैचमेंट"},{"$i":"from-group","ariaLabel":"से"},{"$i":"to-group","ariaLabel":"प्रति"},{"$i":"cc-group","ariaLabel":"CC"},{"$i":"bcc-group","ariaLabel":"BCC"},{"$i":"compose-header","$v":"संदेश लिखें"},{"$i":"compose-header-short","$v":"लिखें"},{"$i":"compose-send","$v":"भेजें"},{"$i":"compose-send-button","ariaLabel":"भेजें"},{"$i":"compose-to","$v":"प्रति"},{"$i":"compose-cc","$v":"CC"},{"$i":"compose-bcc","$v":"BCC"},{"$i":"compose-cc-remove","$v":"cc सूची को हटाया गया।"},{"$i":"compose-bcc-remove","$v":"bcc सूची को हटाया गया।"},{"$i":"compose-contact-add","ariaLabel":"संपर्क जोड़ें"},{"$i":"compose-attachments","$v":{"few":["अटैचमेंट(",{"t":"idOrVar","v":"n"},")"],"many":["अटैचमेंट(",{"t":"idOrVar","v":"n"},")"],"one":["अटैचमेंट(",{"t":"idOrVar","v":"n"},")"],"other":["अटैचमेंट(",{"t":"idOrVar","v":"n"},")"],"two":["अटैचमेंट(",{"t":"idOrVar","v":"n"},")"],"zero":"अटैचमेंट"},"$x":[{"t":"idOrVar","v":"plural"},"n"]},{"$i":"compose-text","ariaLabel":"संपादित करें"},{"$i":"compose-attachment-still-working","$v":"एक क्षण, अभी भी पिछले अटैचमेंट पर काम कर रहें हैं ..."},{"$i":"compose-attachment-loading","$v":"अटैचमेंट लोड हो रहा है ..."},{"$i":"compose-attachments-loading","$v":"अटैचमेंट लोड हो रहे हैं ..."},{"$i":"compose-forward-attachment-error-title","$v":"डाउनलोड विफल रहा"},{"$i":"compose-forward-attachment-error-title2","$v":"त्रुटि"},{"$i":"compose-forward-attachment-unable-load","$v":"अटैचमेंट लोड करने में असमर्थ रहे।"},{"$i":"compose-forward-attachments-unable-load","$v":"अटैचमेंट लोड करने में असमर्थ रहे।"},{"$i":"compose-forward-attachment-load-error","$v":"कुछ अटैचमेंट को लोड नहीं किया जा सका।"},{"$i":"confirmation-title","$v":"पुष्टिकरण"},{"$i":"compose-subject","$v":"विषय"},{"$i":"compose-draft-save","$v":"संदेश को ड्राफ्ट के रूप में सेव करना चाहतें हैं?"},{"$i":"compose-discard-confirm","$v":"हटाएं"},{"$i":"compose-draft-dialog-cancel","$v":"रद्द करें"},{"$i":"compose-draft-dialog-save","$v":"सेव करें"},{"$i":"composer-draft-saved","$v":"ड्राफ्ट में सेव हुआ।"},{"$i":"attention","$v":"ध्यान दें"},{"$i":"compose-send-message-failed","$v":"भेजा जा रहा है ईमेल विफल हुआ।"},{"$i":"compose-attchment-size-exceeded","$v":"संदेश के साथ भेजने के लिए अटैचमेंट बहुत बड़ा है।"},{"$i":"compose-attchments-size-exceeded","$v":"संदेश के साथ भेजने के लिए अटैचमेंट बहुत बड़े हैं।"},{"$i":"composer-attachment-large-title","$v":"फ़ाइल का आकार बहुत बड़ा है"},{"$i":"default-attachment-filename","$v":["अटैचमेंट(",{"t":"idOrVar","v":"n"},")"]},{"$i":"attachment-size-meb","$v":[{"t":"idOrVar","v":"megabytes"}," MB"]},{"$i":"attachment-size-kib","$v":[{"t":"idOrVar","v":"kilobytes"}," KB"]},{"$i":"attachment-size-byte","$v":[{"t":"idOrVar","v":"bytes"}," B"]},{"$i":"message-attachment-view","$v":"देखें"},{"$i":"message-attachment-did-not-open-label","$v":"खोलने में असमर्थ"},{"$i":"message-attachment-did-not-open-body","$v":"उपकरण पे अटैचमेंट खोलने के लिए कोई ऐप नहीं हैं"},{"$i":"message-attachment-too-large","$v":"फ़ाइल इतनी बड़ी है कि डाउनलोड नहीं कि जा सकती।"},{"$i":"message-attachment-not-found","$v":"अटैचमेंट फाइल नहीं मिली, फिर से डाउनलोड करना चाहते हैं?"},{"$i":"message-attachment-download-fail","$v":[{"t":"idOrVar","v":"fileName"}," - डाउनलोड विफ़ल हुआ।"]},{"$i":"message-no-subject","$v":"(कोई विषय नहीं)"},{"$i":"message-edit-menu-edit","$v":"संपादित करें"},{"$i":"message-edit-menu-delete","$v":"हटाएँ"},{"$i":"message-edit-delete-confirm","$v":"इमेल संदेश हटाएँ?"},{"$i":"message-forward-attachment-title","$v":"अटैचमेंट"},{"$i":"message-forward-attachment","$v":"अटैचमेंट भी फॉरवर्ड करना चाहते हैं?"},{"$i":"message-forward-attachments","$v":"अटैचमेंट भी फॉरवर्ड करना चाहते हैं?"},{"$i":"message-multiedit-header","$v":{"few":[{"t":"idOrVar","v":"n"}," चयनित"],"many":[{"t":"idOrVar","v":"n"}," चयनित"],"one":[{"t":"idOrVar","v":"n"}," चयनित"],"other":[{"t":"idOrVar","v":"n"}," चयनित"],"two":[{"t":"idOrVar","v":"n"}," चयनित"],"zero":[{"t":"idOrVar","v":"n"}," चयनित"]},"$x":[{"t":"idOrVar","v":"plural"},"n"]},{"$i":"message-multiedit-search-header","$v":{"few":[{"t":"idOrVar","v":"n"}," चयनित"],"many":[{"t":"idOrVar","v":"n"}," चयनित"],"one":[{"t":"idOrVar","v":"n"}," चयनित"],"other":[{"t":"idOrVar","v":"n"}," चयनित"],"two":[{"t":"idOrVar","v":"n"}," चयनित"],"zero":"0 चयनित"},"$x":[{"t":"idOrVar","v":"plural"},"n"]},{"$i":"browse-to-url-prompt","$v":["URL पर ब्राउज करना चाहते हैं ?: ",{"t":"idOrVar","v":"url"}]},{"$i":"message-download-images-tap","$v":{"few":["यह ईमेल में ",{"t":"idOrVar","v":"n"}," चित्र शामिल हैं। डाउनलोड करने के लिए टैप करें।"],"many":["यह ईमेल में ",{"t":"idOrVar","v":"n"}," चित्र शामिल हैं। डाउनलोड करने के लिए टैप करें।"],"one":"यह ईमेल में एक चित्र शामिल हैं। डाउनलोड करने के लिए टैप करें।","other":["यह ईमेल में ",{"t":"idOrVar","v":"n"}," चित्र शामिल हैं। डाउनलोड करने के लिए टैप करें।"],"two":["यह ईमेल में ",{"t":"idOrVar","v":"n"}," चित्र शामिल हैं। डाउनलोड करने के लिए टैप करें।"]},"$x":[{"t":"idOrVar","v":"plural"},"n"]},{"$i":"message-show-external-images","$v":"एक्स्टर्नल इमेज दिखाएं"},{"$i":"message-delete-cancel","$v":"रद्द करें"},{"$i":"message-multiedit-delete-confirm","$v":{"few":[{"t":"idOrVar","v":"n"}," संदेश हटाएं?"],"many":[{"t":"idOrVar","v":"n"}," संदेश हटाएं?"],"one":"चयनित संदेश हटाएँ","other":[{"t":"idOrVar","v":"n"}," संदेश हटाएं?"],"two":[{"t":"idOrVar","v":"n"}," संदेश हटाएं?"]},"$x":[{"t":"idOrVar","v":"plural"},"n"]},{"$i":"message-large-message-cancel","$v":"रद्द करें"},{"$i":"message-large-message-ok","$v":"जारी रखें"},{"$i":"message-large-message-confirm","$v":"यह संदेश बड़ा है और कुछ समय डाउनलोड करने के लिए लग सकता है।"},{"$i":"message-large-message-warning","$v":"लोड करने के लिए संदेश बहुत बड़ा है।"},{"$i":"message-search-header","$v":"खोजें"},{"$i":"search-result","$v":["ईमेल (",{"t":"idOrVar","v":"num"},")"]},{"$i":"message-search-from","$v":"से"},{"$i":"message-search-to","$v":"प्रति"},{"$i":"message-search-subject","$v":"विषय"},{"$i":"message-search-body","$v":"मुख्य संदेश"},{"$i":"message-search-all","$v":"सभी"},{"$i":"message-search-input","placeholder":"मेल खोजें"},{"$i":"message-search-cancel","$v":"रद्द करें"},{"$i":"messages-syncing","$v":"संदेश लोड हो रहे हैं"},{"$i":"messages-syncing-progressbar","ariaValueText":"संदेश लोड हो रहे हैं"},{"$i":"messages-load-more","$v":"अधिक संदेश लोड करें"},{"$i":"messages-folder-empty","$v":"इस फ़ोल्डर में कोई ईमेल नहीं है"},{"$i":"messages-search-empty","$v":"स्थानीय रूप से कैश संदेशों में कोई मेल नहीं"},{"$i":"messages-folder-select","$v":"फोल्डर में मूव करें"},{"$i":"messages-folder-unread-max","$v":"999+"},{"$i":"message-contact-menu-create","$v":"नया संपर्क बनाएँ"},{"$i":"message-contact-menu-add-existing","$v":"मौजूदा संपर्क में जोड़ें"},{"$i":"message-contact-menu-view","$v":"संपर्क देखें"},{"$i":"message-contact-menu-reply","$v":"जवाब दें"},{"$i":"message-contact-menu-new","$v":"नया मेल भेजें"},{"$i":"message-reply-menu-reply","$v":"जवाब दें"},{"$i":"message-reply-menu-reply-all","$v":"सभी को उत्तर दें"},{"$i":"message-reply-menu-forward","$v":"फॉरवर्ड करें"},{"$i":"message-reply-menu-cancel","$v":"रद्द करें"},{"$i":"reply-quoting-wrote","$v":"{name} ने लिखा है"},{"$i":"forward-original-message","$v":"वास्तविक सन्देश"},{"$i":"forward-header-subject","$v":"विषय"},{"$i":"forward-header-date","$v":"दिनांक"},{"$i":"forward-header-from","$v":"से"},{"$i":"forward-header-reply-to","$v":"को उत्तर"},{"$i":"forward-header-to","$v":"प्रति"},{"$i":"forward-header-cc","$v":"CC"},{"$i":"folder-inbox","$v":"इनबॉक्स"},{"$i":"folder-sent","$v":"भेजा गया"},{"$i":"folder-drafts","$v":"ड्राफ़्ट्स"},{"$i":"folder-trash","$v":"ट्रेश"},{"$i":"folder-queue","$v":"भेजा न गया"},{"$i":"folder-junk","$v":"जंक"},{"$i":"folder-archives","$v":"आर्काइव"},{"$i":"folder-localdrafts","$v":"स्थानीय ड्राफ्ट"},{"$i":"folder-outbox","$v":"आउटबॉक्स"},{"$i":"drawer-back","$v":"वापस जाएं"},{"$i":"drawer-accounts-header","$v":"अकाउंट्स"},{"$i":"drawer-settings-link","$v":"सेटिंग्स"},{"$i":"folder-last-synced-label","$v":"आखरिबार सिंक:"},{"$i":"messages-refresh-progress","ariaValueText":"रीफ्रेशिंग"},{"$i":"no-internet-connection","$v":"कोई इंटरनेट कनेक्शन नहीं हैं"},{"$i":"toaster-undo","$v":"अनडू करें"},{"$i":"toaster-message-star","$v":{"one":"संदेश फ़्लैग किए गए।","few":[{"t":"idOrVar","v":"n"}," संदेश फ़्लैग किए गए।"],"many":[{"t":"idOrVar","v":"n"}," संदेश फ़्लैग किए गए।"],"other":[{"t":"idOrVar","v":"n"}," संदेश फ़्लैग किए गए।"],"two":[{"t":"idOrVar","v":"n"}," संदेश फ़्लैग किए गए।"]},"$x":[{"t":"idOrVar","v":"plural"},"n"]},{"$i":"toaster-message-unstar","$v":{"one":"संदेश फ़्लैग हटा दिया गया।","few":[{"t":"idOrVar","v":"n"}," संदेश फ़्लैग निकाल दिए गए।"],"many":[{"t":"idOrVar","v":"n"}," संदेश फ़्लैग निकाल दिए गए।"],"other":[{"t":"idOrVar","v":"n"}," संदेश फ़्लैग निकाल दिए गए।"],"two":[{"t":"idOrVar","v":"n"}," संदेश फ़्लैग निकाल दिए गए।"]},"$x":[{"t":"idOrVar","v":"plural"},"n"]},{"$i":"toaster-message-read","$v":{"one":"पठित के रूप में चिह्नित किया गया।","few":[{"t":"idOrVar","v":"n"}," संदेशों को पढ़ने के रूप में चिह्नित किया गया ।"],"many":[{"t":"idOrVar","v":"n"}," संदेशों को पढ़ने के रूप में चिह्नित किया गया ।"],"other":[{"t":"idOrVar","v":"n"}," संदेशों को पढ़ने के रूप में चिह्नित किया गया ।"],"two":[{"t":"idOrVar","v":"n"}," संदेशों को पढ़ने के रूप में चिह्नित किया गया ।"]},"$x":[{"t":"idOrVar","v":"plural"},"n"]},{"$i":"toaster-message-unread","$v":{"one":"अपठित के रूप में चिह्नित किया गया।","few":[{"t":"idOrVar","v":"n"}," संदेश अपठित के रूप में चिह्नित किया गया।"],"many":[{"t":"idOrVar","v":"n"}," संदेश अपठित के रूप में चिह्नित किया गया।"],"other":[{"t":"idOrVar","v":"n"}," संदेश अपठित के रूप में चिह्नित किया गया।"],"two":[{"t":"idOrVar","v":"n"}," संदेश अपठित के रूप में चिह्नित किया गया।"]},"$x":[{"t":"idOrVar","v":"plural"},"n"]},{"$i":"toaster-message-move","$v":{"one":"संदेश फ़ोल्डर में ले जाया गया:","few":[{"t":"idOrVar","v":"n"}," संदेश फ़ोल्डर में ले जाया गया:"],"many":[{"t":"idOrVar","v":"n"}," संदेश फ़ोल्डर में ले जाया गया:"],"other":[{"t":"idOrVar","v":"n"}," संदेश फ़ोल्डर में ले जाया गया:"],"two":[{"t":"idOrVar","v":"n"}," संदेश फ़ोल्डर में ले जाया गया:"]},"$x":[{"t":"idOrVar","v":"plural"},"n"]},{"$i":"toaster-message-delete","$v":{"one":"1 मेल हटाया गया।","few":[{"t":"idOrVar","v":"n"}," मेल हटाया गया।"],"many":[{"t":"idOrVar","v":"n"}," मेल हटाया गया।"],"other":[{"t":"idOrVar","v":"n"}," मेल हटाया गया।"],"two":[{"t":"idOrVar","v":"n"}," मेल हटाया गया।"]},"$x":[{"t":"idOrVar","v":"plural"},"n"]},{"$i":"toaster-sync-failed","$v":"सर्वर से संपर्क करने में असमर्थ।"},{"$i":"compose-invalid-addresses-title","$v":"अमान्य पता"},{"$i":"compose-invalid-addresses-description","$v":"आपका संदेश में एक या अधिक अमान्य ईमेल एड्रेस शामिल हैं कृपया भेजने से पहले उन्हें ठीक करें।"},{"$i":"background-send-pending","$v":"कोई इंटरनेट कनेक्शन नहीं है। ईमेल आउटबॉक्स में सेव किया गया।"},{"$i":"background-send-sending","$v":"भेजा जा रहा हैं…"},{"$i":"background-send-success","$v":"ईमेल भेजा गया।"},{"$i":"background-send-error","$v":"त्रुटि हुई। ईमेल आउटबॉक्स में सेव किया गया।"},{"$i":"background-send-error-recipients","$v":"प्राप्तकर्ता त्रुटि। ईमेल आउटबॉक्स में सेव किया गया।"},{"$i":"background-send-error-title","$v":"मेल भेजने में विफल"},{"$i":"send-failure-recipients","$v":"उपर दिए गये पते के शब्दों की जांच करें आपके मेल सर्वर ने संकेत दिया की एक से अधिक उपर दिए पते सही नहीं हैं।"},{"$i":"send-failure-unknown","$v":"संदेश भेजा नहीं जा सका।"},{"$i":"form-clear-input","$v":"लेख हटाएं"},{"$i":"confirm-dialog-title","$v":"पुष्टिकरण"},{"$i":"confirm-dialog-ok","$v":"ठीक हैं"},{"$i":"msg-display-subject","$v":"विषय"},{"$i":"msg-reader-display-attachments","$v":"अटैचमेंट"},{"$i":"msg-reader-display-attachment","$v":"अटैचमेंट"},{"$i":"msg-reader-download-external-images","$v":["डाउनलोड एक्सटर्नल इमेज (",{"t":"idOrVar","v":"n"}," MB)"]},{"$i":"msg-reader-sender-header","$v":"प्रेषक"},{"$i":"msg-reader-recipients-header","$v":"प्राप्तकर्ता"},{"$i":"msg-reader-cc-header","$v":"CC"},{"$i":"msg-reader-bcc-header","$v":"BCC"},{"$i":"msg-reader-message-flagged","$v":"संदेश फ़्लैग किए गए"},{"$i":"msg-reader-flag-removed","$v":"फ्लेग हटाया"},{"$i":"external-image-downloading","$v":"डाउनलोड हो रहा है..."},{"$i":"senders-separation-sign","$v":",\""},{"$i":"new-messages","$v":{"few":[{"t":"idOrVar","v":"n"}," नया संदेश"],"many":[{"t":"idOrVar","v":"n"}," नया संदेश"],"one":"1 नया संदेश","other":[{"t":"idOrVar","v":"n"}," नया संदेश"],"two":[{"t":"idOrVar","v":"n"}," नया संदेश"]},"$x":[{"t":"idOrVar","v":"plural"},"n"]},{"$i":"new-emails-notify-one-account","$v":{"few":[{"t":"idOrVar","v":"n"}," नया ईमेल"],"many":[{"t":"idOrVar","v":"n"}," नया ईमेल"],"one":"1 नया ईमेल","other":[{"t":"idOrVar","v":"n"}," नया ईमेल"],"two":[{"t":"idOrVar","v":"n"}," नया ईमेल"]},"$x":[{"t":"idOrVar","v":"plural"},"n"]},{"$i":"new-emails-notify-multiple-accounts","$v":{"few":[{"t":"idOrVar","v":"n"}," नया ईमेल (",{"t":"idOrVar","v":"accountName"},")"],"many":[{"t":"idOrVar","v":"n"}," नया ईमेल (",{"t":"idOrVar","v":"accountName"},")"],"one":["1 नया ईमेल (",{"t":"idOrVar","v":"accountName"},")"],"other":[{"t":"idOrVar","v":"n"}," नया ईमेल (",{"t":"idOrVar","v":"accountName"},")"],"two":[{"t":"idOrVar","v":"n"}," नया ईमेल (",{"t":"idOrVar","v":"accountName"},")"]},"$x":[{"t":"idOrVar","v":"plural"},"n"]},{"$i":"new-emails-notify-multiple-accounts-body","$v":[{"t":"idOrVar","v":"from"}," “",{"t":"idOrVar","v":"subject"},"”"]},{"$i":"tng-plain-socket-warning-title","$v":"क्या आप निश्चित हैं?"},{"$i":"tng-plain-socket-warning-message","$v":"अन्य लोग आपका पासवर्ड और ईमेल देख सकते हैं या आपके खाते को नियंत्रित कर सकते हैं।"},{"$i":"tng-plain-socket-warning-message-options","$v":"कई, मुफ्त ईमेल प्रदाता हैं जो अधिक सुरक्षित, एन्क्रिप्टेड कनेक्शन प्रदान करते हैं।"},{"$i":"tng-plain-socket-warning-ok","$v":"मै समझता हुँ"},{"$i":"message-reader-date-received","ariaLabel":"प्राप्त"},{"$i":"sort-by-title","$v":"के अनुसार क्रमबद्ध करें"},{"$i":"sort-by-date","$v":"दिनांक"},{"$i":"sort-by-from","$v":"से"},{"$i":"sort-by-to","$v":"प्रति"},{"$i":"sort-by-subject","$v":"विषय"},{"$i":"softkey-options","$v":"विकल्प"},{"$i":"opt-compose","$v":"लिखें"},{"$i":"opt-reply","$v":"जवाब दें"},{"$i":"opt-reply-all","$v":"सभी को उत्तर दें"},{"$i":"opt-forward","$v":"फॉरवर्ड करें"},{"$i":"opt-mark-read","$v":"पढ़ा गया चिह्नित करें"},{"$i":"opt-mark-unread","$v":"नही पढ़ा गया चिह्नित करें"},{"$i":"opt-add-flag","$v":"फ्लैग जोड़ें"},{"$i":"opt-remove-flag","$v":"फ्लैग निकालें"},{"$i":"opt-move-message","$v":"फोल्डर में मूव करें"},{"$i":"opt-delete-message","$v":"हटाएँ"},{"$i":"opt-multi-select","$v":"एकाधिक चुनें"},{"$i":"opt-search","$v":"खोजें"},{"$i":"opt-folders","$v":"फ़ोल्डर देखें"},{"$i":"opt-sort","$v":"क्रमबद्ध करें"},{"$i":"opt-sync","$v":"सिंक्रनाइज़ करें"},{"$i":"opt-account","$v":"खाता बदलिये"},{"$i":"opt-settings","$v":"सेटिंग्स"},{"$i":"opt-edit","$v":"संपादित करें"},{"$i":"opt-cancel","$v":"रद्द करें"},{"$i":"opt-save","$v":"सेव करें"},{"$i":"opt-move","$v":"ले जाएं"},{"$i":"opt-view","$v":"देखें"},{"$i":"opt-empty-trash","$v":"ट्रेश खाली करें"},{"$i":"opt-call-number","$v":"कॉल करें"},{"$i":"opt-compose-mail","$v":"लिखें"},{"$i":"opt-open-url","$v":"खोलें"},{"$i":"select-option-on","$v":"ऑन"},{"$i":"select-option-off","$v":"ऑफ"},{"$i":"select-option-imap-smtp","$v":"IMAP+SMTP"},{"$i":"select-option-pop3-smtp","$v":"POP3+SMTP"},{"$i":"select-option-activesync","$v":"ActiveSync"},{"$i":"toaster-switch-account","$v":"ईमेल खाते को स्विच किया गया:"},{"$i":"toaster-sorted-by","$v":"ईमेल को इसके द्वारा क्रमबद्ध किया गया"},{"$i":"cmp-reply","$v":"जवाब दें"},{"$i":"cmp-reply-all","$v":"सभी को उत्तर दें"},{"$i":"cmp-forward","$v":"संदेश अग्रेषित करें"},{"$i":"cmp-remove-attach","$v":"अटैचमेंट निकाला गया"},{"$i":"select","$v":"चुनें"},{"$i":"deselect","$v":"चयन हटाएं"},{"$i":"cancel","$v":"रद्द करें"},{"$i":"enter","$v":"दर्ज करें"},{"$i":"remove-attachment","$v":"अटैचमेंट हटाएं"},{"$i":"replace-attachment","$v":"अटैचमेंट बदलें"},{"$i":"add-attachment","$v":"अटैचमेंट जोड़ें"},{"$i":"add-contact","$v":"संपर्क जोड़ें"},{"$i":"add-cc","$v":"Cc जोड़ें"},{"$i":"remove-cc","$v":"Cc निकालें"},{"$i":"add-bcc","$v":"Bcc जोड़ें"},{"$i":"remove-bcc","$v":"Bcc निकालें"},{"$i":"attachment-download","$v":"डाउनलोड करें"},{"$i":"attachment-share","$v":"साझा करें"},{"$i":"send-new-mail","$v":"नया मेल भेजें"},{"$i":"view-contact","$v":"संपर्क देखें"},{"$i":"save-new-contact","$v":"नया संपर्क बनाएँ"},{"$i":"add-to-exsiting-contact","$v":"मौजूदा संपर्क में जोड़ें"},{"$i":"no","$v":"नहीं"},{"$i":"yes","$v":"हां"},{"$i":"retry","$v":"पुन: प्रयास करें"},{"$i":"empty","$v":"खाली हैं"},{"$i":"empty-trash-confirm","$v":"क्या आप ट्रेश खाली करना चाहते हैं?"},{"$i":"trash-emptied","$v":"ट्रैश खाली किया"},{"$i":"next","$v":"अगला"},{"$i":"welcome-header","$v":"ईमेल"},{"$i":"welcome-msg","$v":"ईमेल में आपका स्वागत है"},{"$i":"welcome-msg-setup","$v":"अपना ईमेल खाता सेट अप करने के लिए अगला दबाएं"},{"$i":"discard","$v":"हटाएं"},{"$i":"leave-this-page-warning-message","$v":"जानकारी ख़ारिज करना चाहते हैं?"},{"$i":"finish","$v":"समाप्त करें"},{"$i":"setup-done-msg","$v":"आपने सफलतापूर्वक साइन इन किया हैं। क्या आप कोई अन्य अकाउंट जोड़ना चाहते हैं?"},{"$i":"save-as-draft","$v":"ड्रॉफ़्ट के रूप में सेव करें"},{"$i":"show-password","$v":"पासवर्ड दिखाएं"},{"$i":"account-label","$v":"अकाउंट का नाम"},{"$i":"folders","$v":"फोल्डर"},{"$i":"security","$v":"सुरक्षा"},{"$i":"port-number","$v":"पोर्ट संख्या"},{"$i":"domain-username","$v":"डोमेन\\उपयोगकर्ता नाम"},{"$i":"synchronizing","$v":"सिंक्रनाइज़ किया जा रहा है..."},{"$i":"browse-mail","$v":"मेल ब्राउज़ करें"},{"$i":"never-sync","$v":"स्थानीय ड्राफ्ट सर्वर से सिंक नहीं किए जाते हैं।"},{"$i":"emptyDownloadFile","$v":"इस फाइल को डाउनलोड करने में असमर्थ है, यह खाली हो सकती है"},{"$i":"sync","$v":"सिंक"},{"$i":"outbox-unsent-label","$v":{"few":["आउटबॉक्स में से नहीं भेजे गये ",{"t":"idOrVar","v":"n"}," संदेश"],"many":["आउटबॉक्स में से नहीं भेजे गये ",{"t":"idOrVar","v":"n"}," संदेश"],"one":"आउटबॉक्स में नहीं भेजे गये संदेश 1","other":["आउटबॉक्स में से नहीं भेजे गये ",{"t":"idOrVar","v":"n"}," संदेश"],"two":"आउटबॉक्स में नहीं भेजे गये संदेश 2"},"$x":[{"t":"idOrVar","v":"plural"},"n"]},{"$i":"storage-full-title","$v":"स्टोरेज भर गया"},{"$i":"storage-full-warning","$v":"अधिक खाली स्थान पाने के लिए आप कुछ मीडिया फ़ाइलों को हटा सकते हैं या एप्लिकेशन डेटा प्रबंधित कर सकते हैं।"},{"$i":"storage-full","$v":"फोन स्टोरेज भरा हुआ है।"},{"$i":"storage-sdcard-full","$v":"SD कार्ड भरा है"},{"$i":"view-address","$v":"पता देखें"},{"$i":"mail-address-title","$v":"ईमेल एड्रेस"},{"$i":"mail-address","$v":[{"t":"idOrVar","v":"address"}]},{"$i":"value-name","$v":[{"t":"idOrVar","v":"name"}]},{"$i":"account-deleted","$v":"खाता हटाया गया।"},{"$i":"account-reEnable","$v":"अकाउंट पहले से मौजूद है।अकाउंट सिंक करें?"},{"$i":"setup-account-usedInfo","$v":"इस खाते का उपयोग नीचे दिए गए ऐप द्वारा किया जाएगा। आप इसे सेटिंग्स> खाते में बदल सकते हैं।"},{"$i":"setup-account-settingsInfo","$v":"प्रत्येक ऐप के लिए अलग-अलग डिफ़ॉल्‍ट सिंक अंतराल हैं, कृपया ऐप सेटिंग्स में जाकर जांचें।"},{"$i":"app-calendar","$v":"कैलेंडर"},{"$i":"app-contacts","$v":"संपर्क"},{"$i":"app-email","$v":"ईमेल"},{"$i":"sync-account-guide","$v":"ईमेल देखने के लिए सेटिंग्स में जाकर अकाउंट सिंक करना चालू करें।"},{"$i":"settings-account-sync","$v":"अकाउंट सिंक करें"},{"$i":"weekday-0-long","$v":"रविवार"},{"$i":"weekday-1-long","$v":"सोमवार"},{"$i":"weekday-2-long","$v":"मंगलवार"},{"$i":"weekday-3-long","$v":"बुधवार"},{"$i":"weekday-4-long","$v":"गुरुवार"},{"$i":"weekday-5-long","$v":"शुक्रवार"},{"$i":"weekday-6-long","$v":"शनिवार"},{"$i":"weekday-0-short","$v":"रवि"},{"$i":"weekday-1-short","$v":"सोम"},{"$i":"weekday-2-short","$v":"मंगल"},{"$i":"weekday-3-short","$v":"बुध"},{"$i":"weekday-4-short","$v":"गुरु"},{"$i":"weekday-5-short","$v":"शुक्र"},{"$i":"weekday-6-short","$v":"शनि"},{"$i":"month-0-long","$v":"जनवरी"},{"$i":"month-1-long","$v":"फरवरी"},{"$i":"month-2-long","$v":"मार्च"},{"$i":"month-3-long","$v":"अप्रैल"},{"$i":"month-4-long","$v":"मई"},{"$i":"month-5-long","$v":"जून"},{"$i":"month-6-long","$v":"जुलाई"},{"$i":"month-7-long","$v":"अगस्त"},{"$i":"month-8-long","$v":"सितंबर"},{"$i":"month-9-long","$v":"अक्टूबर"},{"$i":"month-10-long","$v":"नवंबर"},{"$i":"month-11-long","$v":"दिसंबर"},{"$i":"month-0-genitive","$v":"जनवरी"},{"$i":"month-1-genitive","$v":"फरवरी"},{"$i":"month-2-genitive","$v":"मार्च"},{"$i":"month-3-genitive","$v":"अप्रैल"},{"$i":"month-4-genitive","$v":"मई"},{"$i":"month-5-genitive","$v":"जून"},{"$i":"month-6-genitive","$v":"जुलाई"},{"$i":"month-7-genitive","$v":"अगस्त"},{"$i":"month-8-genitive","$v":"सितंबर"},{"$i":"month-9-genitive","$v":"अक्टूबर"},{"$i":"month-10-genitive","$v":"नवंबर"},{"$i":"month-11-genitive","$v":"दिसंबर"},{"$i":"month-0-short","$v":"जनवरी"},{"$i":"month-1-short","$v":"फरवरी"},{"$i":"month-2-short","$v":"मार्च"},{"$i":"month-3-short","$v":"अप्रैल"},{"$i":"month-4-short","$v":"मई"},{"$i":"month-5-short","$v":"जून"},{"$i":"month-6-short","$v":"जुलाई"},{"$i":"month-7-short","$v":"अगस्त"},{"$i":"month-8-short","$v":"सितंबर"},{"$i":"month-9-short","$v":"अक्टूबर"},{"$i":"month-10-short","$v":"नवंबर"},{"$i":"month-11-short","$v":"दिसंबर"},{"$i":"minutes-ago-long","$v":{"few":[{"t":"idOrVar","v":"value"}," मिनट पहले"],"many":[{"t":"idOrVar","v":"value"}," मिनट पहले"],"other":[{"t":"idOrVar","v":"value"}," मिनट पहले"],"two":[{"t":"idOrVar","v":"value"}," मिनट पहले"],"one":"एक मिनट पहले","zero":"Just now"},"$x":[{"t":"idOrVar","v":"plural"},"value"]},{"$i":"hours-ago-long","$v":{"few":[{"t":"idOrVar","v":"value"}," घंटे पहले"],"many":[{"t":"idOrVar","v":"value"}," घंटे पहले"],"other":[{"t":"idOrVar","v":"value"}," घंटे पहले"],"two":[{"t":"idOrVar","v":"value"}," घंटे पहले"],"one":"एक घंटे पहले","zero":"Just now"},"$x":[{"t":"idOrVar","v":"plural"},"value"]},{"$i":"days-ago-long","$v":{"few":[{"t":"idOrVar","v":"value"}," दिनों पहले"],"many":[{"t":"idOrVar","v":"value"}," दिनों पहले"],"one":"बीता कल","other":[{"t":"idOrVar","v":"value"}," दिनों पहले"],"two":[{"t":"idOrVar","v":"value"}," दिनों पहले"],"zero":"आज"},"$x":[{"t":"idOrVar","v":"plural"},"value"]},{"$i":"weeks-ago-long","$v":{"few":[{"t":"idOrVar","v":"value"}," सप्ताह पहले"],"many":[{"t":"idOrVar","v":"value"}," सप्ताह पहले"],"one":"पिछले सप्ताह","other":[{"t":"idOrVar","v":"value"}," सप्ताह पहले"],"two":[{"t":"idOrVar","v":"value"}," सप्ताह पहले"],"zero":"इस सप्ताह"},"$x":[{"t":"idOrVar","v":"plural"},"value"]},{"$i":"months-ago-long","$v":{"few":[{"t":"idOrVar","v":"value"}," महीनों पहले"],"many":[{"t":"idOrVar","v":"value"}," महीनों पहले"],"one":"पिछले महीने","other":[{"t":"idOrVar","v":"value"}," महीनों पहले"],"two":[{"t":"idOrVar","v":"value"}," महीनों पहले"],"zero":"इस महीने"},"$x":[{"t":"idOrVar","v":"plural"},"value"]},{"$i":"years-ago-long","$v":{"few":[{"t":"idOrVar","v":"value"}," वर्ष पहले"],"many":[{"t":"idOrVar","v":"value"}," वर्ष पहले"],"one":"पिछले वर्ष","other":[{"t":"idOrVar","v":"value"}," वर्ष पहले"],"two":[{"t":"idOrVar","v":"value"}," वर्ष पहले"],"zero":"इस वर्ष"},"$x":[{"t":"idOrVar","v":"plural"},"value"]},{"$i":"minutes-until-long","$v":{"few":[{"t":"idOrVar","v":"value"}," मिनट में"],"many":[{"t":"idOrVar","v":"value"}," मिनट में"],"other":[{"t":"idOrVar","v":"value"}," मिनट में"],"two":[{"t":"idOrVar","v":"value"}," मिनट में"],"zero":"अभी","one":"एक मिनट में"},"$x":[{"t":"idOrVar","v":"plural"},"value"]},{"$i":"hours-until-long","$v":{"few":[{"t":"idOrVar","v":"value"}," घंटों में"],"many":[{"t":"idOrVar","v":"value"}," घंटों में"],"other":[{"t":"idOrVar","v":"value"}," घंटों में"],"two":[{"t":"idOrVar","v":"value"}," घंटों में"],"zero":"अभी","one":"एक घंटे में"},"$x":[{"t":"idOrVar","v":"plural"},"value"]},{"$i":"days-until-long","$v":{"few":[{"t":"idOrVar","v":"value"}," दिनों में"],"many":[{"t":"idOrVar","v":"value"}," दिनों में"],"one":"कल","other":[{"t":"idOrVar","v":"value"}," दिनों में"],"two":[{"t":"idOrVar","v":"value"}," दिनों में"],"zero":"आज"},"$x":[{"t":"idOrVar","v":"plural"},"value"]},{"$i":"weeks-until-long","$v":{"few":[{"t":"idOrVar","v":"value"}," सप्ताह में"],"many":[{"t":"idOrVar","v":"value"}," सप्ताह में"],"one":"अगले सप्ताह","other":[{"t":"idOrVar","v":"value"}," सप्ताह में"],"two":[{"t":"idOrVar","v":"value"}," सप्ताह में"],"zero":"इस सप्ताह"},"$x":[{"t":"idOrVar","v":"plural"},"value"]},{"$i":"months-until-long","$v":{"few":[{"t":"idOrVar","v":"value"}," महीनो में"],"many":[{"t":"idOrVar","v":"value"}," महीनो में"],"one":"अगले महीने","other":[{"t":"idOrVar","v":"value"}," महीनो में"],"two":[{"t":"idOrVar","v":"value"}," महीनो में"],"zero":"इस महीने"},"$x":[{"t":"idOrVar","v":"plural"},"value"]},{"$i":"years-until-long","$v":{"few":[{"t":"idOrVar","v":"value"}," वर्षों में"],"many":[{"t":"idOrVar","v":"value"}," वर्षों में"],"one":"अगले वर्ष","other":[{"t":"idOrVar","v":"value"}," वर्षों में"],"two":[{"t":"idOrVar","v":"value"}," वर्षों में"],"zero":"इस वर्ष"},"$x":[{"t":"idOrVar","v":"plural"},"value"]},{"$i":"minutes-ago-short","$v":{"other":[{"t":"idOrVar","v":"value"}," मिनट पहले"],"zero":"Just now"},"$x":[{"t":"idOrVar","v":"plural"},"value"]},{"$i":"hours-ago-short","$v":{"other":[{"t":"idOrVar","v":"value"}," घंटे पहले"],"zero":"Just now"},"$x":[{"t":"idOrVar","v":"plural"},"value"]},{"$i":"days-ago-short","$v":{"other":[{"t":"idOrVar","v":"value"}," दिनों पहले"],"zero":"आज"},"$x":[{"t":"idOrVar","v":"plural"},"value"]},{"$i":"minutes-until-short","$v":{"other":[{"t":"idOrVar","v":"value"},"मिनिट में"],"zero":"अभी"},"$x":[{"t":"idOrVar","v":"plural"},"value"]},{"$i":"hours-until-short","$v":{"other":[{"t":"idOrVar","v":"value"},"घंटे में"],"zero":"अभी"},"$x":[{"t":"idOrVar","v":"plural"},"value"]},{"$i":"days-until-short","$v":{"other":[{"t":"idOrVar","v":"value"},"दिन में"],"zero":"आज"},"$x":[{"t":"idOrVar","v":"plural"},"value"]},{"$i":"incorrectDate","$v":"(गलत दिनांक)"},{"$i":"dateTimeFormat_%c","$v":"%a %b %e %Y %I:%M:%S %p"},{"$i":"dateTimeFormat_%x","$v":"%m/%d/%Y"},{"$i":"dateTimeFormat_%X","$v":"%I:%M:%S %p"},{"$i":"shortTimeFormat","$v":"%I:%M %p"},{"$i":"shortTimeFormat12","$v":"%I:%M %p"},{"$i":"shortTimeFormat24","$v":"%H:%M"},{"$i":"shortDateTimeFormat","$v":"%x %I:%M %p"},{"$i":"weekStartsOnMonday","$v":"0.0"},{"$i":"firstDayOfTheWeek","$v":"0.0"},{"$i":"time_am","$v":"AM"},{"$i":"time_pm","$v":"PM"}]