[{"$i":"setup-app-name-header","$v":"E-mail üzenet"},{"$i":"setup-empty-account-message","$v":"Az e-mailek küldése és fogadása nincs beállítva. Állítson be egy fiókot a művelet elvégzéséhez."},{"$i":"setup-pick-service","$v":"Az e-mailek küldéséhez és fogadásához be kell állítania egy fiókot."},{"$i":"setup-account-header3","$v":"Fiókba való bejelentkezés"},{"$i":"setup-account-password","$v":"Jelszó"},{"$i":"setup-info-next","$v":"Következő"},{"$i":"setup-progress-wait-msg","$v":"Fiók beállítása..."},{"$i":"setup-sync-progress-wait-msg","$v":"Fiók szinkronizálása"},{"$i":"setup-completed-header","$v":"Gratulálunk!"},{"$i":"setup-completed-label","$v":"Elkészült!"},{"$i":"setup-add-another-account","$v":"Másik fiók hozzáadása"},{"$i":"setup-show-mail","$v":"Tovább a Levelekhez"},{"$i":"setup-done-add","$v":"Fiók hozzáadása"},{"$i":"setup-error-offline","$v":"Nincs internetkapcsolat."},{"$i":"setup-error-bad-user-or-pass2","$v":"Helytelen e-mail cím vagy jelszó."},{"$i":"setup-error-bad-address","$v":"Helytelen e-mail cím."},{"$i":"setup-error-not-authorized","$v":"Nincs engedélye a fiók létrehozására."},{"$i":"setup-error-pop-server-not-great","$v":"A POP3 szerver nem támogatja a szükséges funkciókat."},{"$i":"setup-error-unknown2","$v":"Ismeretlen hiba lépett fel. Ellenőrizze a hálózati kapcsolatot vagy próbálja ki a manuális konfiguráció opciót."},{"$i":"setup-error-needs-app-pass","$v":"Az alkalmazáshoz tartozó jelszót kell megadnia a kétfaktorú Gmail fiókokhoz."},{"$i":"setup-error-imap-disabled","$v":"Engedélyeznie kell az IMAP protokollt a Gmail fiókja esetében."},{"$i":"setup-error-pop3-disabled","$v":"Engedélyeznie kell a POP3 protokollt a Gmail fiók használatához."},{"$i":"setup-error-bad-security","$v":["Nem lehetséges biztonságos kapcsolat létesítése a következő szerverrel: „",{"t":"idOrVar","v":"server"},"”. Előfordulhat, hogy probléma lépett fel a hálózattal vagy a szerverrel."]},{"$i":"setup-error-unresponsive-server","$v":["A(z) „",{"t":"idOrVar","v":"server"},"” szerverrel való kapcsolat létrehozása sikertelen. Előfordulhat, hogy probléma lépett fel a hálózattal."]},{"$i":"setup-error-server-problem","$v":["Probléma lépett fel a(z) \"",{"t":"idOrVar","v":"server"},"\" szerverrel. Próbálja újra később."]},{"$i":"setup-error-no-config-info","$v":"Sikertelen konfiguráció. Ellenőrizze az e-mail címet vagy próbálkozzon a manuális konfiguráció lehetőséggel."},{"$i":"setup-error-server-maintenance","$v":["A(z) \"",{"t":"idOrVar","v":"server"},"\" karbantartás miatt nem elérhető. Próbálja újra később."]},{"$i":"setup-error-account-already-exists","$v":"A fiók már létezik."},{"$i":"setup-manual-config2","$v":"Speciális"},{"$i":"setup-manual-config-header","$v":"Fiókba való bejelentkezés"},{"$i":"setup-manual-account-type-header","$v":"Fiók típusa"},{"$i":"setup-manual-account-type","$v":"Fiók típusa"},{"$i":"setup-manual-account-type-select","ariaLabel":"Fiók típusa"},{"$i":"setup-manual-imap-header","$v":"IMAP-beállítások"},{"$i":"setup-manual-pop3-header","$v":"POP3-beállítások"},{"$i":"setup-manual-smtp-header","$v":"SMTP-beállítások"},{"$i":"setup-manual-activesync-header","$v":"ActiveSync beállítások"},{"$i":"setup-manual-next","$v":"Következő"},{"$i":"setup-manual-socket","$v":"Foglalattípus"},{"$i":"setup-manual-socket-ssl","$v":"SSL"},{"$i":"setup-manual-socket-starttls","$v":"STARTTLS"},{"$i":"setup-manual-socket-select","ariaLabel":"Kapcsolat biztonsága"},{"$i":"setup-manual-socket-plain","$v":"Nem titkosított"},{"$i":"setup-bad-password-header","$v":"Helytelen jelszó"},{"$i":"setup-bad-password","$v":"A szerverre való bejelentkezés sikertelen. Ellenőrizze a jelszava helyességét."},{"$i":"setup-new-password","placeholder":"Új jelszó"},{"$i":"setup-fix-password","$v":"Újrapróbálkozás másik jelszóval"},{"$i":"setup-gmail-twofactor-header","$v":"Kétfaktorú hitelesítés engedélyezve"},{"$i":"setup-gmail-twofactor-message","$v":"Az alkalmazáshoz tartozó jelszót kell megadnia az alábbiakban."},{"$i":"setup-gmail-imap-header","$v":"IMAP letiltva"},{"$i":"setup-gmail-imap-message","$v":"Engedélyeznie kell az IMAP protokollt a Gmail fiókja esetében"},{"$i":"setup-gmail-retry","$v":"Újrapróbálkozás"},{"$i":"setup-gmail-pop3-header","$v":"POP3 letiltva"},{"$i":"setup-gmail-pop3-message","$v":"Engedélyeznie kell a POP3 protokollt a Gmail fiókja esetében"},{"$i":"setup-fix-oauth2-header","$v":"E-mail újraengedélyezése"},{"$i":"setup-fix-oauth2-description","$v":"Az E-mailt újra kell engedélyezni a következő fiók eléréséhez:"},{"$i":"setup-fix-oauth2-reauthorize","$v":"Újraengedélyezés"},{"$i":"settings-main-header","$v":"E-mail beállítások"},{"$i":"settings-sub-header-account","$v":"Fiók"},{"$i":"settings-account-group","ariaLabel":"Fiók"},{"$i":"settings-account-name","$v":"Az Ön neve"},{"$i":"settings-account-label","$v":"Fiók neve"},{"$i":"settings-account-display-notifications","$v":"Új e-mail értesítések megjelenítése"},{"$i":"settings-account-play-sound-onsend","$v":"Hangjelzés az üzenet elküldését követően"},{"$i":"settings-account-signature-label","$v":"Aláírás"},{"$i":"settings-sub-header-data","$v":"Adatkapcsolat"},{"$i":"settings-data-group","ariaLabel":"Adatkapcsolat"},{"$i":"settings-account-check-mail","$v":"Új üzenetek keresése"},{"$i":"settings-account-check-mail-select","ariaLabel":"Új üzenetek keresése"},{"$i":"settings-sub-header-server","$v":"Szerverbeállítások"},{"$i":"settings-server-group","ariaLabel":"Szerverbeállítások"},{"$i":"settings-account-userpass","$v":"Felhasználónév és jelszó"},{"$i":"settings-account-useroauth2","$v":"Felhasználónév"},{"$i":"settings-default-signature-2","$v":"A telefonomról küldve"},{"$i":"settings-done","$v":"Kész"},{"$i":"settings-account-section","$v":"Fiókok"},{"$i":"settings-account-listbox","ariaLabel":"Fiókok"},{"$i":"settings-account-add","$v":"Hozzáadás"},{"$i":"settings-account-delete","$v":"Fiók törlése"},{"$i":"settings-account-delete-prompt","$v":"Ennek a fióknak a törlése, a fiókot használó alkalmazásokat is befolyásolja."},{"$i":"settings-account-delete-desc","$v":"Ha újra létrehozza a fiókot az összes levelet ismét le kell majd töltenie."},{"$i":"settings-account-delete-cancel","$v":"Mégse"},{"$i":"settings-account-delete-confirm","$v":"Törlés"},{"$i":"settings-account-clarify","$v":[{"t":"idOrVar","v":"account-name"}]},{"$i":"settings-account-clarify-imap","$v":[{"t":"idOrVar","v":"account-name"}," (IMAP)"]},{"$i":"settings-account-clarify-pop3","$v":[{"t":"idOrVar","v":"account-name"}," (POP3)"]},{"$i":"settings-account-clarify-smtp","$v":[{"t":"idOrVar","v":"account-name"}," (SMTP)"]},{"$i":"settings-general-section","$v":"Általános beállítások"},{"$i":"settings-show-images","$v":"Képek megjelenítése mindig"},{"$i":"settings-download-attachments","$v":"Csatolmányok letöltése"},{"$i":"settings-check-every-5min","$v":"5 percenként"},{"$i":"settings-check-every-10min","$v":"10 percenként"},{"$i":"settings-check-every-15min","$v":"15 percenként"},{"$i":"settings-check-every-30min","$v":"30 percenként"},{"$i":"settings-check-every-60min","$v":"óránként"},{"$i":"settings-check-every-manual","$v":"Manuálisan"},{"$i":"settings-check-dynamic","$v":{"few":[{"t":"idOrVar","v":"n"}," másodperc"],"many":[{"t":"idOrVar","v":"n"}," másodperc"],"one":[{"t":"idOrVar","v":"n"}," másodperc"],"other":[{"t":"idOrVar","v":"n"}," másodperc"],"two":[{"t":"idOrVar","v":"n"}," másodperc"],"zero":"letiltva"},"$x":[{"t":"idOrVar","v":"plural"},"n"]},{"$i":"settings-default-account","$v":"Beállítás alapértelmezett e-mail fiókként"},{"$i":"settings-account-type","$v":"Fiók típusa"},{"$i":"settings-account-credentials","$v":"Hitelesítési adatok"},{"$i":"settings-activesync-label","$v":"ActiveSync beállításokra vonatkozó információk"},{"$i":"settings-imap-label","$v":"IMAP beállításokra vonatkozó információk"},{"$i":"settings-pop3-label","$v":"POP3 beállításokra vonatkozó információk"},{"$i":"settings-smtp-label","$v":"SMTP beállításokra vonatkozó információk"},{"$i":"settings-hostname","$v":"Eszköznév"},{"$i":"settings-port","$v":"Port"},{"$i":"settings-username","$v":"Felhasználónév"},{"$i":"settings-password","$v":"Jelszó"},{"$i":"settings-save","$v":"Mentés"},{"$i":"password-saved","$v":"Jelszó mentve."},{"$i":"settings-reauth","$v":"Újraengedélyezés"},{"$i":"settings-account-synchronize-window","$v":"Szinkronizálási napok"},{"$i":"settings-account-synchronize-window-select","ariaLabel":"Szinkronizálási napok"},{"$i":"settings-synchronize-auto","$v":"Automatikus"},{"$i":"settings-synchronize-one-day","$v":"1 nap"},{"$i":"settings-synchronize-three-days","$v":"3 nap"},{"$i":"settings-synchronize-one-week","$v":"1 hét"},{"$i":"settings-synchronize-two-weeks","$v":"2 hét"},{"$i":"settings-synchronize-one-month","$v":"1 hónap"},{"$i":"settings-synchronize-all","$v":"Összes üzenet"},{"$i":"envelope-from","$v":"Feladó"},{"$i":"envelope-to","$v":"Címzett"},{"$i":"envelope-cc","$v":"Másolat"},{"$i":"envelope-bcc","$v":"Titkos másolat"},{"$i":"message-header-state-sending","ariaLabel":"Küldés..."},{"$i":"message-header-state-error","ariaLabel":"Hiba történt küldés közben"},{"$i":"message-header-unread","ariaLabel":"Olvasatlan"},{"$i":"message-header-reply","ariaLabel":"Válasz"},{"$i":"message-header-forward","ariaLabel":"Továbbítás"},{"$i":"message-header-starred","ariaLabel":"Csillaggal megjelölve"},{"$i":"message-header-attachments","ariaLabel":"Csatolmányokkal rendelkezik"},{"$i":"message-body-container","ariaLabel":"Üzenet szövegtörzse"},{"$i":"message-body-container-progress","ariaValueText":"betöltés..."},{"$i":"subject","ariaLabel":"Tárgy"},{"$i":"attachments-container","ariaLabel":"Csatolmányok"},{"$i":"from-group","ariaLabel":"Feladó"},{"$i":"to-group","ariaLabel":"Címzett"},{"$i":"cc-group","ariaLabel":"Másolat"},{"$i":"bcc-group","ariaLabel":"Titkos másolat"},{"$i":"compose-header","$v":"Üzenet írása"},{"$i":"compose-header-short","$v":"Írás"},{"$i":"compose-send","$v":"Küldés"},{"$i":"compose-send-button","ariaLabel":"Küldés"},{"$i":"compose-to","$v":"Címzett"},{"$i":"compose-cc","$v":"Másolat"},{"$i":"compose-bcc","$v":"Titkos másolat"},{"$i":"compose-cc-remove","$v":"Másolat lista eltávolítva."},{"$i":"compose-bcc-remove","$v":"Titkos másolat lista eltávolítva."},{"$i":"compose-contact-add","ariaLabel":"Névjegy hozzáadása"},{"$i":"compose-attachments","$v":{"few":["(",{"t":"idOrVar","v":"n"},") csatolmány"],"many":["(",{"t":"idOrVar","v":"n"},") csatolmány"],"one":["(",{"t":"idOrVar","v":"n"},") csatolmány"],"other":["(",{"t":"idOrVar","v":"n"},") csatolmány"],"two":["(",{"t":"idOrVar","v":"n"},") csatolmány"],"zero":"Csatolmány"},"$x":[{"t":"idOrVar","v":"plural"},"n"]},{"$i":"compose-text","ariaLabel":"Szerkesztés"},{"$i":"compose-attachment-still-working","$v":"Egy kis türelmet kérünk, az előző csatolmány még feldolgozás alatt..."},{"$i":"compose-attachment-loading","$v":"Csatolmány betöltése..."},{"$i":"compose-attachments-loading","$v":"Csatolmányok betöltése..."},{"$i":"compose-forward-attachment-error-title","$v":"A letöltés sikertelen"},{"$i":"compose-forward-attachment-error-title2","$v":"Hiba"},{"$i":"compose-forward-attachment-unable-load","$v":"A csatolmány betöltése sikertelen."},{"$i":"compose-forward-attachments-unable-load","$v":"A csatolmányok betöltése sikertelen."},{"$i":"compose-forward-attachment-load-error","$v":"Néhány csatolmány betöltése sikertelen."},{"$i":"confirmation-title","$v":"Megerősítés"},{"$i":"compose-subject","$v":"Tárgy"},{"$i":"compose-draft-save","$v":"El kívánja menteni helyi piszkozatként?"},{"$i":"compose-discard-confirm","$v":"Elvetés"},{"$i":"compose-draft-dialog-cancel","$v":"Mégse"},{"$i":"compose-draft-dialog-save","$v":"Mentés"},{"$i":"composer-draft-saved","$v":"Piszkozat mentve."},{"$i":"attention","$v":"Figyelem"},{"$i":"compose-send-message-failed","$v":"Az e-mail küldése sikertelen"},{"$i":"compose-attchment-size-exceeded","$v":"A csatolmány túl nagy az üzenettel való elküldéshez."},{"$i":"compose-attchments-size-exceeded","$v":"A csatolmányok túl nagyok az üzenettel való elküldéshez."},{"$i":"composer-attachment-large-title","$v":"A fájl mérete túl nagy."},{"$i":"default-attachment-filename","$v":[{"t":"idOrVar","v":"n"}," csatolmány"]},{"$i":"attachment-size-meb","$v":[{"t":"idOrVar","v":"megabytes"}," MB"]},{"$i":"attachment-size-kib","$v":[{"t":"idOrVar","v":"kilobytes"}," KB"]},{"$i":"attachment-size-byte","$v":[{"t":"idOrVar","v":"bytes"}," B"]},{"$i":"message-attachment-view","$v":"Megtekintés"},{"$i":"message-attachment-did-not-open-label","$v":"Nem lehet megnyitni"},{"$i":"message-attachment-did-not-open-body","$v":"Az eszközre nincs telepítve olyan alkalmazás, amellyel meg lehetne nyitni a csatolmányt."},{"$i":"message-attachment-too-large","$v":"A fájl túl nagy a letöltéshez."},{"$i":"message-attachment-not-found","$v":"A csatolmány-fájl nem található. Letölti újra?"},{"$i":"message-attachment-download-fail","$v":[{"t":"idOrVar","v":"fileName"}," - A letöltés sikertelen."]},{"$i":"message-no-subject","$v":"(nincs téma)"},{"$i":"message-edit-menu-edit","$v":"Szerkesztés"},{"$i":"message-edit-menu-delete","$v":"Törlés"},{"$i":"message-edit-delete-confirm","$v":"Törli az e-mailt?"},{"$i":"message-forward-attachment-title","$v":"Csatolmány"},{"$i":"message-forward-attachment","$v":"A csatolmányt is továbbítani kívánja?"},{"$i":"message-forward-attachments","$v":"A csatolmányokat is továbbítani kívánja?"},{"$i":"message-multiedit-header","$v":{"few":[{"t":"idOrVar","v":"n"}," kiválasztva"],"many":[{"t":"idOrVar","v":"n"}," kiválasztva"],"one":[{"t":"idOrVar","v":"n"}," kiválasztva"],"other":[{"t":"idOrVar","v":"n"}," kiválasztva"],"two":[{"t":"idOrVar","v":"n"}," kiválasztva"],"zero":[{"t":"idOrVar","v":"n"}," kiválasztva"]},"$x":[{"t":"idOrVar","v":"plural"},"n"]},{"$i":"message-multiedit-search-header","$v":{"few":[{"t":"idOrVar","v":"n"}," kiválasztva"],"many":[{"t":"idOrVar","v":"n"}," kiválasztva"],"one":[{"t":"idOrVar","v":"n"}," kiválasztva"],"other":[{"t":"idOrVar","v":"n"}," kiválasztva"],"two":[{"t":"idOrVar","v":"n"}," kiválasztva"],"zero":"0 kiválasztva"},"$x":[{"t":"idOrVar","v":"plural"},"n"]},{"$i":"browse-to-url-prompt","$v":["Megnyitja az URL-t: ",{"t":"idOrVar","v":"url"},"?"]},{"$i":"message-download-images-tap","$v":{"few":["Ez az e-mail ",{"t":"idOrVar","v":"n"}," képet tartalmaz. Érintse meg a letöltéshez."],"many":["Ez az e-mail ",{"t":"idOrVar","v":"n"}," képet tartalmaz. Érintse meg a letöltéshez."],"one":"Ez az e-mail egy képet tartalmaz. Érintse meg a letöltéshez.","other":["Ez az e-mail ",{"t":"idOrVar","v":"n"}," képet tartalmaz. Érintse meg a letöltéshez."],"two":["Ez az e-mail ",{"t":"idOrVar","v":"n"}," képet tartalmaz. Érintse meg a letöltéshez."]},"$x":[{"t":"idOrVar","v":"plural"},"n"]},{"$i":"message-show-external-images","$v":"Külső képek megjelenítése"},{"$i":"message-delete-cancel","$v":"Mégse"},{"$i":"message-multiedit-delete-confirm","$v":{"few":["Töröl ",{"t":"idOrVar","v":"n"}," üzenetet?"],"many":["Töröl ",{"t":"idOrVar","v":"n"}," üzenetet?"],"one":"Törli a kijelölt üzenetet?","other":["Töröl ",{"t":"idOrVar","v":"n"}," üzenetet?"],"two":["Töröl ",{"t":"idOrVar","v":"n"}," üzenetet?"]},"$x":[{"t":"idOrVar","v":"plural"},"n"]},{"$i":"message-large-message-cancel","$v":"Mégse"},{"$i":"message-large-message-ok","$v":"Folytatás"},{"$i":"message-large-message-confirm","$v":"Ez az üzenet nagy, és letöltése sokáig tarthat."},{"$i":"message-large-message-warning","$v":"Az üzenet túl nagy a betöltéshez."},{"$i":"message-search-header","$v":"keresés"},{"$i":"search-result","$v":["(",{"t":"idOrVar","v":"num"},") e-mail"]},{"$i":"message-search-from","$v":"Feladó"},{"$i":"message-search-to","$v":"Címzett"},{"$i":"message-search-subject","$v":"Tárgy"},{"$i":"message-search-body","$v":"Szövegtörzs"},{"$i":"message-search-all","$v":"Összes"},{"$i":"message-search-input","placeholder":"Levelek keresése"},{"$i":"message-search-cancel","$v":"Mégse"},{"$i":"messages-syncing","$v":"Üzenetek betöltése"},{"$i":"messages-syncing-progressbar","ariaValueText":"Üzenetek betöltése"},{"$i":"messages-load-more","$v":"Több üzenet betöltése"},{"$i":"messages-folder-empty","$v":"Nincsenek e-mail üzenetek ebben a mappában"},{"$i":"messages-search-empty","$v":"Nincs találat a helyileg gyorsítótárazott üzenetekben"},{"$i":"messages-folder-select","$v":"Áthelyezés a Mappába"},{"$i":"messages-folder-unread-max","$v":"999+"},{"$i":"message-contact-menu-create","$v":"Új névjegy létrehozása"},{"$i":"message-contact-menu-add-existing","$v":"Hozzáadás egy meglévő névjegyhez"},{"$i":"message-contact-menu-view","$v":"Névjegy megtekintése"},{"$i":"message-contact-menu-reply","$v":"Válasz"},{"$i":"message-contact-menu-new","$v":"Új e-mail küldése"},{"$i":"message-reply-menu-reply","$v":"Válasz"},{"$i":"message-reply-menu-reply-all","$v":"Válasz mindenkinek"},{"$i":"message-reply-menu-forward","$v":"Továbbítás"},{"$i":"message-reply-menu-cancel","$v":"Mégse"},{"$i":"reply-quoting-wrote","$v":"{name} írta:"},{"$i":"forward-original-message","$v":"Eredeti üzenet"},{"$i":"forward-header-subject","$v":"Tárgy"},{"$i":"forward-header-date","$v":"dátum"},{"$i":"forward-header-from","$v":"Feladó"},{"$i":"forward-header-reply-to","$v":"Válasz küldése a következőnek"},{"$i":"forward-header-to","$v":"Címzett"},{"$i":"forward-header-cc","$v":"Másolat"},{"$i":"folder-inbox","$v":"Bejövő üzenetek mappa"},{"$i":"folder-sent","$v":"Elküldött elemek"},{"$i":"folder-drafts","$v":"Piszkozatok"},{"$i":"folder-trash","$v":"Szemetes"},{"$i":"folder-queue","$v":"El nem küldött elemek"},{"$i":"folder-junk","$v":"Levélszemét"},{"$i":"folder-archives","$v":"Archívumok"},{"$i":"folder-localdrafts","$v":"Helyi piszkozatok"},{"$i":"folder-outbox","$v":"Kimenő üzenetek"},{"$i":"drawer-back","$v":"Vissza"},{"$i":"drawer-accounts-header","$v":"Fiókok"},{"$i":"drawer-settings-link","$v":"Beállítások"},{"$i":"folder-last-synced-label","$v":"Legutóbbi szinkronizálás:"},{"$i":"messages-refresh-progress","ariaValueText":"Frissítés..."},{"$i":"no-internet-connection","$v":"Nincs internetkapcsolat."},{"$i":"toaster-undo","$v":"Visszavonás"},{"$i":"toaster-message-star","$v":{"one":"Üzenet megjelölve.","few":[{"t":"idOrVar","v":"n"}," üzenet megjelölve."],"many":[{"t":"idOrVar","v":"n"}," üzenet megjelölve."],"other":[{"t":"idOrVar","v":"n"}," üzenet megjelölve."],"two":[{"t":"idOrVar","v":"n"}," üzenet megjelölve."]},"$x":[{"t":"idOrVar","v":"plural"},"n"]},{"$i":"toaster-message-unstar","$v":{"one":"Üzenetjelzés eltávolítva.","few":[{"t":"idOrVar","v":"n"}," üzenetjelzés eltávolítva."],"many":[{"t":"idOrVar","v":"n"}," üzenetjelzés eltávolítva."],"other":[{"t":"idOrVar","v":"n"}," üzenetjelzés eltávolítva."],"two":[{"t":"idOrVar","v":"n"}," üzenetjelzés eltávolítva."]},"$x":[{"t":"idOrVar","v":"plural"},"n"]},{"$i":"toaster-message-read","$v":{"one":"Megjelölve olvasottként.","few":[{"t":"idOrVar","v":"n"}," üzenet megjelölve olvasottként."],"many":[{"t":"idOrVar","v":"n"}," üzenet megjelölve olvasottként."],"other":[{"t":"idOrVar","v":"n"}," üzenet megjelölve olvasottként."],"two":[{"t":"idOrVar","v":"n"}," üzenet megjelölve olvasottként."]},"$x":[{"t":"idOrVar","v":"plural"},"n"]},{"$i":"toaster-message-unread","$v":{"one":"Megjelölve olvasatlanként.","few":[{"t":"idOrVar","v":"n"}," üzenet megjelölve olvasatlanként."],"many":[{"t":"idOrVar","v":"n"}," üzenet megjelölve olvasatlanként."],"other":[{"t":"idOrVar","v":"n"}," üzenet megjelölve olvasatlanként."],"two":[{"t":"idOrVar","v":"n"}," üzenet megjelölve olvasatlanként."]},"$x":[{"t":"idOrVar","v":"plural"},"n"]},{"$i":"toaster-message-move","$v":{"one":"Üzenet áthelyezve a következő mappába:","few":[{"t":"idOrVar","v":"n"}," üzenet áthelyezve a következő mappába:"],"many":[{"t":"idOrVar","v":"n"}," üzenet áthelyezve a következő mappába:"],"other":[{"t":"idOrVar","v":"n"}," üzenet áthelyezve a következő mappába:"],"two":[{"t":"idOrVar","v":"n"}," üzenet áthelyezve a következő mappába:"]},"$x":[{"t":"idOrVar","v":"plural"},"n"]},{"$i":"toaster-message-delete","$v":{"one":"1 e-mail üzenet törölve.","few":[{"t":"idOrVar","v":"n"}," e-mail üzenet törölve."],"many":[{"t":"idOrVar","v":"n"}," e-mail üzenet törölve."],"other":[{"t":"idOrVar","v":"n"}," e-mail üzenet törölve."],"two":[{"t":"idOrVar","v":"n"}," e-mail üzenet törölve."]},"$x":[{"t":"idOrVar","v":"plural"},"n"]},{"$i":"toaster-sync-failed","$v":"Nem sikerült csatlakozni a szerverhez."},{"$i":"compose-invalid-addresses-title","$v":"Érvénytelen címek"},{"$i":"compose-invalid-addresses-description","$v":"Az üzenet egy vagy több érvénytelen e-mail címet tartalmaz. Javítsa ki őket az üzenet elküldése előtt."},{"$i":"background-send-pending","$v":"Nincs internetkapcsolat. E-mail üzenet mentve a Kimenő mappába."},{"$i":"background-send-sending","$v":"Küldés…"},{"$i":"background-send-success","$v":"E-mail sikeresen elküldve."},{"$i":"background-send-error","$v":"Hiba történt. Az e-mail elmentésre került a Kimenő mappába."},{"$i":"background-send-error-recipients","$v":"Címzett hiba. Az e-mail elmentésre került a Kimenő mappába."},{"$i":"background-send-error-title","$v":"E-mail küldése sikertelen"},{"$i":"send-failure-recipients","$v":"Ellenőrizze a fenti címek helyességét. Az e-mail szerver azt jelezte, hogy a fenti címek közül egy vagy több hibás."},{"$i":"send-failure-unknown","$v":"Az üzenet nem küldhető el."},{"$i":"form-clear-input","$v":"Szöveg eltávolítása"},{"$i":"confirm-dialog-title","$v":"Megerősítés"},{"$i":"confirm-dialog-ok","$v":"OK"},{"$i":"msg-display-subject","$v":"Tárgy"},{"$i":"msg-reader-display-attachments","$v":"Csatolmányok"},{"$i":"msg-reader-display-attachment","$v":"Csatolmány"},{"$i":"msg-reader-download-external-images","$v":["Külső képek letöltése (",{"t":"idOrVar","v":"n"}," MB)"]},{"$i":"msg-reader-sender-header","$v":"Feladó"},{"$i":"msg-reader-recipients-header","$v":"Címzettek"},{"$i":"msg-reader-cc-header","$v":"Másolat"},{"$i":"msg-reader-bcc-header","$v":"Titkos másolat"},{"$i":"msg-reader-message-flagged","$v":"Üzenet megjelölve"},{"$i":"msg-reader-flag-removed","$v":"Jelzés eltávolítva"},{"$i":"external-image-downloading","$v":"Letöltés..."},{"$i":"senders-separation-sign","$v":", "},{"$i":"new-messages","$v":{"few":[{"t":"idOrVar","v":"n"}," új üzenet"],"many":[{"t":"idOrVar","v":"n"}," új üzenet"],"one":"1 új üzenet","other":[{"t":"idOrVar","v":"n"}," új üzenet"],"two":[{"t":"idOrVar","v":"n"}," új üzenet"]},"$x":[{"t":"idOrVar","v":"plural"},"n"]},{"$i":"new-emails-notify-one-account","$v":{"few":[{"t":"idOrVar","v":"n"}," új e-mail"],"many":[{"t":"idOrVar","v":"n"}," új e-mail"],"one":"1 új e-mail","other":[{"t":"idOrVar","v":"n"}," új e-mail"],"two":[{"t":"idOrVar","v":"n"}," új e-mail"]},"$x":[{"t":"idOrVar","v":"plural"},"n"]},{"$i":"new-emails-notify-multiple-accounts","$v":{"few":[{"t":"idOrVar","v":"n"}," új e-mail (",{"t":"idOrVar","v":"accountName"},")"],"many":[{"t":"idOrVar","v":"n"}," új e-mail (",{"t":"idOrVar","v":"accountName"},")"],"one":["1 új e-mail (",{"t":"idOrVar","v":"accountName"},")"],"other":[{"t":"idOrVar","v":"n"}," új e-mail (",{"t":"idOrVar","v":"accountName"},")"],"two":[{"t":"idOrVar","v":"n"}," új e-mail (",{"t":"idOrVar","v":"accountName"},")"]},"$x":[{"t":"idOrVar","v":"plural"},"n"]},{"$i":"new-emails-notify-multiple-accounts-body","$v":[{"t":"idOrVar","v":"from"}," “",{"t":"idOrVar","v":"subject"},"”"]},{"$i":"tng-plain-socket-warning-title","$v":"Biztos benne?"},{"$i":"tng-plain-socket-warning-message","$v":"Előfordulhat, hogy más személyek is láthatják a jelszavait és e-mailjeit, illetve átvehetik fiókja irányítását."},{"$i":"tng-plain-socket-warning-message-options","$v":"Több olyan ingyenes e-mail szolgáltató létezik, amely biztonságosabb, titkosított kapcsolatot biztosít."},{"$i":"tng-plain-socket-warning-ok","$v":"Tudomásul vettem"},{"$i":"message-reader-date-received","ariaLabel":"Fogadva"},{"$i":"sort-by-title","$v":"Rendezés a következők szerint:"},{"$i":"sort-by-date","$v":"dátum"},{"$i":"sort-by-from","$v":"Feladó"},{"$i":"sort-by-to","$v":"Címzett"},{"$i":"sort-by-subject","$v":"Tárgy"},{"$i":"softkey-options","$v":"Opciók"},{"$i":"opt-compose","$v":"Írás"},{"$i":"opt-reply","$v":"Válasz"},{"$i":"opt-reply-all","$v":"Válasz mindenkinek"},{"$i":"opt-forward","$v":"Továbbítás"},{"$i":"opt-mark-read","$v":"Megjelölés olvasottként"},{"$i":"opt-mark-unread","$v":"Megjelölés olvasatlanként"},{"$i":"opt-add-flag","$v":"Jelző hozzáadása"},{"$i":"opt-remove-flag","$v":"Jelzés eltávolítása"},{"$i":"opt-move-message","$v":"Áthelyezés mappába"},{"$i":"opt-delete-message","$v":"Törlés"},{"$i":"opt-multi-select","$v":"Több kiválasztása"},{"$i":"opt-search","$v":"keresés"},{"$i":"opt-folders","$v":"Mappák megtekintése"},{"$i":"opt-sort","$v":"Rendezés"},{"$i":"opt-sync","$v":"Szinkronizálás"},{"$i":"opt-account","$v":"Fiók váltása"},{"$i":"opt-settings","$v":"Beállítások"},{"$i":"opt-edit","$v":"Szerkesztés"},{"$i":"opt-cancel","$v":"Mégse"},{"$i":"opt-save","$v":"Mentés"},{"$i":"opt-move","$v":"Áthelyezés"},{"$i":"opt-view","$v":"Megtekintés"},{"$i":"opt-empty-trash","$v":"Szemetes ürítése"},{"$i":"opt-call-number","$v":"Hívás"},{"$i":"opt-compose-mail","$v":"Írás"},{"$i":"opt-open-url","$v":"Megnyitás"},{"$i":"select-option-on","$v":"Be"},{"$i":"select-option-off","$v":"Ki"},{"$i":"select-option-imap-smtp","$v":"IMAP+SMTP"},{"$i":"select-option-pop3-smtp","$v":"POP3+SMTP"},{"$i":"select-option-activesync","$v":"ActiveSync"},{"$i":"toaster-switch-account","$v":"E-mail fiók átváltva a következőre:"},{"$i":"toaster-sorted-by","$v":"E-mailek a következő szerint rendezve:"},{"$i":"cmp-reply","$v":"Válasz"},{"$i":"cmp-reply-all","$v":"Válasz mindenkinek"},{"$i":"cmp-forward","$v":"Üzenet továbbítása"},{"$i":"cmp-remove-attach","$v":"Csatolmány eltávolítva"},{"$i":"select","$v":"Kiválasztás"},{"$i":"deselect","$v":"Kijelölés törlése"},{"$i":"cancel","$v":"Mégse"},{"$i":"enter","$v":"Adja meg"},{"$i":"remove-attachment","$v":"Csatolmány eltávolítása"},{"$i":"replace-attachment","$v":"Csatolmány cseréje"},{"$i":"add-attachment","$v":"Csatolmány hozzáadása"},{"$i":"add-contact","$v":"Névjegy hozzáadása"},{"$i":"add-cc","$v":"Másolat hozzáadása"},{"$i":"remove-cc","$v":"Másolat eltávolítása"},{"$i":"add-bcc","$v":"Titkos másolat hozzáadása"},{"$i":"remove-bcc","$v":"Titkos másolat eltávolítása"},{"$i":"attachment-download","$v":"Letöltés"},{"$i":"attachment-share","$v":"Megosztás"},{"$i":"send-new-mail","$v":"Új e-mail küldése"},{"$i":"view-contact","$v":"Névjegy megtekintése"},{"$i":"save-new-contact","$v":"Új névjegy létrehozása"},{"$i":"add-to-exsiting-contact","$v":"Hozzáadás egy meglévő névjegyhez"},{"$i":"no","$v":"Nem"},{"$i":"yes","$v":"Igen"},{"$i":"retry","$v":"Újrapróbálkozás"},{"$i":"empty","$v":"Üres"},{"$i":"empty-trash-confirm","$v":"Ki kívánja üríteni a szemetest?"},{"$i":"trash-emptied","$v":"Szemetes kiürítve"},{"$i":"next","$v":"Következő"},{"$i":"welcome-header","$v":"E-mail"},{"$i":"welcome-msg","$v":"Üdvözöljük az E-mail alkalmazásban."},{"$i":"welcome-msg-setup","$v":"Nyomja meg a Következő gombot az e-mail fiókjának beállításához."},{"$i":"discard","$v":"Elvetés"},{"$i":"leave-this-page-warning-message","$v":"Elveti az információkat?"},{"$i":"finish","$v":"Befejezés"},{"$i":"setup-done-msg","$v":"Sikeresen bejelentkezett. Hozzá kíván adni egy másik fiókot?"},{"$i":"save-as-draft","$v":"Mentés piszkozatként"},{"$i":"show-password","$v":"Jelszó megjelenítése"},{"$i":"account-label","$v":"Fiók neve"},{"$i":"folders","$v":"Mappák"},{"$i":"security","$v":"Biztonság"},{"$i":"port-number","$v":"Portszám"},{"$i":"domain-username","$v":"Tartomány\\Felhasználónév"},{"$i":"synchronizing","$v":"Szinkronizálás..."},{"$i":"browse-mail","$v":"E-mail böngészés"},{"$i":"never-sync","$v":"A helyi piszkozatok nem kerültek szinkronizálásra a szerveren."},{"$i":"emptyDownloadFile","$v":"A fájl letöltése nem sikerült. Elképzelhető, hogy üres."},{"$i":"sync","$v":"Szinkronizálás"},{"$i":"outbox-unsent-label","$v":{"few":[{"t":"idOrVar","v":"n"}," elküldetlen üzenet a Kimenő mappában"],"many":[{"t":"idOrVar","v":"n"}," elküldetlen üzenet a Kimenő mappában"],"one":"1 elküldetlen üzenet a Kimenő mappában","other":[{"t":"idOrVar","v":"n"}," elküldetlen üzenet a Kimenő mappában"],"two":"2 elküldetlen üzenet a Kimenő mappában"},"$x":[{"t":"idOrVar","v":"plural"},"n"]},{"$i":"storage-full-title","$v":"A tárhely megtelt."},{"$i":"storage-full-warning","$v":"Tárhely felszabadítása érdekében törölhet néhány médiafájlt vagy alkalmazásadatot."},{"$i":"storage-full","$v":"A telefon memóriája megtelt."},{"$i":"storage-sdcard-full","$v":"Az SD-kártya megtelt."},{"$i":"view-address","$v":"Cím megtekintése"},{"$i":"mail-address-title","$v":"E-mail cím"},{"$i":"mail-address","$v":[{"t":"idOrVar","v":"address"}]},{"$i":"value-name","$v":[{"t":"idOrVar","v":"name"}]},{"$i":"account-deleted","$v":"Fiók törölve."},{"$i":"account-reEnable","$v":"A fiók már létezik. Fiók szinkronizálása?"},{"$i":"setup-account-usedInfo","$v":"A fiókot az alábbi alkalmazások fogják használni. Ezt később módosíthatja a Beállítások>Fiók menüpontban."},{"$i":"setup-account-settingsInfo","$v":"Minden alkalmazás eltérő alapértelmezett szinkronizálási intervallummal rendelkezik. Ellenőrizze az alkalmazás beállításaiban."},{"$i":"app-calendar","$v":"Naptár"},{"$i":"app-contacts","$v":"Telefonkönyv"},{"$i":"app-email","$v":"E-mail"},{"$i":"sync-account-guide","$v":"Kapcsolja be a fiók szinkronizálását a Beállítások menüpontban az e-mail megtekintéséhez."},{"$i":"settings-account-sync","$v":"Fiók szinkronizálása"},{"$i":"weekday-0-long","$v":"Vasárnap"},{"$i":"weekday-1-long","$v":"Hétfő"},{"$i":"weekday-2-long","$v":"Kedd"},{"$i":"weekday-3-long","$v":"Szerda"},{"$i":"weekday-4-long","$v":"Csütörtök"},{"$i":"weekday-5-long","$v":"Péntek"},{"$i":"weekday-6-long","$v":"Szombat"},{"$i":"weekday-0-short","$v":"Vas"},{"$i":"weekday-1-short","$v":"Hé."},{"$i":"weekday-2-short","$v":"Ke."},{"$i":"weekday-3-short","$v":"Sze."},{"$i":"weekday-4-short","$v":"Csü."},{"$i":"weekday-5-short","$v":"Pé."},{"$i":"weekday-6-short","$v":"Szo."},{"$i":"month-0-long","$v":"JANUÁR"},{"$i":"month-1-long","$v":"FEBRUÁR"},{"$i":"month-2-long","$v":"MÁRCIUS"},{"$i":"month-3-long","$v":"ÁPRILIS"},{"$i":"month-4-long","$v":"MÁJUS"},{"$i":"month-5-long","$v":"JÚNIUS"},{"$i":"month-6-long","$v":"JÚLIUS"},{"$i":"month-7-long","$v":"AUGUSZTUS"},{"$i":"month-8-long","$v":"SZEPTEMBER"},{"$i":"month-9-long","$v":"OKTÓBER"},{"$i":"month-10-long","$v":"NOVEMBER"},{"$i":"month-11-long","$v":"DECEMBER"},{"$i":"month-0-genitive","$v":"JANUÁR"},{"$i":"month-1-genitive","$v":"FEBRUÁR"},{"$i":"month-2-genitive","$v":"MÁRCIUS"},{"$i":"month-3-genitive","$v":"ÁPRILIS"},{"$i":"month-4-genitive","$v":"MÁJUS"},{"$i":"month-5-genitive","$v":"JÚNIUS"},{"$i":"month-6-genitive","$v":"JÚLIUS"},{"$i":"month-7-genitive","$v":"AUGUSZTUS"},{"$i":"month-8-genitive","$v":"SZEPTEMBER"},{"$i":"month-9-genitive","$v":"OKTÓBER"},{"$i":"month-10-genitive","$v":"NOVEMBER"},{"$i":"month-11-genitive","$v":"DECEMBER"},{"$i":"month-0-short","$v":"Jan."},{"$i":"month-1-short","$v":"Feb."},{"$i":"month-2-short","$v":"Már."},{"$i":"month-3-short","$v":"Ápr."},{"$i":"month-4-short","$v":"MÁJUS"},{"$i":"month-5-short","$v":"Jún."},{"$i":"month-6-short","$v":"Júl."},{"$i":"month-7-short","$v":"Aug."},{"$i":"month-8-short","$v":"Szep."},{"$i":"month-9-short","$v":"Okt."},{"$i":"month-10-short","$v":"Nov."},{"$i":"month-11-short","$v":"Dec."},{"$i":"minutes-ago-long","$v":{"few":[{"t":"idOrVar","v":"value"}," perccel ezelőtt"],"many":[{"t":"idOrVar","v":"value"}," perccel ezelőtt"],"other":[{"t":"idOrVar","v":"value"}," perccel ezelőtt"],"two":[{"t":"idOrVar","v":"value"}," perccel ezelőtt"],"one":"egy perccel ezelőtt","zero":"Éppen most"},"$x":[{"t":"idOrVar","v":"plural"},"value"]},{"$i":"hours-ago-long","$v":{"few":[{"t":"idOrVar","v":"value"}," órával ezelőtt"],"many":[{"t":"idOrVar","v":"value"}," órával ezelőtt"],"other":[{"t":"idOrVar","v":"value"}," órával ezelőtt"],"two":[{"t":"idOrVar","v":"value"}," órával ezelőtt"],"one":"egy órája","zero":"Éppen most"},"$x":[{"t":"idOrVar","v":"plural"},"value"]},{"$i":"days-ago-long","$v":{"few":[{"t":"idOrVar","v":"value"}," nappal ezelőtt"],"many":[{"t":"idOrVar","v":"value"}," nappal ezelőtt"],"one":"Tegnap","other":[{"t":"idOrVar","v":"value"}," nappal ezelőtt"],"two":[{"t":"idOrVar","v":"value"}," nappal ezelőtt"],"zero":"Ma"},"$x":[{"t":"idOrVar","v":"plural"},"value"]},{"$i":"weeks-ago-long","$v":{"few":[{"t":"idOrVar","v":"value"}," héttel ezelőtt"],"many":[{"t":"idOrVar","v":"value"}," héttel ezelőtt"],"one":"múlt héten","other":[{"t":"idOrVar","v":"value"}," héttel ezelőtt"],"two":[{"t":"idOrVar","v":"value"}," héttel ezelőtt"],"zero":"ezen a héten"},"$x":[{"t":"idOrVar","v":"plural"},"value"]},{"$i":"months-ago-long","$v":{"few":[{"t":"idOrVar","v":"value"}," hónappal ezelőtt"],"many":[{"t":"idOrVar","v":"value"}," hónappal ezelőtt"],"one":"Múlt hónapban","other":[{"t":"idOrVar","v":"value"}," hónappal ezelőtt"],"two":[{"t":"idOrVar","v":"value"}," hónappal ezelőtt"],"zero":"EBBEN A HÓNAPBAN"},"$x":[{"t":"idOrVar","v":"plural"},"value"]},{"$i":"years-ago-long","$v":{"few":[{"t":"idOrVar","v":"value"}," évvel ezelőtt"],"many":[{"t":"idOrVar","v":"value"}," évvel ezelőtt"],"one":"tavaly","other":[{"t":"idOrVar","v":"value"}," évvel ezelőtt"],"two":[{"t":"idOrVar","v":"value"}," évvel ezelőtt"],"zero":"idén"},"$x":[{"t":"idOrVar","v":"plural"},"value"]},{"$i":"minutes-until-long","$v":{"few":[{"t":"idOrVar","v":"value"}," perc múlva"],"many":[{"t":"idOrVar","v":"value"}," perc múlva"],"other":[{"t":"idOrVar","v":"value"}," perc múlva"],"two":[{"t":"idOrVar","v":"value"}," perc múlva"],"zero":"most","one":"egy perc múlva"},"$x":[{"t":"idOrVar","v":"plural"},"value"]},{"$i":"hours-until-long","$v":{"few":[{"t":"idOrVar","v":"value"}," óra múlva"],"many":[{"t":"idOrVar","v":"value"}," óra múlva"],"other":[{"t":"idOrVar","v":"value"}," óra múlva"],"two":[{"t":"idOrVar","v":"value"}," óra múlva"],"zero":"most","one":"egy órán múlva"},"$x":[{"t":"idOrVar","v":"plural"},"value"]},{"$i":"days-until-long","$v":{"few":[{"t":"idOrVar","v":"value"}," nap múlva"],"many":[{"t":"idOrVar","v":"value"}," nap múlva"],"one":"holnap","other":[{"t":"idOrVar","v":"value"}," nap múlva"],"two":[{"t":"idOrVar","v":"value"}," nap múlva"],"zero":"Ma"},"$x":[{"t":"idOrVar","v":"plural"},"value"]},{"$i":"weeks-until-long","$v":{"few":[{"t":"idOrVar","v":"value"}," hét múlva"],"many":[{"t":"idOrVar","v":"value"}," hét múlva"],"one":"jövő héten","other":[{"t":"idOrVar","v":"value"}," hét múlva"],"two":[{"t":"idOrVar","v":"value"}," hét múlva"],"zero":"ezen a héten"},"$x":[{"t":"idOrVar","v":"plural"},"value"]},{"$i":"months-until-long","$v":{"few":[{"t":"idOrVar","v":"value"}," hónap múlva"],"many":[{"t":"idOrVar","v":"value"}," hónap múlva"],"one":"következő hónapban","other":[{"t":"idOrVar","v":"value"}," hónap múlva"],"two":[{"t":"idOrVar","v":"value"}," hónap múlva"],"zero":"EBBEN A HÓNAPBAN"},"$x":[{"t":"idOrVar","v":"plural"},"value"]},{"$i":"years-until-long","$v":{"few":[{"t":"idOrVar","v":"value"}," év múlva"],"many":[{"t":"idOrVar","v":"value"}," év múlva"],"one":"jövő évben","other":[{"t":"idOrVar","v":"value"}," év múlva"],"two":[{"t":"idOrVar","v":"value"}," év múlva"],"zero":"idén"},"$x":[{"t":"idOrVar","v":"plural"},"value"]},{"$i":"minutes-ago-short","$v":{"other":[{"t":"idOrVar","v":"value"}," perccel ezelőtt"],"zero":"Éppen most"},"$x":[{"t":"idOrVar","v":"plural"},"value"]},{"$i":"hours-ago-short","$v":{"other":[{"t":"idOrVar","v":"value"}," órával ezelőtt"],"zero":"Éppen most"},"$x":[{"t":"idOrVar","v":"plural"},"value"]},{"$i":"days-ago-short","$v":{"other":[{"t":"idOrVar","v":"value"},"n ezelőtt"],"zero":"Ma"},"$x":[{"t":"idOrVar","v":"plural"},"value"]},{"$i":"minutes-until-short","$v":{"other":[{"t":"idOrVar","v":"value"}," percen belül"],"zero":"most"},"$x":[{"t":"idOrVar","v":"plural"},"value"]},{"$i":"hours-until-short","$v":{"other":[{"t":"idOrVar","v":"value"}," óra múlva"],"zero":"most"},"$x":[{"t":"idOrVar","v":"plural"},"value"]},{"$i":"days-until-short","$v":{"other":[{"t":"idOrVar","v":"value"}," nap múlva"],"zero":"Ma"},"$x":[{"t":"idOrVar","v":"plural"},"value"]},{"$i":"incorrectDate","$v":"(helytelen dátum)"},{"$i":"dateTimeFormat_%c","$v":"%a %b %e %Y %I:%M:%S %p"},{"$i":"dateTimeFormat_%x","$v":"%d/%m/%Y"},{"$i":"dateTimeFormat_%X","$v":"%I:%M:%S %p"},{"$i":"shortTimeFormat","$v":"%I:%M %p"},{"$i":"shortTimeFormat12","$v":"%I:%M %p"},{"$i":"shortTimeFormat24","$v":"%H:%M"},{"$i":"shortDateTimeFormat","$v":"%x %I:%M %p"},{"$i":"weekStartsOnMonday","$v":"0.0"},{"$i":"firstDayOfTheWeek","$v":"1.0"},{"$i":"time_am","$v":"de."},{"$i":"time_pm","$v":"du."}]