[{"$i":"setup-app-name-header","$v":"Pesan"},{"$i":"setup-empty-account-message","$v":"Anda tidak dipersiapkan untuk mengirim dan menerima email. Siapkan sebuah akun untuk menyelesaikan tindakan."},{"$i":"setup-pick-service","$v":"Untuk mengirim dan menerima email, Anda harus mempersiapkan sebuah akun."},{"$i":"setup-account-header3","$v":"Login ke Akun"},{"$i":"setup-account-password","$v":"Sandi"},{"$i":"setup-info-next","$v":"Berikutnya"},{"$i":"setup-progress-wait-msg","$v":"Mengatur akun"},{"$i":"setup-sync-progress-wait-msg","$v":"Menyinkronkan akun"},{"$i":"setup-completed-header","$v":"Selamat!"},{"$i":"setup-completed-label","$v":"Semua selesai!"},{"$i":"setup-add-another-account","$v":"Tambah akun lain"},{"$i":"setup-show-mail","$v":"Lanjut ke Pesan"},{"$i":"setup-done-add","$v":"Tambah Akun"},{"$i":"setup-error-offline","$v":"Tidak ada koneksi internet."},{"$i":"setup-error-bad-user-or-pass2","$v":"Alamat email atau sandi salah."},{"$i":"setup-error-bad-address","$v":"Alamat email salah."},{"$i":"setup-error-not-authorized","$v":"Tidak berwenang membuat akun."},{"$i":"setup-error-pop-server-not-great","$v":"Server POP3 tidak mendukung fitur yang dibutuhkan."},{"$i":"setup-error-unknown2","$v":"Terjadi kesalahan tidak diketahui. Periksa koneksi jaringan atau coba opsi konfigurasi manual."},{"$i":"setup-error-needs-app-pass","$v":"Anda wajib menggunakan sandi khusus aplikasi untuk akun Gmail dua faktor."},{"$i":"setup-error-imap-disabled","$v":"Anda wajib mengaktifkan IMAP untuk akun Gmail Anda."},{"$i":"setup-error-pop3-disabled","$v":"Anda wajib mengaktifkan POP3 untuk akun Gmail Anda."},{"$i":"setup-error-bad-security","$v":["Tidak dapat menjalin koneksi aman dengan \"",{"t":"idOrVar","v":"server"},"\". Mungkin ada masalah dengan jaringan atau server Anda."]},{"$i":"setup-error-unresponsive-server","$v":["Tidak dapat menjalin koneksi dengan \"",{"t":"idOrVar","v":"server"},"\". Mungkin ada masalah dengan jaringan."]},{"$i":"setup-error-server-problem","$v":["Ada masalah dengan server \"",{"t":"idOrVar","v":"server"},"\". Coba lagi nanti."]},{"$i":"setup-error-no-config-info","$v":"Konfigurasi tidak berhasil. Periksa alamat email atau coba opsi konfigurasi manual."},{"$i":"setup-error-server-maintenance","$v":["Server \"",{"t":"idOrVar","v":"server"},"\" sedang offline untuk pemeliharaan. Coba lagi nanti."]},{"$i":"setup-error-account-already-exists","$v":"Akun sudah ada."},{"$i":"setup-manual-config2","$v":"Lanjutan"},{"$i":"setup-manual-config-header","$v":"Login ke Akun"},{"$i":"setup-manual-account-type-header","$v":"Jenis Akun"},{"$i":"setup-manual-account-type","$v":"Jenis akun"},{"$i":"setup-manual-account-type-select","ariaLabel":"Jenis akun"},{"$i":"setup-manual-imap-header","$v":"Pengaturan IMAP"},{"$i":"setup-manual-pop3-header","$v":"Pengaturan POP3"},{"$i":"setup-manual-smtp-header","$v":"Pengaturan SMTP"},{"$i":"setup-manual-activesync-header","$v":"Pengaturan Sinkronisasi Aktif"},{"$i":"setup-manual-next","$v":"Berikutnya"},{"$i":"setup-manual-socket","$v":"Jenis Soket"},{"$i":"setup-manual-socket-ssl","$v":"SSL"},{"$i":"setup-manual-socket-starttls","$v":"STARTTLS"},{"$i":"setup-manual-socket-select","ariaLabel":"Keamanan koneksi"},{"$i":"setup-manual-socket-plain","$v":"Tidak terenkripsi"},{"$i":"setup-bad-password-header","$v":"Sandi Salah"},{"$i":"setup-bad-password","$v":"Tidak dapat memasuki server, pastikan kata sandi Anda benar."},{"$i":"setup-new-password","placeholder":"Sandi baru"},{"$i":"setup-fix-password","$v":"Coba kembali dengan sandi baru"},{"$i":"setup-gmail-twofactor-header","$v":"Dua-Faktor Diaktifkan"},{"$i":"setup-gmail-twofactor-message","$v":"Anda harus memasukkan sandi aplikasi spesifik di bawah."},{"$i":"setup-gmail-imap-header","$v":"IMAP Dinonaktifkan"},{"$i":"setup-gmail-imap-message","$v":"Anda harus mengaktifkan IMAP pada akun Gmail Anda."},{"$i":"setup-gmail-retry","$v":"Coba lagi"},{"$i":"setup-gmail-pop3-header","$v":"POP3 Dinonaktifkan"},{"$i":"setup-gmail-pop3-message","$v":"Anda harus mengaktifkan POP3 pada akun Gmail Anda."},{"$i":"setup-fix-oauth2-header","$v":"Mengizinkan ulang Email"},{"$i":"setup-fix-oauth2-description","$v":"Email perlu diizinkan ulang untuk mengakses akun berikut:"},{"$i":"setup-fix-oauth2-reauthorize","$v":"Mengizinkan ulang"},{"$i":"settings-main-header","$v":"Pengaturan Email"},{"$i":"settings-sub-header-account","$v":"Akun"},{"$i":"settings-account-group","ariaLabel":"Akun"},{"$i":"settings-account-name","$v":"Nama Anda"},{"$i":"settings-account-label","$v":"Nama Akun"},{"$i":"settings-account-display-notifications","$v":"Tampilkan notifikasi email baru"},{"$i":"settings-account-play-sound-onsend","$v":"Putar bunyi setelah pesan terkirim"},{"$i":"settings-account-signature-label","$v":"Tanda tangan"},{"$i":"settings-sub-header-data","$v":"Data"},{"$i":"settings-data-group","ariaLabel":"Data"},{"$i":"settings-account-check-mail","$v":"Cek pesan baru"},{"$i":"settings-account-check-mail-select","ariaLabel":"Periksa Pesan Baru"},{"$i":"settings-sub-header-server","$v":"Pengaturan Server"},{"$i":"settings-server-group","ariaLabel":"Pengaturan server"},{"$i":"settings-account-userpass","$v":"Nama pengguna dan sandi"},{"$i":"settings-account-useroauth2","$v":"Nama pengguna"},{"$i":"settings-default-signature-2","$v":"Terkirim dari ponsel saya"},{"$i":"settings-done","$v":"Selesai"},{"$i":"settings-account-section","$v":"Akun"},{"$i":"settings-account-listbox","ariaLabel":"Akun"},{"$i":"settings-account-add","$v":"Tambah"},{"$i":"settings-account-delete","$v":"Hapus akun"},{"$i":"settings-account-delete-prompt","$v":"Jika Anda menghapus akun ini, apl yang menggunakan akun ini juga akan terdampak."},{"$i":"settings-account-delete-desc","$v":"Anda harus mengunduh ulang pesan Anda jika Anda membuat ulang akun."},{"$i":"settings-account-delete-cancel","$v":"Batal"},{"$i":"settings-account-delete-confirm","$v":"Hapus"},{"$i":"settings-account-clarify","$v":[{"t":"idOrVar","v":"account-name"}]},{"$i":"settings-account-clarify-imap","$v":[{"t":"idOrVar","v":"account-name"}," (IMAP)"]},{"$i":"settings-account-clarify-pop3","$v":[{"t":"idOrVar","v":"account-name"}," (POP3)"]},{"$i":"settings-account-clarify-smtp","$v":[{"t":"idOrVar","v":"account-name"}," (SMTP)"]},{"$i":"settings-general-section","$v":"Pengaturan umum"},{"$i":"settings-show-images","$v":"Selalu menunjukkan gambar"},{"$i":"settings-download-attachments","$v":"Unduh lampiran"},{"$i":"settings-check-every-5min","$v":"5 menit sekali"},{"$i":"settings-check-every-10min","$v":"10 menit sekali"},{"$i":"settings-check-every-15min","$v":"Setiap 15 menit"},{"$i":"settings-check-every-30min","$v":"Setiap 30 menit"},{"$i":"settings-check-every-60min","$v":"Setiap Jam"},{"$i":"settings-check-every-manual","$v":"Secara manual"},{"$i":"settings-check-dynamic","$v":{"few":[{"t":"idOrVar","v":"n"}," detik"],"many":[{"t":"idOrVar","v":"n"}," detik"],"one":[{"t":"idOrVar","v":"n"}," detik"],"other":[{"t":"idOrVar","v":"n"}," detik"],"two":[{"t":"idOrVar","v":"n"}," detik"],"zero":"dinonaktifkan"},"$x":[{"t":"idOrVar","v":"plural"},"n"]},{"$i":"settings-default-account","$v":"Atur sebagai email default"},{"$i":"settings-account-type","$v":"Jenis akun"},{"$i":"settings-account-credentials","$v":"Kredensial"},{"$i":"settings-activesync-label","$v":"Informasi pengaturan ActiveSync"},{"$i":"settings-imap-label","$v":"Informasi pengaturan IMAP"},{"$i":"settings-pop3-label","$v":"Informasi pengaturan POP3"},{"$i":"settings-smtp-label","$v":"Informasi pengaturan SMTP"},{"$i":"settings-hostname","$v":"Nama host"},{"$i":"settings-port","$v":"Port"},{"$i":"settings-username","$v":"Nama pengguna"},{"$i":"settings-password","$v":"Sandi"},{"$i":"settings-save","$v":"Simpan"},{"$i":"password-saved","$v":"Sandi disimpan."},{"$i":"settings-reauth","$v":"Mengizinkan ulang"},{"$i":"settings-account-synchronize-window","$v":"Hari sebelum Sinkronisasi"},{"$i":"settings-account-synchronize-window-select","ariaLabel":"Hari sebelum sinkronisasi"},{"$i":"settings-synchronize-auto","$v":"Otomatis"},{"$i":"settings-synchronize-one-day","$v":"1 Hari"},{"$i":"settings-synchronize-three-days","$v":"3 Hari"},{"$i":"settings-synchronize-one-week","$v":"1 Minggu"},{"$i":"settings-synchronize-two-weeks","$v":"2 Minggu"},{"$i":"settings-synchronize-one-month","$v":"1 Bulan"},{"$i":"settings-synchronize-all","$v":"Semua Pesan"},{"$i":"envelope-from","$v":"Dari"},{"$i":"envelope-to","$v":"Ke"},{"$i":"envelope-cc","$v":"Cc"},{"$i":"envelope-bcc","$v":"Bcc"},{"$i":"message-header-state-sending","ariaLabel":"Mengirim"},{"$i":"message-header-state-error","ariaLabel":"Kesalahan pengiriman"},{"$i":"message-header-unread","ariaLabel":"Belum dibaca"},{"$i":"message-header-reply","ariaLabel":"Balas"},{"$i":"message-header-forward","ariaLabel":"Teruskan"},{"$i":"message-header-starred","ariaLabel":"Memiliki bintang"},{"$i":"message-header-attachments","ariaLabel":"Memiliki lampiran"},{"$i":"message-body-container","ariaLabel":"Badan pesan"},{"$i":"message-body-container-progress","ariaValueText":"Memuat"},{"$i":"subject","ariaLabel":"Subjek"},{"$i":"attachments-container","ariaLabel":"Lampiran"},{"$i":"from-group","ariaLabel":"Dari"},{"$i":"to-group","ariaLabel":"Ke"},{"$i":"cc-group","ariaLabel":"CC"},{"$i":"bcc-group","ariaLabel":"BCC"},{"$i":"compose-header","$v":"Tulis pesan"},{"$i":"compose-header-short","$v":"Tulis"},{"$i":"compose-send","$v":"Kirim"},{"$i":"compose-send-button","ariaLabel":"Kirim"},{"$i":"compose-to","$v":"Ke"},{"$i":"compose-cc","$v":"Cc"},{"$i":"compose-bcc","$v":"Bcc"},{"$i":"compose-cc-remove","$v":"Daftar cc dihapus."},{"$i":"compose-bcc-remove","$v":"Daftar bcc dihapus."},{"$i":"compose-contact-add","ariaLabel":"Tambah kontak"},{"$i":"compose-attachments","$v":{"few":["Lampiran (",{"t":"idOrVar","v":"n"},")"],"many":["Lampiran (",{"t":"idOrVar","v":"n"},")"],"one":["Lampiran (",{"t":"idOrVar","v":"n"},")"],"other":["Lampiran (",{"t":"idOrVar","v":"n"},")"],"two":["Lampiran (",{"t":"idOrVar","v":"n"},")"],"zero":"Lampiran"},"$x":[{"t":"idOrVar","v":"plural"},"n"]},{"$i":"compose-text","ariaLabel":"Edit"},{"$i":"compose-attachment-still-working","$v":"Tunggu sebentar, sedang mengerjakan lampiran sebelumnya..."},{"$i":"compose-attachment-loading","$v":"Memuat lampiran..."},{"$i":"compose-attachments-loading","$v":"Memuat lampiran..."},{"$i":"compose-forward-attachment-error-title","$v":"Unduhan Gagal"},{"$i":"compose-forward-attachment-error-title2","$v":"Kesalahan"},{"$i":"compose-forward-attachment-unable-load","$v":"Tidak dapat memuat lampiran."},{"$i":"compose-forward-attachments-unable-load","$v":"Tidak dapat memuat lampiran."},{"$i":"compose-forward-attachment-load-error","$v":"Beberapa lampiran tidak dapat dimuat."},{"$i":"confirmation-title","$v":"Konfirmasi"},{"$i":"compose-subject","$v":"Subjek"},{"$i":"compose-draft-save","$v":"Simpan ke Draf Lokal?"},{"$i":"compose-discard-confirm","$v":"Buang"},{"$i":"compose-draft-dialog-cancel","$v":"Batal"},{"$i":"compose-draft-dialog-save","$v":"Simpan"},{"$i":"composer-draft-saved","$v":"Draf disimpan."},{"$i":"attention","$v":"Perhatian"},{"$i":"compose-send-message-failed","$v":"Mengirim email gagal"},{"$i":"compose-attchment-size-exceeded","$v":"Lampiran terlalu besar untuk dikirim bersama pesan."},{"$i":"compose-attchments-size-exceeded","$v":"Lampiran terlalu besar untuk dikirim bersama pesan."},{"$i":"composer-attachment-large-title","$v":"Ukuran File Terlalu Besar"},{"$i":"default-attachment-filename","$v":["lampiran",{"t":"idOrVar","v":"n"}]},{"$i":"attachment-size-meb","$v":[{"t":"idOrVar","v":"megabytes"}," MB"]},{"$i":"attachment-size-kib","$v":[{"t":"idOrVar","v":"kilobytes"}," KB"]},{"$i":"attachment-size-byte","$v":[{"t":"idOrVar","v":"bytes"}," B"]},{"$i":"message-attachment-view","$v":"Lihat"},{"$i":"message-attachment-did-not-open-label","$v":"Tidak dapat membuka"},{"$i":"message-attachment-did-not-open-body","$v":"Perangkat tidak memiliki aplikasi yang dapat membuka lampiran."},{"$i":"message-attachment-too-large","$v":"File ini terlalu besar untuk diunduh."},{"$i":"message-attachment-not-found","$v":"File lampiran tidak ditemukan, unduh lagi?"},{"$i":"message-attachment-download-fail","$v":[{"t":"idOrVar","v":"fileName"}," - Unduhan gagal."]},{"$i":"message-no-subject","$v":"(tidak ada subjek)"},{"$i":"message-edit-menu-edit","$v":"Edit"},{"$i":"message-edit-menu-delete","$v":"Hapus"},{"$i":"message-edit-delete-confirm","$v":"Hapus pesan email?"},{"$i":"message-forward-attachment-title","$v":"Lampiran"},{"$i":"message-forward-attachment","$v":"Teruskan juga lampiran?"},{"$i":"message-forward-attachments","$v":"Teruskan juga lampiran?"},{"$i":"message-multiedit-header","$v":{"few":[{"t":"idOrVar","v":"n"}," dipilih"],"many":[{"t":"idOrVar","v":"n"}," dipilih"],"one":[{"t":"idOrVar","v":"n"}," dipilih"],"other":[{"t":"idOrVar","v":"n"}," dipilih"],"two":[{"t":"idOrVar","v":"n"}," dipilih"],"zero":[{"t":"idOrVar","v":"n"}," dipilih"]},"$x":[{"t":"idOrVar","v":"plural"},"n"]},{"$i":"message-multiedit-search-header","$v":{"few":[{"t":"idOrVar","v":"n"}," dipilih"],"many":[{"t":"idOrVar","v":"n"}," dipilih"],"one":[{"t":"idOrVar","v":"n"}," dipilih"],"other":[{"t":"idOrVar","v":"n"}," dipilih"],"two":[{"t":"idOrVar","v":"n"}," dipilih"],"zero":"0 dipilih"},"$x":[{"t":"idOrVar","v":"plural"},"n"]},{"$i":"browse-to-url-prompt","$v":["Jelajah ke URL? ",{"t":"idOrVar","v":"url"}]},{"$i":"message-download-images-tap","$v":{"few":["Email ini mengandung ",{"t":"idOrVar","v":"n"}," gambar. Ketuk untuk mengunduh."],"many":["Email ini mengandung ",{"t":"idOrVar","v":"n"}," gambar. Ketuk untuk mengunduh."],"one":"Email ini mengandung satu gambar. Ketuk untuk mengunduh.","other":["Email ini mengandung ",{"t":"idOrVar","v":"n"}," gambar. Ketuk untuk mengunduh."],"two":["Email ini mengandung ",{"t":"idOrVar","v":"n"}," gambar. Ketuk untuk mengunduh."]},"$x":[{"t":"idOrVar","v":"plural"},"n"]},{"$i":"message-show-external-images","$v":"Tunjukkan gambar eksternal"},{"$i":"message-delete-cancel","$v":"Batal"},{"$i":"message-multiedit-delete-confirm","$v":{"few":["Hapus ",{"t":"idOrVar","v":"n"}," pesan?"],"many":["Hapus ",{"t":"idOrVar","v":"n"}," pesan?"],"one":"Hapus pesan yang dipilih?","other":["Hapus ",{"t":"idOrVar","v":"n"}," pesan?"],"two":["Hapus ",{"t":"idOrVar","v":"n"}," pesan?"]},"$x":[{"t":"idOrVar","v":"plural"},"n"]},{"$i":"message-large-message-cancel","$v":"Batal"},{"$i":"message-large-message-ok","$v":"Lanjutkan"},{"$i":"message-large-message-confirm","$v":"Pesan ini besar dan butuh waktu lama untuk diunduh."},{"$i":"message-large-message-warning","$v":"Pesan terlalu besar untuk dimuat."},{"$i":"message-search-header","$v":"Cari"},{"$i":"search-result","$v":["Email(",{"t":"idOrVar","v":"num"},")"]},{"$i":"message-search-from","$v":"Dari"},{"$i":"message-search-to","$v":"Ke"},{"$i":"message-search-subject","$v":"Subjek"},{"$i":"message-search-body","$v":"Badan"},{"$i":"message-search-all","$v":"Semua"},{"$i":"message-search-input","placeholder":"Cari Pesan"},{"$i":"message-search-cancel","$v":"Batal"},{"$i":"messages-syncing","$v":"Memuat Pesan"},{"$i":"messages-syncing-progressbar","ariaValueText":"Memuat Pesan"},{"$i":"messages-load-more","$v":"Muat Pesan Lebih Banyak"},{"$i":"messages-folder-empty","$v":"Tidak ada email dalam folder ini"},{"$i":"messages-search-empty","$v":"Tidak ada yang cocok dalam pesan cache lokal"},{"$i":"messages-folder-select","$v":"Pindah ke Folder"},{"$i":"messages-folder-unread-max","$v":"999+"},{"$i":"message-contact-menu-create","$v":"Buat Kontak Baru"},{"$i":"message-contact-menu-add-existing","$v":"Tambahkan ke Kontak yang Sudah Ada"},{"$i":"message-contact-menu-view","$v":"Lihat kontak"},{"$i":"message-contact-menu-reply","$v":"Balas"},{"$i":"message-contact-menu-new","$v":"Kirim email baru"},{"$i":"message-reply-menu-reply","$v":"Balas"},{"$i":"message-reply-menu-reply-all","$v":"Balas Semua"},{"$i":"message-reply-menu-forward","$v":"Teruskan"},{"$i":"message-reply-menu-cancel","$v":"Batal"},{"$i":"reply-quoting-wrote","$v":"{name} ditulis"},{"$i":"forward-original-message","$v":"Pesan asli"},{"$i":"forward-header-subject","$v":"Subjek"},{"$i":"forward-header-date","$v":"Tanggal"},{"$i":"forward-header-from","$v":"Dari"},{"$i":"forward-header-reply-to","$v":"Balas-Ke"},{"$i":"forward-header-to","$v":"Ke"},{"$i":"forward-header-cc","$v":"Cc"},{"$i":"folder-inbox","$v":"Kotak masuk"},{"$i":"folder-sent","$v":"Terkirim"},{"$i":"folder-drafts","$v":"Konsep"},{"$i":"folder-trash","$v":"Sampah"},{"$i":"folder-queue","$v":"Tak terkirim"},{"$i":"folder-junk","$v":"Junk"},{"$i":"folder-archives","$v":"Arsip"},{"$i":"folder-localdrafts","$v":"Draf Lokal"},{"$i":"folder-outbox","$v":"Kotak keluar"},{"$i":"drawer-back","$v":"Kembali"},{"$i":"drawer-accounts-header","$v":"Akun"},{"$i":"drawer-settings-link","$v":"Pengaturan"},{"$i":"folder-last-synced-label","$v":"Sinkron terakhir:"},{"$i":"messages-refresh-progress","ariaValueText":"Menyegarkan"},{"$i":"no-internet-connection","$v":"Tidak ada koneksi internet."},{"$i":"toaster-undo","$v":"Urungkan"},{"$i":"toaster-message-star","$v":{"one":"Pesan diberi bendera.","few":[{"t":"idOrVar","v":"n"}," pesan diberi bendera."],"many":[{"t":"idOrVar","v":"n"}," pesan diberi bendera."],"other":[{"t":"idOrVar","v":"n"}," pesan diberi bendera."],"two":[{"t":"idOrVar","v":"n"}," pesan diberi bendera."]},"$x":[{"t":"idOrVar","v":"plural"},"n"]},{"$i":"toaster-message-unstar","$v":{"one":"Bendera pesan dihapus.","few":[{"t":"idOrVar","v":"n"}," bendera pesan dihapus."],"many":[{"t":"idOrVar","v":"n"}," bendera pesan dihapus."],"other":[{"t":"idOrVar","v":"n"}," bendera pesan dihapus."],"two":[{"t":"idOrVar","v":"n"}," bendera pesan dihapus."]},"$x":[{"t":"idOrVar","v":"plural"},"n"]},{"$i":"toaster-message-read","$v":{"one":"Ditandai sudah dibaca.","few":[{"t":"idOrVar","v":"n"}," pesan ditandai sudah dibaca."],"many":[{"t":"idOrVar","v":"n"}," pesan ditandai sudah dibaca."],"other":[{"t":"idOrVar","v":"n"}," pesan ditandai sudah dibaca."],"two":[{"t":"idOrVar","v":"n"}," pesan ditandai sudah dibaca."]},"$x":[{"t":"idOrVar","v":"plural"},"n"]},{"$i":"toaster-message-unread","$v":{"one":"Ditandai belum dibaca.","few":[{"t":"idOrVar","v":"n"}," pesan ditandai belum dibaca."],"many":[{"t":"idOrVar","v":"n"}," pesan ditandai belum dibaca."],"other":[{"t":"idOrVar","v":"n"}," pesan ditandai belum dibaca."],"two":[{"t":"idOrVar","v":"n"}," pesan ditandai belum dibaca."]},"$x":[{"t":"idOrVar","v":"plural"},"n"]},{"$i":"toaster-message-move","$v":{"one":"Pesan dipindah ke folder:","few":[{"t":"idOrVar","v":"n"}," pesan dipindah ke folder:"],"many":[{"t":"idOrVar","v":"n"}," pesan dipindah ke folder:"],"other":[{"t":"idOrVar","v":"n"}," pesan dipindah ke folder:"],"two":[{"t":"idOrVar","v":"n"}," pesan dipindah ke folder:"]},"$x":[{"t":"idOrVar","v":"plural"},"n"]},{"$i":"toaster-message-delete","$v":{"one":"1 surat dihapus.","few":[{"t":"idOrVar","v":"n"}," surat dihapus."],"many":[{"t":"idOrVar","v":"n"}," surat dihapus."],"other":[{"t":"idOrVar","v":"n"}," surat dihapus."],"two":[{"t":"idOrVar","v":"n"}," surat dihapus."]},"$x":[{"t":"idOrVar","v":"plural"},"n"]},{"$i":"toaster-sync-failed","$v":"Tidak dapat tersambung ke server."},{"$i":"compose-invalid-addresses-title","$v":"Alamat Tidak Valid"},{"$i":"compose-invalid-addresses-description","$v":"Pesan Anda mengandung satu atau lebih alamat email tidak valid. Silakan memperbaikinya sebelum mengirim."},{"$i":"background-send-pending","$v":"Tidak ada koneksi internet. Email disimpan ke kotak keluar."},{"$i":"background-send-sending","$v":"Mengirim…"},{"$i":"background-send-success","$v":"Email terkirim."},{"$i":"background-send-error","$v":"Kesalahan terjadi. Email disimpan ke kotak keluar."},{"$i":"background-send-error-recipients","$v":"Kesalahan penerima. Email disimpan ke kotak keluar."},{"$i":"background-send-error-title","$v":"Pesan gagal terkirim"},{"$i":"send-failure-recipients","$v":"Periksa ejaan alamat di atas. Server pesan Anda menunjukkan satu atau lebih alamat di atas salah."},{"$i":"send-failure-unknown","$v":"Pesan tidak dapat dikirim."},{"$i":"form-clear-input","$v":"Buang text"},{"$i":"confirm-dialog-title","$v":"Konfirmasi"},{"$i":"confirm-dialog-ok","$v":"OK"},{"$i":"msg-display-subject","$v":"Subjek"},{"$i":"msg-reader-display-attachments","$v":"Lampiran"},{"$i":"msg-reader-display-attachment","$v":"Lampiran"},{"$i":"msg-reader-download-external-images","$v":["Mengunduh gambar eksternal (",{"t":"idOrVar","v":"n"}," MB)"]},{"$i":"msg-reader-sender-header","$v":"Pengirim"},{"$i":"msg-reader-recipients-header","$v":"Penerima"},{"$i":"msg-reader-cc-header","$v":"Cc"},{"$i":"msg-reader-bcc-header","$v":"Bcc"},{"$i":"msg-reader-message-flagged","$v":"Pesan ditandai"},{"$i":"msg-reader-flag-removed","$v":"Tanda dibuang"},{"$i":"external-image-downloading","$v":"Mengunduh..."},{"$i":"senders-separation-sign","$v":", "},{"$i":"new-messages","$v":{"few":[{"t":"idOrVar","v":"n"}," Pesan Baru"],"many":[{"t":"idOrVar","v":"n"}," Pesan Baru"],"one":"1 Pesan Baru","other":[{"t":"idOrVar","v":"n"}," Pesan Baru"],"two":[{"t":"idOrVar","v":"n"}," Pesan Baru"]},"$x":[{"t":"idOrVar","v":"plural"},"n"]},{"$i":"new-emails-notify-one-account","$v":{"few":[{"t":"idOrVar","v":"n"}," Email Baru"],"many":[{"t":"idOrVar","v":"n"}," Email Baru"],"one":"1 Email Baru","other":[{"t":"idOrVar","v":"n"}," Email Baru"],"two":[{"t":"idOrVar","v":"n"}," Email Baru"]},"$x":[{"t":"idOrVar","v":"plural"},"n"]},{"$i":"new-emails-notify-multiple-accounts","$v":{"few":[{"t":"idOrVar","v":"n"}," Email Baru (",{"t":"idOrVar","v":"accountName"},")"],"many":[{"t":"idOrVar","v":"n"}," Email Baru (",{"t":"idOrVar","v":"accountName"},")"],"one":["1 Email Baru (",{"t":"idOrVar","v":"accountName"},")"],"other":[{"t":"idOrVar","v":"n"}," Email Baru (",{"t":"idOrVar","v":"accountName"},")"],"two":[{"t":"idOrVar","v":"n"}," Email Baru (",{"t":"idOrVar","v":"accountName"},")"]},"$x":[{"t":"idOrVar","v":"plural"},"n"]},{"$i":"new-emails-notify-multiple-accounts-body","$v":[{"t":"idOrVar","v":"from"}," “",{"t":"idOrVar","v":"subject"},"”"]},{"$i":"tng-plain-socket-warning-title","$v":"Anda yakin?"},{"$i":"tng-plain-socket-warning-message","$v":"Orang lain mungkin dapat melihat sandi dan email Anda atau mengendalikan akun Anda."},{"$i":"tng-plain-socket-warning-message-options","$v":"Ada banyak, provider email gratis yang menawarkan keamanan lebih, koneksi terenkripsi."},{"$i":"tng-plain-socket-warning-ok","$v":"Saya mengerti"},{"$i":"message-reader-date-received","ariaLabel":"Diterima"},{"$i":"sort-by-title","$v":"Sortir berdasarkan"},{"$i":"sort-by-date","$v":"Tanggal"},{"$i":"sort-by-from","$v":"Dari"},{"$i":"sort-by-to","$v":"Ke"},{"$i":"sort-by-subject","$v":"Subjek"},{"$i":"softkey-options","$v":"Opsi"},{"$i":"opt-compose","$v":"Tulis"},{"$i":"opt-reply","$v":"Balas"},{"$i":"opt-reply-all","$v":"Balas Semua"},{"$i":"opt-forward","$v":"Teruskan"},{"$i":"opt-mark-read","$v":"Tandai sudah dibaca"},{"$i":"opt-mark-unread","$v":"Tandai sbg belum dibaca"},{"$i":"opt-add-flag","$v":"Tambah bendera"},{"$i":"opt-remove-flag","$v":"Hapus bendera"},{"$i":"opt-move-message","$v":"Pindah ke folder"},{"$i":"opt-delete-message","$v":"Hapus"},{"$i":"opt-multi-select","$v":"Pilih multi"},{"$i":"opt-search","$v":"Cari"},{"$i":"opt-folders","$v":"Lihat folder"},{"$i":"opt-sort","$v":"Urutkan"},{"$i":"opt-sync","$v":"Sinkronisasi"},{"$i":"opt-account","$v":"Ganti akun"},{"$i":"opt-settings","$v":"Pengaturan"},{"$i":"opt-edit","$v":"Edit"},{"$i":"opt-cancel","$v":"Batal"},{"$i":"opt-save","$v":"Simpan"},{"$i":"opt-move","$v":"Pindahkan"},{"$i":"opt-view","$v":"Lihat"},{"$i":"opt-empty-trash","$v":"Bersihkan sampah"},{"$i":"opt-call-number","$v":"Panggilan"},{"$i":"opt-compose-mail","$v":"Tulis"},{"$i":"opt-open-url","$v":"Buka"},{"$i":"select-option-on","$v":"Aktif"},{"$i":"select-option-off","$v":"Mati"},{"$i":"select-option-imap-smtp","$v":"IMAP+SMTP"},{"$i":"select-option-pop3-smtp","$v":"POP3+SMTP"},{"$i":"select-option-activesync","$v":"ActiveSync"},{"$i":"toaster-switch-account","$v":"Akun email dialihkan ke:"},{"$i":"toaster-sorted-by","$v":"Email dipilah menurut"},{"$i":"cmp-reply","$v":"Balas"},{"$i":"cmp-reply-all","$v":"Balas ke Semua"},{"$i":"cmp-forward","$v":"Meneruskan Pesan"},{"$i":"cmp-remove-attach","$v":"Lampiran dihapus"},{"$i":"select","$v":"Pilih"},{"$i":"deselect","$v":"Hapus pilihan"},{"$i":"cancel","$v":"Batal"},{"$i":"enter","$v":"Masuk"},{"$i":"remove-attachment","$v":"Hapus lampiran"},{"$i":"replace-attachment","$v":"Ganti lampiran"},{"$i":"add-attachment","$v":"Tambah lampiran"},{"$i":"add-contact","$v":"Tambah kontak"},{"$i":"add-cc","$v":"Tambah cc"},{"$i":"remove-cc","$v":"Hapus cc"},{"$i":"add-bcc","$v":"Tambah bcc"},{"$i":"remove-bcc","$v":"Hapus bcc"},{"$i":"attachment-download","$v":"Unduh"},{"$i":"attachment-share","$v":"Bagikan"},{"$i":"send-new-mail","$v":"Kirim email baru"},{"$i":"view-contact","$v":"Lihat Kontak"},{"$i":"save-new-contact","$v":"Buat Kontak Baru"},{"$i":"add-to-exsiting-contact","$v":"Tambahkan ke Kontak yang Sudah Ada"},{"$i":"no","$v":"Tidak"},{"$i":"yes","$v":"Ya"},{"$i":"retry","$v":"Coba lagi"},{"$i":"empty","$v":"Kosong"},{"$i":"empty-trash-confirm","$v":"Apakah Anda ingin mengosongkan sampah?"},{"$i":"trash-emptied","$v":"Sampah dikosongkan"},{"$i":"next","$v":"Berikutnya"},{"$i":"welcome-header","$v":"Email"},{"$i":"welcome-msg","$v":"Selamat Datang di Email."},{"$i":"welcome-msg-setup","$v":"Tekan Selanjutnya untuk mempersiapkan akun email Anda."},{"$i":"discard","$v":"Buang"},{"$i":"leave-this-page-warning-message","$v":"Buang info?"},{"$i":"finish","$v":"Selesai"},{"$i":"setup-done-msg","$v":"Anda telah berhasil masuk. Apakah Anda ingin menambahkan akun lain?"},{"$i":"save-as-draft","$v":"Simpan sebagai konsep"},{"$i":"show-password","$v":"Tampilkan sandi"},{"$i":"account-label","$v":"Nama Akun"},{"$i":"folders","$v":"Folder"},{"$i":"security","$v":"Keamanan"},{"$i":"port-number","$v":"Nomor Port"},{"$i":"domain-username","$v":"Domain\\Nama pengguna"},{"$i":"synchronizing","$v":"Sinkronisasi..."},{"$i":"browse-mail","$v":"Jelajah Pesan"},{"$i":"never-sync","$v":"Draf lokal tidak disinkronkan ke server."},{"$i":"emptyDownloadFile","$v":"Tidak dapat mengunduh file, kemungkinan file kosong"},{"$i":"sync","$v":"Sinkronisasi"},{"$i":"outbox-unsent-label","$v":{"few":[{"t":"idOrVar","v":"n"}," Pesan tak terkirim dalam Kotak Keluar"],"many":[{"t":"idOrVar","v":"n"}," Pesan tak terkirim dalam Kotak Keluar"],"one":"1 Pesan tak terkirim dalam Kotak Keluar","other":[{"t":"idOrVar","v":"n"}," Pesan tak terkirim dalam Kotak Keluar"],"two":"2 Pesan tak terkirim dalam Kotak Keluar"},"$x":[{"t":"idOrVar","v":"plural"},"n"]},{"$i":"storage-full-title","$v":"Penyimpanan Penuh"},{"$i":"storage-full-warning","$v":"Anda tidak dapat menghapus beberapa file medi atau mengelola data aplikasi untuk mendapatkan ruang kosong lebih."},{"$i":"storage-full","$v":"Penyimpanan ponsel penuh."},{"$i":"storage-sdcard-full","$v":"Kartu SD penuh."},{"$i":"view-address","$v":"Lihat alamat"},{"$i":"mail-address-title","$v":"Alamat email"},{"$i":"mail-address","$v":[{"t":"idOrVar","v":"address"}]},{"$i":"value-name","$v":[{"t":"idOrVar","v":"name"}]},{"$i":"account-deleted","$v":"Akun dihapus."},{"$i":"account-reEnable","$v":"Akun sudah ada. Sinkronkan akun?"},{"$i":"setup-account-usedInfo","$v":"Akun ini akan digunakan oleh apl berikut. Anda dapat mengubah ini di Pengaturan|>Akun."},{"$i":"setup-account-settingsInfo","$v":"Masing-masing app memiliki interval penyinkronan default yang berbeda-beda. Silakan periksa di pengaturan app."},{"$i":"app-calendar","$v":"Kalender"},{"$i":"app-contacts","$v":"Kontak"},{"$i":"app-email","$v":"Email"},{"$i":"sync-account-guide","$v":"Aktifkan sinkronisasi akun dalam Pengaturan untuk melihat email."},{"$i":"settings-account-sync","$v":"Sinkronkan akun"},{"$i":"weekday-0-long","$v":"Minggu"},{"$i":"weekday-1-long","$v":"Senin"},{"$i":"weekday-2-long","$v":"Selasa"},{"$i":"weekday-3-long","$v":"Rabu"},{"$i":"weekday-4-long","$v":"Kamis"},{"$i":"weekday-5-long","$v":"Jumat"},{"$i":"weekday-6-long","$v":"Sabtu"},{"$i":"weekday-0-short","$v":"Min"},{"$i":"weekday-1-short","$v":"Sen"},{"$i":"weekday-2-short","$v":"Sel"},{"$i":"weekday-3-short","$v":"Rab"},{"$i":"weekday-4-short","$v":"Kam"},{"$i":"weekday-5-short","$v":"Jum"},{"$i":"weekday-6-short","$v":"Sab"},{"$i":"month-0-long","$v":"Januari"},{"$i":"month-1-long","$v":"Februari"},{"$i":"month-2-long","$v":"Maret"},{"$i":"month-3-long","$v":"April"},{"$i":"month-4-long","$v":"Mei"},{"$i":"month-5-long","$v":"Juni"},{"$i":"month-6-long","$v":"Juli"},{"$i":"month-7-long","$v":"Agustus"},{"$i":"month-8-long","$v":"September"},{"$i":"month-9-long","$v":"Oktober"},{"$i":"month-10-long","$v":"November"},{"$i":"month-11-long","$v":"Desember"},{"$i":"month-0-genitive","$v":"Januari"},{"$i":"month-1-genitive","$v":"Februari"},{"$i":"month-2-genitive","$v":"Maret"},{"$i":"month-3-genitive","$v":"April"},{"$i":"month-4-genitive","$v":"Mei"},{"$i":"month-5-genitive","$v":"Juni"},{"$i":"month-6-genitive","$v":"Juli"},{"$i":"month-7-genitive","$v":"Agustus"},{"$i":"month-8-genitive","$v":"September"},{"$i":"month-9-genitive","$v":"Oktober"},{"$i":"month-10-genitive","$v":"November"},{"$i":"month-11-genitive","$v":"Desember"},{"$i":"month-0-short","$v":"Jan"},{"$i":"month-1-short","$v":"Feb"},{"$i":"month-2-short","$v":"Mar"},{"$i":"month-3-short","$v":"Apr"},{"$i":"month-4-short","$v":"Mei"},{"$i":"month-5-short","$v":"Jun"},{"$i":"month-6-short","$v":"Jul"},{"$i":"month-7-short","$v":"Agt"},{"$i":"month-8-short","$v":"Sep"},{"$i":"month-9-short","$v":"Okt"},{"$i":"month-10-short","$v":"Nov"},{"$i":"month-11-short","$v":"Des"},{"$i":"minutes-ago-long","$v":{"few":[{"t":"idOrVar","v":"value"}," menit yang lalu"],"many":[{"t":"idOrVar","v":"value"}," menit yang lalu"],"other":[{"t":"idOrVar","v":"value"}," menit yang lalu"],"two":[{"t":"idOrVar","v":"value"}," menit yang lalu"],"one":"semenit yang lalu","zero":"Baru Saja"},"$x":[{"t":"idOrVar","v":"plural"},"value"]},{"$i":"hours-ago-long","$v":{"few":[{"t":"idOrVar","v":"value"}," jam yang lalu"],"many":[{"t":"idOrVar","v":"value"}," jam yang lalu"],"other":[{"t":"idOrVar","v":"value"}," jam yang lalu"],"two":[{"t":"idOrVar","v":"value"}," jam yang lalu"],"one":"sejam yang lalu","zero":"Baru Saja"},"$x":[{"t":"idOrVar","v":"plural"},"value"]},{"$i":"days-ago-long","$v":{"few":[{"t":"idOrVar","v":"value"}," hari yang lalu"],"many":[{"t":"idOrVar","v":"value"}," hari yang lalu"],"one":"kemarin","other":[{"t":"idOrVar","v":"value"}," hari yang lalu"],"two":[{"t":"idOrVar","v":"value"}," hari yang lalu"],"zero":"hari ini"},"$x":[{"t":"idOrVar","v":"plural"},"value"]},{"$i":"weeks-ago-long","$v":{"few":[{"t":"idOrVar","v":"value"}," pekan yang lalu"],"many":[{"t":"idOrVar","v":"value"}," pekan yang lalu"],"one":"pekan lalu","other":[{"t":"idOrVar","v":"value"}," pekan yang lalu"],"two":[{"t":"idOrVar","v":"value"}," pekan yang lalu"],"zero":"pekan ini"},"$x":[{"t":"idOrVar","v":"plural"},"value"]},{"$i":"months-ago-long","$v":{"few":[{"t":"idOrVar","v":"value"}," bulan yang lalu"],"many":[{"t":"idOrVar","v":"value"}," bulan yang lalu"],"one":"bulan lalu","other":[{"t":"idOrVar","v":"value"}," bulan yang lalu"],"two":[{"t":"idOrVar","v":"value"}," bulan yang lalu"],"zero":"bulan ini"},"$x":[{"t":"idOrVar","v":"plural"},"value"]},{"$i":"years-ago-long","$v":{"few":[{"t":"idOrVar","v":"value"}," tahun yang lalu"],"many":[{"t":"idOrVar","v":"value"}," tahun yang lalu"],"one":"tahun lalu","other":[{"t":"idOrVar","v":"value"}," tahun yang lalu"],"two":[{"t":"idOrVar","v":"value"}," tahun yang lalu"],"zero":"tahun ini"},"$x":[{"t":"idOrVar","v":"plural"},"value"]},{"$i":"minutes-until-long","$v":{"few":["dalam ",{"t":"idOrVar","v":"value"}," menit"],"many":["dalam ",{"t":"idOrVar","v":"value"}," menit"],"other":["dalam ",{"t":"idOrVar","v":"value"}," menit"],"two":["dalam ",{"t":"idOrVar","v":"value"}," menit"],"zero":"sekarang","one":"dalam satu menit"},"$x":[{"t":"idOrVar","v":"plural"},"value"]},{"$i":"hours-until-long","$v":{"few":["dalam ",{"t":"idOrVar","v":"value"}," jam"],"many":["dalam ",{"t":"idOrVar","v":"value"}," jam"],"other":["dalam ",{"t":"idOrVar","v":"value"}," jam"],"two":["dalam ",{"t":"idOrVar","v":"value"}," jam"],"zero":"sekarang","one":"dalam satu jam"},"$x":[{"t":"idOrVar","v":"plural"},"value"]},{"$i":"days-until-long","$v":{"few":["dalam ",{"t":"idOrVar","v":"value"}," hari"],"many":["dalam ",{"t":"idOrVar","v":"value"}," hari"],"one":"besok","other":["dalam ",{"t":"idOrVar","v":"value"}," hari"],"two":["dalam ",{"t":"idOrVar","v":"value"}," hari"],"zero":"hari ini"},"$x":[{"t":"idOrVar","v":"plural"},"value"]},{"$i":"weeks-until-long","$v":{"few":["dalam ",{"t":"idOrVar","v":"value"}," pekan"],"many":["dalam ",{"t":"idOrVar","v":"value"}," pekan"],"one":"pekan depan","other":["dalam ",{"t":"idOrVar","v":"value"}," pekan"],"two":["dalam ",{"t":"idOrVar","v":"value"}," pekan"],"zero":"pekan ini"},"$x":[{"t":"idOrVar","v":"plural"},"value"]},{"$i":"months-until-long","$v":{"few":["dalam ",{"t":"idOrVar","v":"value"}," bulan"],"many":["dalam ",{"t":"idOrVar","v":"value"}," bulan"],"one":"bulan depan","other":["dalam ",{"t":"idOrVar","v":"value"}," bulan"],"two":["dalam ",{"t":"idOrVar","v":"value"}," bulan"],"zero":"bulan ini"},"$x":[{"t":"idOrVar","v":"plural"},"value"]},{"$i":"years-until-long","$v":{"few":["dalam ",{"t":"idOrVar","v":"value"}," tahun"],"many":["dalam ",{"t":"idOrVar","v":"value"}," tahun"],"one":"tahun depan","other":["dalam ",{"t":"idOrVar","v":"value"}," tahun"],"two":["dalam ",{"t":"idOrVar","v":"value"}," tahun"],"zero":"tahun ini"},"$x":[{"t":"idOrVar","v":"plural"},"value"]},{"$i":"minutes-ago-short","$v":{"other":[{"t":"idOrVar","v":"value"},"menit yang lalu"],"zero":"Baru Saja"},"$x":[{"t":"idOrVar","v":"plural"},"value"]},{"$i":"hours-ago-short","$v":{"other":[{"t":"idOrVar","v":"value"},"j yang lalu"],"zero":"Baru Saja"},"$x":[{"t":"idOrVar","v":"plural"},"value"]},{"$i":"days-ago-short","$v":{"other":[{"t":"idOrVar","v":"value"},"h yang lalu"],"zero":"hari ini"},"$x":[{"t":"idOrVar","v":"plural"},"value"]},{"$i":"minutes-until-short","$v":{"other":["dalam ",{"t":"idOrVar","v":"value"},"m"],"zero":"sekarang"},"$x":[{"t":"idOrVar","v":"plural"},"value"]},{"$i":"hours-until-short","$v":{"other":["dalam ",{"t":"idOrVar","v":"value"},"j"],"zero":"sekarang"},"$x":[{"t":"idOrVar","v":"plural"},"value"]},{"$i":"days-until-short","$v":{"other":["dalam ",{"t":"idOrVar","v":"value"},"h"],"zero":"hari ini"},"$x":[{"t":"idOrVar","v":"plural"},"value"]},{"$i":"incorrectDate","$v":"(tanggal salah)"},{"$i":"dateTimeFormat_%c","$v":"%a %b %e %Y %I:%M:%S %p"},{"$i":"dateTimeFormat_%x","$v":"%m/%d/%Y"},{"$i":"dateTimeFormat_%X","$v":"%I:%M:%S %p"},{"$i":"shortTimeFormat","$v":"%I:%M %p"},{"$i":"shortTimeFormat12","$v":"%I:%M %p"},{"$i":"shortTimeFormat24","$v":"%H:%M"},{"$i":"shortDateTimeFormat","$v":"%x %I:%M %p"},{"$i":"weekStartsOnMonday","$v":"0.0"},{"$i":"firstDayOfTheWeek","$v":"0.0"},{"$i":"time_am","$v":"AM"},{"$i":"time_pm","$v":"PM"}]