[{"$i":"setup-app-name-header","$v":"Эл. пошта"},{"$i":"setup-empty-account-message","$v":"Эл. хат жіберу не алу үшін реттелмеген. Әрекетті аяқтау үшін есептік жазбаны орнатыңыз."},{"$i":"setup-pick-service","$v":"Эл. хат жіберу және алу үшін есептік жазбаны реттеу қажет."},{"$i":"setup-account-header3","$v":"Тіркелгі Кіру"},{"$i":"setup-account-password","$v":"Кілтсөз"},{"$i":"setup-info-next","$v":"Келесі"},{"$i":"setup-progress-wait-msg","$v":"Есептік жазбаны реттеу"},{"$i":"setup-sync-progress-wait-msg","$v":"Тіркелгіні синхрондау"},{"$i":"setup-completed-header","$v":"Құттықтаймыз!"},{"$i":"setup-completed-label","$v":"Барлығы дайын!"},{"$i":"setup-add-another-account","$v":"Басқа есептік жазба қосу"},{"$i":"setup-show-mail","$v":"Эл. поштаға жалғастыру"},{"$i":"setup-done-add","$v":"Есептік жазба қосу"},{"$i":"setup-error-offline","$v":"Интернет байланысы жоқ."},{"$i":"setup-error-bad-user-or-pass2","$v":"Электрондық пошта мекенжайы немесе құпия сөз дұрыс емес."},{"$i":"setup-error-bad-address","$v":"Электрондық пошта мекенжайы дұрыс емес."},{"$i":"setup-error-not-authorized","$v":"Есептік жазба жасауға рұқсат жоқ."},{"$i":"setup-error-pop-server-not-great","$v":"POP3 сервері қажетті мүмкіндіктерді қолдамайды."},{"$i":"setup-error-unknown2","$v":"Белгісіз қате орын алды. Желі байланысын тексеріңіз немесе қолмен конфигурациялау опциясын қолданып көріңіз."},{"$i":"setup-error-needs-app-pass","$v":"Екі факторлы Gmail тіркелгілері үшін арнайы құпия сөзді пайдалану керек."},{"$i":"setup-error-imap-disabled","$v":"Gmail тіркелгісі үшін IMAP протоколын қосу керек."},{"$i":"setup-error-pop3-disabled","$v":"Gmail тіркелгісі үшін POP3 қосу керек."},{"$i":"setup-error-bad-security","$v":[{"t":"idOrVar","v":"server"},"\" серверімен қорғалған байланысты орнату мүмкін емес. Желіде не серверде мәселе болуы мүмкін."]},{"$i":"setup-error-unresponsive-server","$v":[{"t":"idOrVar","v":"server"},"\" серверімен байланыс орнату мүмкін емес. Желіде проблема болуы мүмкін."]},{"$i":"setup-error-server-problem","$v":[{"t":"idOrVar","v":"server"},"\" серверіне қатысты проблема бар. Кейінірек қайталап көріңіз."]},{"$i":"setup-error-no-config-info","$v":"Конфигурация сәтсіз аяқталды. Электрондық пошта мекенжайын тексеріңіз немесе қолмен конфигурациялау опциясын қолданып көріңіз."},{"$i":"setup-error-server-maintenance","$v":["Техникалық қолдау көрсету үшін \"",{"t":"idOrVar","v":"server"},"\" сервері офлайн режимінде. Кейінірек қайталап көріңіз."]},{"$i":"setup-error-account-already-exists","$v":"Бұл есептік жазба бұрыннан бар."},{"$i":"setup-manual-config2","$v":"Қосымша"},{"$i":"setup-manual-config-header","$v":"Тіркелгі Кіру"},{"$i":"setup-manual-account-type-header","$v":"Есептік жазба түрі"},{"$i":"setup-manual-account-type","$v":"Есептік жазба түрі"},{"$i":"setup-manual-account-type-select","ariaLabel":"Есептік жазба түрі"},{"$i":"setup-manual-imap-header","$v":"IMAP параметрлері"},{"$i":"setup-manual-pop3-header","$v":"POP3 параметрлері"},{"$i":"setup-manual-smtp-header","$v":"SMTP параметрлері"},{"$i":"setup-manual-activesync-header","$v":"ActiveSync параметрлері"},{"$i":"setup-manual-next","$v":"Келесі"},{"$i":"setup-manual-socket","$v":"Сокет түрі"},{"$i":"setup-manual-socket-ssl","$v":"SSL"},{"$i":"setup-manual-socket-starttls","$v":"STARTTLS"},{"$i":"setup-manual-socket-select","ariaLabel":"Байланыс қауіпсіздігі"},{"$i":"setup-manual-socket-plain","$v":"Шифрланбаған"},{"$i":"setup-bad-password-header","$v":"Жарамсыз кілтсөз!"},{"$i":"setup-bad-password","$v":"Серверге кірмеді. Кілтсөзді қайталап көріңіз."},{"$i":"setup-new-password","placeholder":"Жаңа кілтсөз"},{"$i":"setup-fix-password","$v":"Жаңа кілтсөзбен қайталау"},{"$i":"setup-gmail-twofactor-header","$v":"Екі фактор қосылған"},{"$i":"setup-gmail-twofactor-message","$v":"Төмендегі қолданбаның арнайы кілтсөзін енгізуіңіз қажет."},{"$i":"setup-gmail-imap-header","$v":"IMAP ажыратылған"},{"$i":"setup-gmail-imap-message","$v":"Gmail есептік жазбасында IMAP қосу керек"},{"$i":"setup-gmail-retry","$v":"Қайталау"},{"$i":"setup-gmail-pop3-header","$v":"POP3 ажыратылған"},{"$i":"setup-gmail-pop3-message","$v":"Gmail есептік жазбасында POP3 қосу керек"},{"$i":"setup-fix-oauth2-header","$v":"Эл. поштаға қайта рұқсат ету"},{"$i":"setup-fix-oauth2-description","$v":"Келесі есептік жазбаға кіру үшін эл. поштаға қайта рұқсат ету керек:"},{"$i":"setup-fix-oauth2-reauthorize","$v":"Қайта рұқсат ету"},{"$i":"settings-main-header","$v":"Эл. пошта параметрлері"},{"$i":"settings-sub-header-account","$v":"Есептік жазба"},{"$i":"settings-account-group","ariaLabel":"Есептік жазба"},{"$i":"settings-account-name","$v":"Атыңыз"},{"$i":"settings-account-label","$v":"Есептік жазбаның атауы"},{"$i":"settings-account-display-notifications","$v":"Жаңа эл. пошта ескертулерін көрсету"},{"$i":"settings-account-play-sound-onsend","$v":"Хабар жіберілгеннен кейін дыбыс ойнату"},{"$i":"settings-account-signature-label","$v":"Қолтаңба"},{"$i":"settings-sub-header-data","$v":"Деректер"},{"$i":"settings-data-group","ariaLabel":"Деректер"},{"$i":"settings-account-check-mail","$v":"Жаңа хабарларды тексеру"},{"$i":"settings-account-check-mail-select","ariaLabel":"Жаңа хабарларды тексеру"},{"$i":"settings-sub-header-server","$v":"Сервер параметрлері"},{"$i":"settings-server-group","ariaLabel":"Сервер параметрлері"},{"$i":"settings-account-userpass","$v":"Пайдаланушы аты және кілтсөз"},{"$i":"settings-account-useroauth2","$v":"Пайдаланушы аты"},{"$i":"settings-default-signature-2","$v":"Телефонымнан жіберілді"},{"$i":"settings-done","$v":"Орындалды"},{"$i":"settings-account-section","$v":"Есептік жазбалар"},{"$i":"settings-account-listbox","ariaLabel":"Есептік жазбалар"},{"$i":"settings-account-add","$v":"Қосу"},{"$i":"settings-account-delete","$v":"Есептік жазбаны жою"},{"$i":"settings-account-delete-prompt","$v":"Осы тіркелгіні жойсаңыз, бұл тіркелгіні пайдаланатын қолданбаларға да әсер етіледі."},{"$i":"settings-account-delete-desc","$v":"Есептік жазбаны жасауды қайталасаңыз, эл. хатты қайта жүктеп алу қажет болады."},{"$i":"settings-account-delete-cancel","$v":"Бас тарту"},{"$i":"settings-account-delete-confirm","$v":"Жою"},{"$i":"settings-account-clarify","$v":[{"t":"idOrVar","v":"account-name"}]},{"$i":"settings-account-clarify-imap","$v":[{"t":"idOrVar","v":"account-name"}," (IMAP)"]},{"$i":"settings-account-clarify-pop3","$v":[{"t":"idOrVar","v":"account-name"}," (POP3)"]},{"$i":"settings-account-clarify-smtp","$v":[{"t":"idOrVar","v":"account-name"}," (SMTP)"]},{"$i":"settings-general-section","$v":"Жалпы параметрлер"},{"$i":"settings-show-images","$v":"Әрқашан кескіндерді көрсету"},{"$i":"settings-download-attachments","$v":"Қосымшаларды жүктеп алу"},{"$i":"settings-check-every-5min","$v":"5 минут сайын"},{"$i":"settings-check-every-10min","$v":"10 минут сайын"},{"$i":"settings-check-every-15min","$v":"15 минут сайын"},{"$i":"settings-check-every-30min","$v":"30 минут сайын"},{"$i":"settings-check-every-60min","$v":"Сағат сайын"},{"$i":"settings-check-every-manual","$v":"Қолмен"},{"$i":"settings-check-dynamic","$v":{"few":[{"t":"idOrVar","v":"n"}," секунд"],"many":[{"t":"idOrVar","v":"n"}," секунд"],"one":[{"t":"idOrVar","v":"n"}," секунд"],"other":[{"t":"idOrVar","v":"n"}," секунд"],"two":[{"t":"idOrVar","v":"n"}," секунд"],"zero":"ажыратылды"},"$x":[{"t":"idOrVar","v":"plural"},"n"]},{"$i":"settings-default-account","$v":"Әдепкі эл. пошта ретінде орнату"},{"$i":"settings-account-type","$v":"Есептік жазба түрі"},{"$i":"settings-account-credentials","$v":"Есептік жазба деректері"},{"$i":"settings-activesync-label","$v":"ActiveSync параметрлері туралы ақпарат"},{"$i":"settings-imap-label","$v":"IMAP параметрлері туралы ақпарат"},{"$i":"settings-pop3-label","$v":"POP3 параметрлері туралы ақпарат"},{"$i":"settings-smtp-label","$v":"SMTP параметрлері туралы ақпарат"},{"$i":"settings-hostname","$v":"Хост атауы"},{"$i":"settings-port","$v":"Порт"},{"$i":"settings-username","$v":"Пайдаланушы аты"},{"$i":"settings-password","$v":"Кілтсөз"},{"$i":"settings-save","$v":"Сақтау"},{"$i":"password-saved","$v":"Құпия сөз сақталды."},{"$i":"settings-reauth","$v":"Қайта рұқсат ету"},{"$i":"settings-account-synchronize-window","$v":"Синхрондау үшін күндер"},{"$i":"settings-account-synchronize-window-select","ariaLabel":"Синхрондау үшін күндер"},{"$i":"settings-synchronize-auto","$v":"Автоматты"},{"$i":"settings-synchronize-one-day","$v":"1 күн"},{"$i":"settings-synchronize-three-days","$v":"3 күн"},{"$i":"settings-synchronize-one-week","$v":"1 апта"},{"$i":"settings-synchronize-two-weeks","$v":"2 апта"},{"$i":"settings-synchronize-one-month","$v":"1 ай"},{"$i":"settings-synchronize-all","$v":"Барлық хабарлар"},{"$i":"envelope-from","$v":"Кімнен"},{"$i":"envelope-to","$v":"Қайда"},{"$i":"envelope-cc","$v":"Көшірме"},{"$i":"envelope-bcc","$v":"Жасырын көшірме"},{"$i":"message-header-state-sending","ariaLabel":"Жіберілуде"},{"$i":"message-header-state-error","ariaLabel":"Жіберу қатесі"},{"$i":"message-header-unread","ariaLabel":"Оқылмаған"},{"$i":"message-header-reply","ariaLabel":"Жауап беру"},{"$i":"message-header-forward","ariaLabel":"Бұру"},{"$i":"message-header-starred","ariaLabel":"Жұлдызша бар"},{"$i":"message-header-attachments","ariaLabel":"Қосымшалар бар"},{"$i":"message-body-container","ariaLabel":"Хабар мәтіні"},{"$i":"message-body-container-progress","ariaValueText":"Жүктелуде"},{"$i":"subject","ariaLabel":"Тақырып"},{"$i":"attachments-container","ariaLabel":"Қосымшалар"},{"$i":"from-group","ariaLabel":"Кімнен"},{"$i":"to-group","ariaLabel":"Қайда"},{"$i":"cc-group","ariaLabel":"Көшірме"},{"$i":"bcc-group","ariaLabel":"Жасырын көшірме"},{"$i":"compose-header","$v":"Хабар жасау"},{"$i":"compose-header-short","$v":"Жасау"},{"$i":"compose-send","$v":"Жіберу"},{"$i":"compose-send-button","ariaLabel":"Жіберу"},{"$i":"compose-to","$v":"Қайда"},{"$i":"compose-cc","$v":"Көшірме"},{"$i":"compose-bcc","$v":"Жасырын көшірме"},{"$i":"compose-cc-remove","$v":"Көшірмелер тізімі жойылды."},{"$i":"compose-bcc-remove","$v":"Жасырын көшірмелер тізімі жойылды."},{"$i":"compose-contact-add","ariaLabel":"Контакт қосу"},{"$i":"compose-attachments","$v":{"few":["Қосымшалар (",{"t":"idOrVar","v":"n"},")"],"many":["Қосымшалар (",{"t":"idOrVar","v":"n"},")"],"one":["Қосымша (",{"t":"idOrVar","v":"n"},")"],"other":["Қосымшалар (",{"t":"idOrVar","v":"n"},")"],"two":["Қосымшалар (",{"t":"idOrVar","v":"n"},")"],"zero":"Қосымша"},"$x":[{"t":"idOrVar","v":"plural"},"n"]},{"$i":"compose-text","ariaLabel":"Өзгерту"},{"$i":"compose-attachment-still-working","$v":"Күте тұрыңыз, алдыңғы қосымшамен жұмыс істелуде..."},{"$i":"compose-attachment-loading","$v":"Тіркеме жүктелуде ..."},{"$i":"compose-attachments-loading","$v":"Тіркемелер жүктелуде ..."},{"$i":"compose-forward-attachment-error-title","$v":"Жүктеп алу сәтсіз болды."},{"$i":"compose-forward-attachment-error-title2","$v":"Қате"},{"$i":"compose-forward-attachment-unable-load","$v":"Тіркемені жүктеу мүмкін емес."},{"$i":"compose-forward-attachments-unable-load","$v":"Тіркемелерді жүктеу мүмкін емес."},{"$i":"compose-forward-attachment-load-error","$v":"Кейбір тіркемелерді жүктеу мүмкін болмады."},{"$i":"confirmation-title","$v":"Растау"},{"$i":"compose-subject","$v":"Тақырып"},{"$i":"compose-draft-save","$v":"Жергілікті жобаларға сақтау?"},{"$i":"compose-discard-confirm","$v":"Алып тастау"},{"$i":"compose-draft-dialog-cancel","$v":"Бас тарту"},{"$i":"compose-draft-dialog-save","$v":"Сақтау"},{"$i":"composer-draft-saved","$v":"Жоба сақталды."},{"$i":"attention","$v":"Назар аударыңыз"},{"$i":"compose-send-message-failed","$v":"Эл. хат жіберілмеді"},{"$i":"compose-attchment-size-exceeded","$v":"Хабарлама жіберу үшін тіркеме тым үлкен."},{"$i":"compose-attchments-size-exceeded","$v":"Хабарлама жіберу үшін тіркемелер тым үлкен."},{"$i":"composer-attachment-large-title","$v":"Файл өлшемі тым үлкен"},{"$i":"default-attachment-filename","$v":["қосымша",{"t":"idOrVar","v":"n"}]},{"$i":"attachment-size-meb","$v":[{"t":"idOrVar","v":"megabytes"}," МБ"]},{"$i":"attachment-size-kib","$v":[{"t":"idOrVar","v":"kilobytes"}," КБ"]},{"$i":"attachment-size-byte","$v":[{"t":"idOrVar","v":"bytes"}," Б"]},{"$i":"message-attachment-view","$v":"Көру"},{"$i":"message-attachment-did-not-open-label","$v":"Ашу мүмкін емес"},{"$i":"message-attachment-did-not-open-body","$v":"Құрылғыда қосымшаны аша алатын қолданба жоқ."},{"$i":"message-attachment-too-large","$v":"Жүктеп алу үшін бұл файл тым үлкен."},{"$i":"message-attachment-not-found","$v":"Тіркеме файлы табылмады, қайта жүктелсін бе?"},{"$i":"message-attachment-download-fail","$v":[{"t":"idOrVar","v":"fileName"}," -Жүктеп алу сәтсіз болды"]},{"$i":"message-no-subject","$v":"(тақырып жоқ)"},{"$i":"message-edit-menu-edit","$v":"Өзгерту"},{"$i":"message-edit-menu-delete","$v":"Жою"},{"$i":"message-edit-delete-confirm","$v":"Эл. пошта хабарын жою керек пе?"},{"$i":"message-forward-attachment-title","$v":"Қосымша"},{"$i":"message-forward-attachment","$v":"Тіркемені де қайта жіберу керек пе?"},{"$i":"message-forward-attachments","$v":"Тіркемелерді де қайта жіберу керек пе?"},{"$i":"message-multiedit-header","$v":{"few":[{"t":"idOrVar","v":"n"}," таңдалды"],"many":[{"t":"idOrVar","v":"n"}," таңдалды"],"one":[{"t":"idOrVar","v":"n"}," таңдалды"],"other":[{"t":"idOrVar","v":"n"}," таңдалды"],"two":[{"t":"idOrVar","v":"n"}," таңдалды"],"zero":[{"t":"idOrVar","v":"n"}," таңдалды"]},"$x":[{"t":"idOrVar","v":"plural"},"n"]},{"$i":"message-multiedit-search-header","$v":{"few":[{"t":"idOrVar","v":"n"}," таңдалды"],"many":[{"t":"idOrVar","v":"n"}," таңдалды"],"one":[{"t":"idOrVar","v":"n"}," таңдалды"],"other":[{"t":"idOrVar","v":"n"}," таңдалды"],"two":[{"t":"idOrVar","v":"n"}," таңдалды"],"zero":"0 таңдалды"},"$x":[{"t":"idOrVar","v":"plural"},"n"]},{"$i":"browse-to-url-prompt","$v":["URL өту?: ",{"t":"idOrVar","v":"url"}]},{"$i":"message-download-images-tap","$v":{"few":["Бұл эл. хатта ",{"t":"idOrVar","v":"n"}," кескін бар. Жүктеп алу үшін түртіңіз."],"many":["Бұл эл. хатта ",{"t":"idOrVar","v":"n"}," кескін бар. Жүктеп алу үшін түртіңіз."],"one":"Бұл эл. хатта бір кескін бар. Жүктеп алу үшін түртіңіз.","other":["Бұл эл. хатта ",{"t":"idOrVar","v":"n"}," кескін бар. Жүктеп алу үшін түртіңіз."],"two":["Бұл эл. хатта ",{"t":"idOrVar","v":"n"}," кескін бар. Жүктеп алу үшін түртіңіз."]},"$x":[{"t":"idOrVar","v":"plural"},"n"]},{"$i":"message-show-external-images","$v":"Сыртқы кескіндерді көрсету"},{"$i":"message-delete-cancel","$v":"Бас тарту"},{"$i":"message-multiedit-delete-confirm","$v":{"few":[{"t":"idOrVar","v":"n"}," хабарды жою керек пе?"],"many":[{"t":"idOrVar","v":"n"}," хабарды жою керек пе?"],"one":"Таңдалған хабарды жою керек пе?","other":[{"t":"idOrVar","v":"n"}," хабарды жою керек пе?"],"two":[{"t":"idOrVar","v":"n"}," хабарды жою керек пе?"]},"$x":[{"t":"idOrVar","v":"plural"},"n"]},{"$i":"message-large-message-cancel","$v":"Бас тарту"},{"$i":"message-large-message-ok","$v":"Жалғастыру"},{"$i":"message-large-message-confirm","$v":"Бұл хабар үлкен және оны жүктеп алу үшін біраз уақыт кетуі мүмкін."},{"$i":"message-large-message-warning","$v":"Хабар жүктеу үшін тым үлкен."},{"$i":"message-search-header","$v":"Іздеу"},{"$i":"search-result","$v":["Электронды хаттар (",{"t":"idOrVar","v":"num"},")"]},{"$i":"message-search-from","$v":"Кімнен"},{"$i":"message-search-to","$v":"Қайда"},{"$i":"message-search-subject","$v":"Тақырып"},{"$i":"message-search-body","$v":"Негізгі мәтін"},{"$i":"message-search-all","$v":"Барлығы"},{"$i":"message-search-input","placeholder":"Эл. поштада іздеу"},{"$i":"message-search-cancel","$v":"Бас тарту"},{"$i":"messages-syncing","$v":"Хабарлар жүктелуде"},{"$i":"messages-syncing-progressbar","ariaValueText":"Хабарлар жүктелуде"},{"$i":"messages-load-more","$v":"Басқа хабарларды жүктеу"},{"$i":"messages-folder-empty","$v":"Бұл қалтада электрондық пошта жоқ"},{"$i":"messages-search-empty","$v":"Жергілікті кэштелген хабарларда сәйкестіктер жоқ"},{"$i":"messages-folder-select","$v":"Қалтаға жылжыту"},{"$i":"messages-folder-unread-max","$v":"999+"},{"$i":"message-contact-menu-create","$v":"Жаңа конт. жасау"},{"$i":"message-contact-menu-add-existing","$v":"Бар контактіге қосу"},{"$i":"message-contact-menu-view","$v":"Контактіні көру"},{"$i":"message-contact-menu-reply","$v":"Жауап беру"},{"$i":"message-contact-menu-new","$v":"Жаңа эл. хат жіберу"},{"$i":"message-reply-menu-reply","$v":"Жауап беру"},{"$i":"message-reply-menu-reply-all","$v":"Барлығына жауап беру"},{"$i":"message-reply-menu-forward","$v":"Бұру"},{"$i":"message-reply-menu-cancel","$v":"Бас тарту"},{"$i":"reply-quoting-wrote","$v":"{name} жазды"},{"$i":"forward-original-message","$v":"Бастапқы хабар"},{"$i":"forward-header-subject","$v":"Тақырып"},{"$i":"forward-header-date","$v":"Күн"},{"$i":"forward-header-from","$v":"Кімнен"},{"$i":"forward-header-reply-to","$v":"Жауап беру"},{"$i":"forward-header-to","$v":"Қайда"},{"$i":"forward-header-cc","$v":"Көшірме"},{"$i":"folder-inbox","$v":"Кіріс жәшігі"},{"$i":"folder-sent","$v":"Жіберілгендер"},{"$i":"folder-drafts","$v":"Жобалар"},{"$i":"folder-trash","$v":"Қоқыс"},{"$i":"folder-queue","$v":"Жіберілмегендер"},{"$i":"folder-junk","$v":"Қажетсіз"},{"$i":"folder-archives","$v":"Мұрағаттар"},{"$i":"folder-localdrafts","$v":"Жергілікті жобалар"},{"$i":"folder-outbox","$v":"Шығыс жәшігі"},{"$i":"drawer-back","$v":"Артқа"},{"$i":"drawer-accounts-header","$v":"Есептік жазбалар"},{"$i":"drawer-settings-link","$v":"Параметрлер"},{"$i":"folder-last-synced-label","$v":"Соңғы синхрондау:"},{"$i":"messages-refresh-progress","ariaValueText":"Жаңартылуда"},{"$i":"no-internet-connection","$v":"Интернет байланысы жоқ."},{"$i":"toaster-undo","$v":"Қайтару"},{"$i":"toaster-message-star","$v":{"one":"Электрондық пошта жалаушасы.","few":[{"t":"idOrVar","v":"n"}," электронды хатқа жалауша қойылды."],"many":[{"t":"idOrVar","v":"n"}," электронды хатқа жалауша қойылды."],"other":[{"t":"idOrVar","v":"n"}," электронды хатқа жалауша қойылды."],"two":[{"t":"idOrVar","v":"n"}," электронды хатқа жалауша қойылды."]},"$x":[{"t":"idOrVar","v":"plural"},"n"]},{"$i":"toaster-message-unstar","$v":{"one":"Электрондық пошта жалаушасы алынып тасталды.","few":[{"t":"idOrVar","v":"n"}," электронды хат жалаушасы жойылды."],"many":[{"t":"idOrVar","v":"n"}," электронды хат жалаушасы жойылды."],"other":[{"t":"idOrVar","v":"n"}," электронды хат жалаушасы жойылды."],"two":[{"t":"idOrVar","v":"n"}," электронды хат жалаушасы жойылды."]},"$x":[{"t":"idOrVar","v":"plural"},"n"]},{"$i":"toaster-message-read","$v":{"one":"Электрондық пошта оқылған деп белгіленген.","few":[{"t":"idOrVar","v":"n"}," электронды хат оқылған ретінде белгіленді."],"many":[{"t":"idOrVar","v":"n"}," электронды хат оқылған ретінде белгіленді."],"other":[{"t":"idOrVar","v":"n"}," электронды хат оқылған ретінде белгіленді."],"two":[{"t":"idOrVar","v":"n"}," электронды хат оқылған ретінде белгіленді."]},"$x":[{"t":"idOrVar","v":"plural"},"n"]},{"$i":"toaster-message-unread","$v":{"one":"Электрондық пошта оқылмаған деп белгіленген.","few":[{"t":"idOrVar","v":"n"}," электронды хат оқылмаған ретінде белгіленді."],"many":[{"t":"idOrVar","v":"n"}," электронды хат оқылмаған ретінде белгіленді."],"other":[{"t":"idOrVar","v":"n"}," электронды хат оқылмаған ретінде белгіленді."],"two":[{"t":"idOrVar","v":"n"}," электронды хат оқылмаған ретінде белгіленді."]},"$x":[{"t":"idOrVar","v":"plural"},"n"]},{"$i":"toaster-message-move","$v":{"one":"Электрондық пошта қалтаға жылжытылды","few":[{"t":"idOrVar","v":"n"}," электронды хат қалтаға жылжытылды"],"many":[{"t":"idOrVar","v":"n"}," электронды хат қалтаға жылжытылды"],"other":[{"t":"idOrVar","v":"n"}," электронды хат қалтаға жылжытылды"],"two":[{"t":"idOrVar","v":"n"}," электронды хат қалтаға жылжытылды"]},"$x":[{"t":"idOrVar","v":"plural"},"n"]},{"$i":"toaster-message-delete","$v":{"one":"Электрондық пошта жойылды.","few":[{"t":"idOrVar","v":"n"}," электронды хат жойылды."],"many":[{"t":"idOrVar","v":"n"}," электронды хат жойылды."],"other":[{"t":"idOrVar","v":"n"}," электронды хат жойылды."],"two":[{"t":"idOrVar","v":"n"}," электронды хат жойылды."]},"$x":[{"t":"idOrVar","v":"plural"},"n"]},{"$i":"toaster-sync-failed","$v":"Серверге қосылу мүмкін емес."},{"$i":"compose-invalid-addresses-title","$v":"Жарамсыз мекенжайлар"},{"$i":"compose-invalid-addresses-description","$v":"Хабарда бір не бірнеше жарамсыз эл. пошта мекенжайы бар. Жібермес бұрын оларды түзетіңіз."},{"$i":"background-send-pending","$v":"Интернет байланысы жоқ. Электрондық пошта шығыс жәшігіне сақталды."},{"$i":"background-send-sending","$v":"Жіб.…"},{"$i":"background-send-success","$v":"Эл. хат жіберілді."},{"$i":"background-send-error","$v":"Жіберу қатесі. Электрондық пошта шығыс жәшігіне сақталды."},{"$i":"background-send-error-recipients","$v":"Алушы қатесі. Эл. хат шығыс жәшігіне сақталды."},{"$i":"background-send-error-title","$v":"Эл. хат жіберілмеді"},{"$i":"send-failure-recipients","$v":"Жоғарыдағы мекенжайлардың дұрыс жазылғанын тексеріңіз. Эл. пошта сервері жоғарыдағы мекенжайлардың біреуінің не бірнешеуінің қате екенін көрсетті."},{"$i":"send-failure-unknown","$v":"Хабар жіберілмеді."},{"$i":"form-clear-input","$v":"Мәтінді жою"},{"$i":"confirm-dialog-title","$v":"Растау"},{"$i":"confirm-dialog-ok","$v":"OK"},{"$i":"msg-display-subject","$v":"Тақырып"},{"$i":"msg-reader-display-attachments","$v":"Қосымшалар"},{"$i":"msg-reader-display-attachment","$v":"Қосымша"},{"$i":"msg-reader-download-external-images","$v":["Сыртқы кескіндерді жүктеп алу (",{"t":"idOrVar","v":"n"}," МБ)"]},{"$i":"msg-reader-sender-header","$v":"Жіберуші"},{"$i":"msg-reader-recipients-header","$v":"Алушылар"},{"$i":"msg-reader-cc-header","$v":"Көшірме"},{"$i":"msg-reader-bcc-header","$v":"Жасырын көшірме"},{"$i":"msg-reader-message-flagged","$v":"Хабарға жалауша қойылды"},{"$i":"msg-reader-flag-removed","$v":"Жалауша жойылды"},{"$i":"external-image-downloading","$v":"Жүктеп алынуда..."},{"$i":"senders-separation-sign","$v":", "},{"$i":"new-messages","$v":{"few":[{"t":"idOrVar","v":"n"}," жаңа хабар"],"many":[{"t":"idOrVar","v":"n"}," жаңа хабар"],"one":"1 жаңа хабар","other":[{"t":"idOrVar","v":"n"}," жаңа хабар"],"two":[{"t":"idOrVar","v":"n"}," жаңа хабар"]},"$x":[{"t":"idOrVar","v":"plural"},"n"]},{"$i":"new-emails-notify-one-account","$v":{"few":[{"t":"idOrVar","v":"n"}," жаңа эл. хат"],"many":[{"t":"idOrVar","v":"n"}," жаңа эл. хат"],"one":"1 жаңа эл. хат","other":[{"t":"idOrVar","v":"n"}," жаңа эл. хат"],"two":[{"t":"idOrVar","v":"n"}," жаңа эл. хат"]},"$x":[{"t":"idOrVar","v":"plural"},"n"]},{"$i":"new-emails-notify-multiple-accounts","$v":{"few":[{"t":"idOrVar","v":"n"}," жаңа эл. хат (",{"t":"idOrVar","v":"accountName"},")"],"many":[{"t":"idOrVar","v":"n"}," жаңа эл. хат (",{"t":"idOrVar","v":"accountName"},")"],"one":["1 жаңа эл. хат (",{"t":"idOrVar","v":"accountName"},")"],"other":[{"t":"idOrVar","v":"n"}," жаңа эл. хат (",{"t":"idOrVar","v":"accountName"},")"],"two":[{"t":"idOrVar","v":"n"}," жаңа эл. хат (",{"t":"idOrVar","v":"accountName"},")"]},"$x":[{"t":"idOrVar","v":"plural"},"n"]},{"$i":"new-emails-notify-multiple-accounts-body","$v":[{"t":"idOrVar","v":"from"}," \"",{"t":"idOrVar","v":"subject"}]},{"$i":"tng-plain-socket-warning-title","$v":"Сенімдісіз бе?"},{"$i":"tng-plain-socket-warning-message","$v":"Басқа адамдар кілтсөздеріңіз бен эл. хаттарыңызды көруі немесе есептік жазбаңызды басқаруы мүмкін."},{"$i":"tng-plain-socket-warning-message-options","$v":"Қауіпсізірек, шифрланған байланыстарды ұсынатын бірнеше, тегін эл. пошта провайдерлері бар."},{"$i":"tng-plain-socket-warning-ok","$v":"Түсіндім"},{"$i":"message-reader-date-received","ariaLabel":"Алынды"},{"$i":"sort-by-title","$v":"Сұрыптау реті"},{"$i":"sort-by-date","$v":"Күн"},{"$i":"sort-by-from","$v":"Кімнен"},{"$i":"sort-by-to","$v":"Қайда"},{"$i":"sort-by-subject","$v":"Тақырып"},{"$i":"softkey-options","$v":"Опциялар"},{"$i":"opt-compose","$v":"Жасау"},{"$i":"opt-reply","$v":"Жауап беру"},{"$i":"opt-reply-all","$v":"Барлығына жауап беру"},{"$i":"opt-forward","$v":"Бұру"},{"$i":"opt-mark-read","$v":"Оқылған ретінде белгілеу"},{"$i":"opt-mark-unread","$v":"Оқылмаған ретінде белгілеу"},{"$i":"opt-add-flag","$v":"Жалауша қосу"},{"$i":"opt-remove-flag","$v":"Жалаушаны жою"},{"$i":"opt-move-message","$v":"Қалтаға жылжыту"},{"$i":"opt-delete-message","$v":"Жою"},{"$i":"opt-multi-select","$v":"Бірнешеуді таңдау"},{"$i":"opt-search","$v":"Іздеу"},{"$i":"opt-folders","$v":"Қалталарды көру"},{"$i":"opt-sort","$v":"Сұрыптау"},{"$i":"opt-sync","$v":"Синхрондау"},{"$i":"opt-account","$v":"Есептік жазбаны ауыстыру"},{"$i":"opt-settings","$v":"Параметрлер"},{"$i":"opt-edit","$v":"Өзгерту"},{"$i":"opt-cancel","$v":"Бас тарту"},{"$i":"opt-save","$v":"Сақтау"},{"$i":"opt-move","$v":"Жылжыту"},{"$i":"opt-view","$v":"Көру"},{"$i":"opt-empty-trash","$v":"Қоқыс себетін тазалау"},{"$i":"opt-call-number","$v":"Қоңырау"},{"$i":"opt-compose-mail","$v":"Жасау"},{"$i":"opt-open-url","$v":"Ашу"},{"$i":"select-option-on","$v":"Қосулы"},{"$i":"select-option-off","$v":"Өшірулі"},{"$i":"select-option-imap-smtp","$v":"IMAP+SMTP"},{"$i":"select-option-pop3-smtp","$v":"POP3+SMTP"},{"$i":"select-option-activesync","$v":"ActiveSync"},{"$i":"toaster-switch-account","$v":"Эл. пошта есептік жазбасы ауыстырылды:"},{"$i":"toaster-sorted-by","$v":"Электрондық хаттар сұрыпталған"},{"$i":"cmp-reply","$v":"Жауап беру"},{"$i":"cmp-reply-all","$v":"Барлығына жауап беру"},{"$i":"cmp-forward","$v":"Хабарды бұру"},{"$i":"cmp-remove-attach","$v":"Қосымша жойылды"},{"$i":"select","$v":"Таңдау"},{"$i":"deselect","$v":"Таңдауды алу"},{"$i":"cancel","$v":"Бас тарту"},{"$i":"enter","$v":"Енгізу"},{"$i":"remove-attachment","$v":"Қосымшаны шығару"},{"$i":"replace-attachment","$v":"Қосымшаны ауыстыру"},{"$i":"add-attachment","$v":"Қосымша қосу"},{"$i":"add-contact","$v":"Контакт қосу"},{"$i":"add-cc","$v":"Көшірме қосу"},{"$i":"remove-cc","$v":"Көшірмені жою"},{"$i":"add-bcc","$v":"Жасырын көшірме қосу"},{"$i":"remove-bcc","$v":"Жасырын көшірмені жою"},{"$i":"attachment-download","$v":"Жүктеп алу"},{"$i":"attachment-share","$v":"Бөлісу"},{"$i":"send-new-mail","$v":"Жаңа эл. хат жіберу"},{"$i":"view-contact","$v":"Контактіні көру"},{"$i":"save-new-contact","$v":"Жаңа конт. жасау"},{"$i":"add-to-exsiting-contact","$v":"Бар контактіге қосу"},{"$i":"no","$v":"Жоқ"},{"$i":"yes","$v":"Иә"},{"$i":"retry","$v":"Қайталау"},{"$i":"empty","$v":"Бос"},{"$i":"empty-trash-confirm","$v":"Қоқыс себетін тазалағыңыз келе ме?"},{"$i":"trash-emptied","$v":"Қоқыс себеті тазаланды"},{"$i":"next","$v":"Келесі"},{"$i":"welcome-header","$v":"Эл. пошта"},{"$i":"welcome-msg","$v":"Эл. поштаға қош келдіңіз."},{"$i":"welcome-msg-setup","$v":"Эл. пошта есептік жазбасын реттеу үшін \"Келесі\" түймесін басыңыз."},{"$i":"discard","$v":"Алып тастау"},{"$i":"leave-this-page-warning-message","$v":"Ақпаратты алып тастау керек пе?"},{"$i":"finish","$v":"Аяқтау"},{"$i":"setup-done-msg","$v":"Жүйеге сәтті кірдіңіз. Басқа есептік жазба қосқыңыз келе ме?"},{"$i":"save-as-draft","$v":"Жоба ретінде сақтау"},{"$i":"show-password","$v":"Кілтсөзді көрсету"},{"$i":"account-label","$v":"Есептік жазбаның атауы"},{"$i":"folders","$v":"Қалталар"},{"$i":"security","$v":"Қауіпсіздік"},{"$i":"port-number","$v":"Порт нөмірі"},{"$i":"domain-username","$v":"Домен\\Пайдаланушы аты"},{"$i":"synchronizing","$v":"Синхрондалуда…"},{"$i":"browse-mail","$v":"Эл. поштаны шолу"},{"$i":"never-sync","$v":"Жергілікті қалта синхрондалмайды"},{"$i":"emptyDownloadFile","$v":"Бұл файлды жүктеп алу мүмкін емес, ол бос болуы мүмкін"},{"$i":"sync","$v":"Синхрондау"},{"$i":"outbox-unsent-label","$v":{"few":[{"t":"idOrVar","v":"n"}," жіберілмеген хабар шығыс жәшігінде"],"many":[{"t":"idOrVar","v":"n"}," жіберілмеген хабар шығыс жәшігінде"],"one":"1 жіберілмеген хабар шығыс жәшігінде","other":[{"t":"idOrVar","v":"n"}," жіберілмеген хабар шығыс жәшігінде"],"two":"2 жіберілмеген хабар шығыс жәшігінде"},"$x":[{"t":"idOrVar","v":"plural"},"n"]},{"$i":"storage-full-title","$v":"Жад толы"},{"$i":"storage-full-warning","$v":"Орын босату үшін кейбір медиа файлдарын жоюға немесе қолданба деректерін басқаруға болады."},{"$i":"storage-full","$v":"Телефон жады толы."},{"$i":"storage-sdcard-full","$v":"SD картасы толы."},{"$i":"view-address","$v":"Мекенжайды көру"},{"$i":"mail-address-title","$v":"Электрондық пошта"},{"$i":"mail-address","$v":[{"t":"idOrVar","v":"address"}]},{"$i":"value-name","$v":[{"t":"idOrVar","v":"name"}]},{"$i":"account-deleted","$v":"Тіркелгі жойылды."},{"$i":"account-reEnable","$v":"Тіркелгі бұрыннан бар. Есептік жазбаны синхрондау керек пе?"},{"$i":"setup-account-usedInfo","$v":"Бұл тіркелгіні төмендегі қолданбалар пайдаланады. Мұны \"Параметрлер\" > \"Тіркелгі\" тармағында өзгертуге болады."},{"$i":"setup-account-settingsInfo","$v":"Әр қолданбаның әдепкі синхрондау аралықтары әртүрлі болады, қолданбадағы параметрлерді тексеріңіз."},{"$i":"app-calendar","$v":"Күнтізбе"},{"$i":"app-contacts","$v":"Контактілер"},{"$i":"app-email","$v":"Эл. пошта"},{"$i":"sync-account-guide","$v":"Электрондық поштаны көру үшін Параметрлерде есептік жазбаны синхрондауды қосыңыз."},{"$i":"settings-account-sync","$v":"Есептік жазбаны синхрондау"},{"$i":"weekday-0-long","$v":"Жексенбі"},{"$i":"weekday-1-long","$v":"Дүйсенбі"},{"$i":"weekday-2-long","$v":"Сейсенбі"},{"$i":"weekday-3-long","$v":"Сәрсенбі"},{"$i":"weekday-4-long","$v":"Бейсенбі"},{"$i":"weekday-5-long","$v":"Жұма"},{"$i":"weekday-6-long","$v":"Сенбі"},{"$i":"weekday-0-short","$v":"Жс"},{"$i":"weekday-1-short","$v":"Дс"},{"$i":"weekday-2-short","$v":"Сс"},{"$i":"weekday-3-short","$v":"Ср"},{"$i":"weekday-4-short","$v":"Бс"},{"$i":"weekday-5-short","$v":"Жм"},{"$i":"weekday-6-short","$v":"Сб"},{"$i":"month-0-long","$v":"Қаңтар"},{"$i":"month-1-long","$v":"Ақпан"},{"$i":"month-2-long","$v":"Наурыз"},{"$i":"month-3-long","$v":"Сәуір"},{"$i":"month-4-long","$v":"Мамыр"},{"$i":"month-5-long","$v":"Маусым"},{"$i":"month-6-long","$v":"Шілде"},{"$i":"month-7-long","$v":"Тамыз"},{"$i":"month-8-long","$v":"Қыркүйек"},{"$i":"month-9-long","$v":"Қазан"},{"$i":"month-10-long","$v":"Қараша"},{"$i":"month-11-long","$v":"Желтоқсан"},{"$i":"month-0-genitive","$v":"Қаңтар"},{"$i":"month-1-genitive","$v":"Ақпан"},{"$i":"month-2-genitive","$v":"Наурыз"},{"$i":"month-3-genitive","$v":"Сәуір"},{"$i":"month-4-genitive","$v":"Мам"},{"$i":"month-5-genitive","$v":"Маусым"},{"$i":"month-6-genitive","$v":"Шілде"},{"$i":"month-7-genitive","$v":"Тамыз"},{"$i":"month-8-genitive","$v":"Қыркүйек"},{"$i":"month-9-genitive","$v":"Қазан"},{"$i":"month-10-genitive","$v":"Қараша"},{"$i":"month-11-genitive","$v":"Желтоқсан"},{"$i":"month-0-short","$v":"Қаң"},{"$i":"month-1-short","$v":"Ақп"},{"$i":"month-2-short","$v":"Нау"},{"$i":"month-3-short","$v":"Сәу"},{"$i":"month-4-short","$v":"Мам"},{"$i":"month-5-short","$v":"Мау"},{"$i":"month-6-short","$v":"Шілде"},{"$i":"month-7-short","$v":"Там"},{"$i":"month-8-short","$v":"Қыр"},{"$i":"month-9-short","$v":"Қаз"},{"$i":"month-10-short","$v":"Қар"},{"$i":"month-11-short","$v":"Жел"},{"$i":"minutes-ago-long","$v":{"few":[{"t":"idOrVar","v":"value"}," минут бұрын"],"many":[{"t":"idOrVar","v":"value"}," минут бұрын"],"other":[{"t":"idOrVar","v":"value"}," минут бұрын"],"two":[{"t":"idOrVar","v":"value"}," минут бұрын"],"one":"бір минут бұрын","zero":"қазір ғана"},"$x":[{"t":"idOrVar","v":"plural"},"value"]},{"$i":"hours-ago-long","$v":{"few":[{"t":"idOrVar","v":"value"}," сағат бұрын"],"many":[{"t":"idOrVar","v":"value"}," сағат бұрын"],"other":[{"t":"idOrVar","v":"value"}," сағат бұрын"],"two":[{"t":"idOrVar","v":"value"}," сағат бұрын"],"one":"1 сағат бұрын","zero":"қазір ғана"},"$x":[{"t":"idOrVar","v":"plural"},"value"]},{"$i":"days-ago-long","$v":{"few":[{"t":"idOrVar","v":"value"}," күн бұрын"],"many":[{"t":"idOrVar","v":"value"}," күн бұрын"],"one":"кеше","other":[{"t":"idOrVar","v":"value"}," күн бұрын"],"two":[{"t":"idOrVar","v":"value"}," күн бұрын"],"zero":"бүгін"},"$x":[{"t":"idOrVar","v":"plural"},"value"]},{"$i":"weeks-ago-long","$v":{"few":[{"t":"idOrVar","v":"value"}," апта бұрын"],"many":[{"t":"idOrVar","v":"value"}," апта бұрын"],"one":"өткен апта","other":[{"t":"idOrVar","v":"value"}," апта бұрын"],"two":[{"t":"idOrVar","v":"value"}," апта бұрын"],"zero":"осы апта"},"$x":[{"t":"idOrVar","v":"plural"},"value"]},{"$i":"months-ago-long","$v":{"few":[{"t":"idOrVar","v":"value"}," ай бұрын"],"many":[{"t":"idOrVar","v":"value"}," ай бұрын"],"one":"өткен ай","other":[{"t":"idOrVar","v":"value"}," ай бұрын"],"two":[{"t":"idOrVar","v":"value"}," ай бұрын"],"zero":"осы ай"},"$x":[{"t":"idOrVar","v":"plural"},"value"]},{"$i":"years-ago-long","$v":{"few":[{"t":"idOrVar","v":"value"}," жыл бұрын"],"many":[{"t":"idOrVar","v":"value"}," жыл бұрын"],"one":"өткен жыл","other":[{"t":"idOrVar","v":"value"}," жыл бұрын"],"two":[{"t":"idOrVar","v":"value"}," жыл бұрын"],"zero":"осы жыл"},"$x":[{"t":"idOrVar","v":"plural"},"value"]},{"$i":"minutes-until-long","$v":{"few":[{"t":"idOrVar","v":"value"}," минутта"],"many":[{"t":"idOrVar","v":"value"}," минутта"],"other":[{"t":"idOrVar","v":"value"}," минутта"],"two":[{"t":"idOrVar","v":"value"}," минутта"],"zero":"қазір","one":"1 минут ішінде"},"$x":[{"t":"idOrVar","v":"plural"},"value"]},{"$i":"hours-until-long","$v":{"few":[{"t":"idOrVar","v":"value"}," сағатта"],"many":[{"t":"idOrVar","v":"value"}," сағатта"],"other":[{"t":"idOrVar","v":"value"}," сағатта"],"two":[{"t":"idOrVar","v":"value"}," сағатта"],"zero":"қазір","one":"1 сағатта"},"$x":[{"t":"idOrVar","v":"plural"},"value"]},{"$i":"days-until-long","$v":{"few":[{"t":"idOrVar","v":"value"}," күнде"],"many":[{"t":"idOrVar","v":"value"}," күнде"],"one":"ертең","other":[{"t":"idOrVar","v":"value"}," күнде"],"two":[{"t":"idOrVar","v":"value"}," күнде"],"zero":"бүгін"},"$x":[{"t":"idOrVar","v":"plural"},"value"]},{"$i":"weeks-until-long","$v":{"few":[{"t":"idOrVar","v":"value"}," аптада"],"many":[{"t":"idOrVar","v":"value"}," аптада"],"one":"келесі апта","other":[{"t":"idOrVar","v":"value"}," аптада"],"two":[{"t":"idOrVar","v":"value"}," аптада"],"zero":"осы апта"},"$x":[{"t":"idOrVar","v":"plural"},"value"]},{"$i":"months-until-long","$v":{"few":[{"t":"idOrVar","v":"value"}," айда"],"many":[{"t":"idOrVar","v":"value"}," айда"],"one":"келесі ай","other":[{"t":"idOrVar","v":"value"}," айда"],"two":[{"t":"idOrVar","v":"value"}," айда"],"zero":"осы ай"},"$x":[{"t":"idOrVar","v":"plural"},"value"]},{"$i":"years-until-long","$v":{"few":[{"t":"idOrVar","v":"value"}," жылда"],"many":[{"t":"idOrVar","v":"value"}," жылда"],"one":"келесі жыл","other":[{"t":"idOrVar","v":"value"}," жылда"],"two":[{"t":"idOrVar","v":"value"}," жылда"],"zero":"осы жыл"},"$x":[{"t":"idOrVar","v":"plural"},"value"]},{"$i":"minutes-ago-short","$v":{"other":[{"t":"idOrVar","v":"value"}," минут бұрын"],"zero":"қазір ғана"},"$x":[{"t":"idOrVar","v":"plural"},"value"]},{"$i":"hours-ago-short","$v":{"other":[{"t":"idOrVar","v":"value"}," сағат бұрын"],"zero":"қазір ғана"},"$x":[{"t":"idOrVar","v":"plural"},"value"]},{"$i":"days-ago-short","$v":{"other":[{"t":"idOrVar","v":"value"}," күн бұрын"],"zero":"бүгін"},"$x":[{"t":"idOrVar","v":"plural"},"value"]},{"$i":"minutes-until-short","$v":{"other":[{"t":"idOrVar","v":"value"}," минутта"],"zero":"қазір"},"$x":[{"t":"idOrVar","v":"plural"},"value"]},{"$i":"hours-until-short","$v":{"other":[{"t":"idOrVar","v":"value"}," сағатта"],"zero":"қазір"},"$x":[{"t":"idOrVar","v":"plural"},"value"]},{"$i":"days-until-short","$v":{"other":[{"t":"idOrVar","v":"value"}," күнде"],"zero":"бүгін"},"$x":[{"t":"idOrVar","v":"plural"},"value"]},{"$i":"incorrectDate","$v":"(дұрыс емес күн)"},{"$i":"dateTimeFormat_%c","$v":"%a %b %e %Y %I:%M:%S %p"},{"$i":"dateTimeFormat_%x","$v":"%m/%d/%Y"},{"$i":"dateTimeFormat_%X","$v":"%I:%M:%S %p"},{"$i":"shortTimeFormat","$v":"%I:%M %p"},{"$i":"shortTimeFormat12","$v":"%I:%M %p"},{"$i":"shortTimeFormat24","$v":"%H:%M"},{"$i":"shortDateTimeFormat","$v":"%x %I:%M %p"},{"$i":"weekStartsOnMonday","$v":"0.0"},{"$i":"firstDayOfTheWeek","$v":"1.0"},{"$i":"time_am","$v":"ТД"},{"$i":"time_pm","$v":"түстен кейін"}]