[{"$i":"setup-app-name-header","$v":"اي میل"},{"$i":"setup-empty-account-message","$v":"تاسو د اي میل لیږلو یا ترلاسه کولو لپاره نه یئ برابر شوي. د دې فعالیت بشپړولو لپاره اکاونټ جوړ کړئ."},{"$i":"setup-pick-service","$v":"د اي میل لیږلو یا  ترلاسه کولو لپاره تاسو باید اکاونټ جوړ کړئ."},{"$i":"setup-account-header3","$v":"د کارن ننوتل"},{"$i":"setup-account-password","$v":"پاسورډ"},{"$i":"setup-info-next","$v":"بل"},{"$i":"setup-progress-wait-msg","$v":"اکاونټ جوړول"},{"$i":"setup-sync-progress-wait-msg","$v":"حساب ورکول"},{"$i":"setup-completed-header","$v":"مبارک شئ!"},{"$i":"setup-completed-label","$v":"هر څه بشپړ شو!"},{"$i":"setup-add-another-account","$v":"یو حساب داخل کړئ"},{"$i":"setup-show-mail","$v":"اي میل ته دوام ورکړئ"},{"$i":"setup-done-add","$v":"حساب اضافه کړئ"},{"$i":"setup-error-offline","$v":"انټرنیټ اړیکه نشته."},{"$i":"setup-error-bad-user-or-pass2","$v":"د بریښنالیک آدرس یا رمز غلط دی"},{"$i":"setup-error-bad-address","$v":"د بریښنالیک آدرس غلط دی."},{"$i":"setup-error-not-authorized","$v":"د اکاوونټ د جوړولو اجازه نه ده ورکړل شوې."},{"$i":"setup-error-pop-server-not-great","$v":"POP3 سرور د اړتیا وړ ب supportو ملاتړ نه کوي."},{"$i":"setup-error-unknown2","$v":"یو غیرمعروف نقص پیښ شو. د نیټ ورک پیوستون نګراني وکړی یا د عادي ترتیب اختیار کارولو هڅه وکړی."},{"$i":"setup-error-needs-app-pass","$v":"تاسو باید د دوه فاکتور جی میل حسابونو لپاره د غوښتنلیک ځانګړي پاسورډ وکاروئ."},{"$i":"setup-error-imap-disabled","$v":"تاسو باید د خپل Gmail حساب لپاره IMAP فعال کړئ."},{"$i":"setup-error-pop3-disabled","$v":"تاسو باید د خپل Gmail حساب لپاره POP3 فعال کړئ."},{"$i":"setup-error-bad-security","$v":[{"t":"idOrVar","v":"server"},"\" سره د یو محفوظ پیوستون جوړولو توان نلري. کیدای شي د ستاسي نیټ ورک یا سرور سره څه مسیله کیدای شي."]},{"$i":"setup-error-unresponsive-server","$v":["‏د \"",{"t":"idOrVar","v":"server"},"\" سره خوندي کنیکشن نه برابریږي. ښایي په نیټ ورک کې ستونزه وي."]},{"$i":"setup-error-server-problem","$v":["په سرور\"",{"t":"idOrVar","v":"server"},"\" کې څه ستونزه ده. وروسته بیا هڅه وکړئ."]},{"$i":"setup-error-no-config-info","$v":"شکل بندي ناکامه شوې. د بریښنالیک پتې چیک کړئ یا د لارښود ترتیب کولو اختیار هڅه وکړئ."},{"$i":"setup-error-server-maintenance","$v":["سرور \"",{"t":"idOrVar","v":"server"},"\" د برابرولو لپاره اف لاین دی. وروسته بیا هڅه  وکړئ."]},{"$i":"setup-error-account-already-exists","$v":"دا اکاونټ د مخه شتون لري."},{"$i":"setup-manual-config2","$v":"پرمختللی"},{"$i":"setup-manual-config-header","$v":"د کارن ننوتل"},{"$i":"setup-manual-account-type-header","$v":"د اکاونټ ډول"},{"$i":"setup-manual-account-type","$v":"د اکاونټ ډول"},{"$i":"setup-manual-account-type-select","ariaLabel":"د اکاونټ ډول"},{"$i":"setup-manual-imap-header","$v":"‏IMAP سیټنګونه"},{"$i":"setup-manual-pop3-header","$v":"‏POP3 سیټنګونه"},{"$i":"setup-manual-smtp-header","$v":"‏SMTP سیټنګونه"},{"$i":"setup-manual-activesync-header","$v":"‏ActiveSync سیټنګونه"},{"$i":"setup-manual-next","$v":"بل"},{"$i":"setup-manual-socket","$v":"د ساکټ ډول"},{"$i":"setup-manual-socket-ssl","$v":"SSL"},{"$i":"setup-manual-socket-starttls","$v":"STARTTLS"},{"$i":"setup-manual-socket-select","ariaLabel":"د کنیکسیون امنیت"},{"$i":"setup-manual-socket-plain","$v":"بې کوډه شوی"},{"$i":"setup-bad-password-header","$v":"خراب پاس ورډ!"},{"$i":"setup-bad-password","$v":"سرور ته نه شي ساین کیدی. لطفاً په پاس ورډ بیا کوشش وکړئ."},{"$i":"setup-new-password","placeholder":"نوی پاس ورډ"},{"$i":"setup-fix-password","$v":"په نوي پاس ورډ سره بیا کوشش وکړئ"},{"$i":"setup-gmail-twofactor-header","$v":"دوه فکتورونه فعاله شوي"},{"$i":"setup-gmail-twofactor-message","$v":"تاسو باید د ایپلیکیشن ځانګړی پاس ورډ لاندې ورکړئ."},{"$i":"setup-gmail-imap-header","$v":"‏IMAP غیرفعال"},{"$i":"setup-gmail-imap-message","$v":"تاسو باید د خپلGmail اکاونټ لپاره IMAP فعال کړئ"},{"$i":"setup-gmail-retry","$v":"بیا هڅه وکړئ"},{"$i":"setup-gmail-pop3-header","$v":"‏POP3  غیرفعال"},{"$i":"setup-gmail-pop3-message","$v":"تاسو باید د خپلGmail اکاونټ لپاره POP3 فعال کړئ"},{"$i":"setup-fix-oauth2-header","$v":"بیا باوري کړی شوی اي میل"},{"$i":"setup-fix-oauth2-description","$v":"لاندې اکاونټ ته د لاس رسي لپاره اي میل باید یو ځل بیا باوري کړل شي:"},{"$i":"setup-fix-oauth2-reauthorize","$v":"بیا باوري کړئ"},{"$i":"settings-main-header","$v":"اي میل سیټنګونه"},{"$i":"settings-sub-header-account","$v":"اکاونټ"},{"$i":"settings-account-group","ariaLabel":"اکاونټ"},{"$i":"settings-account-name","$v":"ستاسو نوم"},{"$i":"settings-account-label","$v":"اکاونټ نوم"},{"$i":"settings-account-display-notifications","$v":"د نوي اي میل خبرتیاوې وښایئ"},{"$i":"settings-account-play-sound-onsend","$v":"د پیغام لیږلو نه وروسته غږ وغږوئ"},{"$i":"settings-account-signature-label","$v":"لاسلیک"},{"$i":"settings-sub-header-data","$v":"ډیټا"},{"$i":"settings-data-group","ariaLabel":"ډیټا"},{"$i":"settings-account-check-mail","$v":"نوي پیغامونه ولټوئ"},{"$i":"settings-account-check-mail-select","ariaLabel":"نوي پیغامونه ولټوئ"},{"$i":"settings-sub-header-server","$v":"سرور سیټنګونه"},{"$i":"settings-server-group","ariaLabel":"سرور سیټنګونه"},{"$i":"settings-account-userpass","$v":"د کاروونکي نوم او پاس ورډ"},{"$i":"settings-account-useroauth2","$v":"کاروونکي نوم"},{"$i":"settings-default-signature-2","$v":"زما له تلیفون څخه ولیږئ"},{"$i":"settings-done","$v":"وشو"},{"$i":"settings-account-section","$v":"اکاونټونه"},{"$i":"settings-account-listbox","ariaLabel":"اکاونټونه"},{"$i":"settings-account-add","$v":"شامل کړئ"},{"$i":"settings-account-delete","$v":"اکاونټ لرې کړئ"},{"$i":"settings-account-delete-prompt","$v":"که تاسو دا اکاؤنټ لرې کړئ، هغه ایپس چې دا اکاؤنټ کاروي به هم اغیزمن شي."},{"$i":"settings-account-delete-desc","$v":"که تاسو د اکاونټ جوړول تکرار کړل، نو باید خپل اي میل یو ځل بیا ډاونلوډ کړئ."},{"$i":"settings-account-delete-cancel","$v":"کینسل کړئ"},{"$i":"settings-account-delete-confirm","$v":"لري کړئ"},{"$i":"settings-account-clarify","$v":[{"t":"idOrVar","v":"account-name"}]},{"$i":"settings-account-clarify-imap","$v":[{"t":"idOrVar","v":"account-name"}," (IMAP)"]},{"$i":"settings-account-clarify-pop3","$v":[{"t":"idOrVar","v":"account-name"}," (IMAP)"]},{"$i":"settings-account-clarify-smtp","$v":[{"t":"idOrVar","v":"account-name"}," (IMAP)"]},{"$i":"settings-general-section","$v":"عمومي سیټنګونه"},{"$i":"settings-show-images","$v":"تل عکسونه ښایئ"},{"$i":"settings-download-attachments","$v":"ضمیمې ډاونلوډ کړئ"},{"$i":"settings-check-every-5min","$v":"هر 5 دقیقې"},{"$i":"settings-check-every-10min","$v":"هر 10 دقیقې"},{"$i":"settings-check-every-15min","$v":"هر 15 دقیقې"},{"$i":"settings-check-every-30min","$v":"هر 30 دقیقې"},{"$i":"settings-check-every-60min","$v":"هره دقیقه"},{"$i":"settings-check-every-manual","$v":"په لاسي ډول"},{"$i":"settings-check-dynamic","$v":{"few":[{"t":"idOrVar","v":"n"}," ثانیې"],"many":[{"t":"idOrVar","v":"n"}," ثانیې"],"one":[{"t":"idOrVar","v":"n"}," ثانیي"],"other":[{"t":"idOrVar","v":"n"}," ثانیې"],"two":[{"t":"idOrVar","v":"n"}," ثانیې"],"zero":"غیرفعال"},"$x":[{"t":"idOrVar","v":"plural"},"n"]},{"$i":"settings-default-account","$v":"د ډیفالټ اي میل په توګه برابر کړئ"},{"$i":"settings-account-type","$v":"د اکاونټ ډول"},{"$i":"settings-account-credentials","$v":"باورلیکونه"},{"$i":"settings-activesync-label","$v":"ActiveSync سیټنګونه معلومات"},{"$i":"settings-imap-label","$v":"IMAP سیټنګونه معلومات"},{"$i":"settings-pop3-label","$v":"POP3 سیټنګونه معلومات"},{"$i":"settings-smtp-label","$v":"SMTP سیټنګونه معلومات"},{"$i":"settings-hostname","$v":"د کوربه نوم"},{"$i":"settings-port","$v":"پورټ"},{"$i":"settings-username","$v":"کاروونکي نوم"},{"$i":"settings-password","$v":"پاس ورډ"},{"$i":"settings-save","$v":"خوندي کړئ"},{"$i":"password-saved","$v":"شفر خوندي شو."},{"$i":"settings-reauth","$v":"بیا باوري کړئ"},{"$i":"settings-account-synchronize-window","$v":"د برابرولو ورځې"},{"$i":"settings-account-synchronize-window-select","ariaLabel":"د برابرولو ورځې"},{"$i":"settings-synchronize-auto","$v":"خپل کاري"},{"$i":"settings-synchronize-one-day","$v":"‏⁯1⁮ ورځي"},{"$i":"settings-synchronize-three-days","$v":"‏⁯3⁮ ورځي"},{"$i":"settings-synchronize-one-week","$v":"‏⁯1⁮ اونی"},{"$i":"settings-synchronize-two-weeks","$v":"‏⁯2⁮ اونی"},{"$i":"settings-synchronize-one-month","$v":"میاشت"},{"$i":"settings-synchronize-all","$v":"ټول پیغامونه"},{"$i":"envelope-from","$v":"له"},{"$i":"envelope-to","$v":"ته"},{"$i":"envelope-cc","$v":"سي سي"},{"$i":"envelope-bcc","$v":"بي سي سي"},{"$i":"message-header-state-sending","ariaLabel":"لیږدوی..."},{"$i":"message-header-state-error","ariaLabel":"تیروتنه لیږل کیږي"},{"$i":"message-header-unread","ariaLabel":"نالوستل شوی"},{"$i":"message-header-reply","ariaLabel":"ځواب ورکړئ"},{"$i":"message-header-forward","ariaLabel":"مخکی ولیږئ"},{"$i":"message-header-starred","ariaLabel":"سټار لري"},{"$i":"message-header-attachments","ariaLabel":"ضمیمې لري"},{"$i":"message-body-container","ariaLabel":"د پیغام متن"},{"$i":"message-body-container-progress","ariaValueText":"پورته کول"},{"$i":"subject","ariaLabel":"موضوع"},{"$i":"attachments-container","ariaLabel":"ضمیمې"},{"$i":"from-group","ariaLabel":"له"},{"$i":"to-group","ariaLabel":"ته"},{"$i":"cc-group","ariaLabel":"سي سي"},{"$i":"bcc-group","ariaLabel":"بي سي سي"},{"$i":"compose-header","$v":"پیغام کمپوز کړئ"},{"$i":"compose-header-short","$v":"کمپوز کړئ"},{"$i":"compose-send","$v":"ولیږئ"},{"$i":"compose-send-button","ariaLabel":"ولیږئ"},{"$i":"compose-to","$v":"ته"},{"$i":"compose-cc","$v":"سي سي"},{"$i":"compose-bcc","$v":"بي سي سي"},{"$i":"compose-cc-remove","$v":"د نقل فهرست لرې کړ."},{"$i":"compose-bcc-remove","$v":"د پت نقل فهرست لرې کړ."},{"$i":"compose-contact-add","ariaLabel":"تماس شامل کړئ"},{"$i":"compose-attachments","$v":{"few":["ضمیمې(",{"t":"idOrVar","v":"n"},")"],"many":["ضمیمې(",{"t":"idOrVar","v":"n"},")"],"one":["ضمیمې (",{"t":"idOrVar","v":"n"},")"],"other":["ضمیمې(",{"t":"idOrVar","v":"n"},")"],"two":["ضمیمې(",{"t":"idOrVar","v":"n"},")"],"zero":"ضمیمه"},"$x":[{"t":"idOrVar","v":"plural"},"n"]},{"$i":"compose-text","ariaLabel":"تغیر کړئ"},{"$i":"compose-attachment-still-working","$v":"یوه شیبه انتظار وکړئ، لا تراوسه په تیره شوي ضمیمه کار کوي..."},{"$i":"compose-attachment-loading","$v":"پورته کول ضمیمه ..."},{"$i":"compose-attachments-loading","$v":"پورته کولو ضمیمه ..."},{"$i":"compose-forward-attachment-error-title","$v":"ډاونلوډ ناکام شو."},{"$i":"compose-forward-attachment-error-title2","$v":"ستونزه"},{"$i":"compose-forward-attachment-unable-load","$v":"ضمیمه شروع کولو توان نلري."},{"$i":"compose-forward-attachments-unable-load","$v":"د ضمیمه د شروع کولو توان نلري."},{"$i":"compose-forward-attachment-load-error","$v":"ځینې ضمیمې نشي شروع کیدی."},{"$i":"confirmation-title","$v":"تصدیق"},{"$i":"compose-subject","$v":"موضوع"},{"$i":"compose-draft-save","$v":"په ځایي مسودو کې یې خوندي کوئ؟"},{"$i":"compose-discard-confirm","$v":"پریږدئ"},{"$i":"compose-draft-dialog-cancel","$v":"کینسل کړئ"},{"$i":"compose-draft-dialog-save","$v":"خوندي کړئ"},{"$i":"composer-draft-saved","$v":"مسوده خوندي شوه."},{"$i":"attention","$v":"توجه"},{"$i":"compose-send-message-failed","$v":"اي میل لیږل فیل شو"},{"$i":"compose-attchment-size-exceeded","$v":"د پیغام سره لیږلو ته اتصال ډیر لوی دی."},{"$i":"compose-attchments-size-exceeded","$v":"د پیغام سره لیږلو ته اړول ډیر لوی دي"},{"$i":"composer-attachment-large-title","$v":"د دوتنې اندازه خورا لویه ده"},{"$i":"default-attachment-filename","$v":["ضمیمه  ",{"t":"idOrVar","v":"n"}]},{"$i":"attachment-size-meb","$v":[{"t":"idOrVar","v":"megabytes"}," MB"]},{"$i":"attachment-size-kib","$v":[{"t":"idOrVar","v":"kilobytes"}," KB"]},{"$i":"attachment-size-byte","$v":[{"t":"idOrVar","v":"bytes"}," B"]},{"$i":"message-attachment-view","$v":"ښکاره کړئ"},{"$i":"message-attachment-did-not-open-label","$v":"خلاصولی نشي."},{"$i":"message-attachment-did-not-open-body","$v":"په  دې اله کې هغه ایپ نشته چې دا ضمیمه پرانزي."},{"$i":"message-attachment-too-large","$v":"دا پاڼه د خوندي کیدو لپاره ډیره غټه ده."},{"$i":"message-attachment-not-found","$v":"د ضمیمه دوتنه ونه موندل شوه ، بیا ډاونلوډ؟"},{"$i":"message-attachment-download-fail","$v":[{"t":"idOrVar","v":"fileName"}," -ډاونلوډ ناکام شو"]},{"$i":"message-no-subject","$v":"(موضوع نشته)"},{"$i":"message-edit-menu-edit","$v":"تغیر کړئ"},{"$i":"message-edit-menu-delete","$v":"لري کړئ"},{"$i":"message-edit-delete-confirm","$v":"د اي  میل پیغام لرې کوئ؟"},{"$i":"message-forward-attachment-title","$v":"ضمیمه"},{"$i":"message-forward-attachment","$v":"ضمیمه مخکینی ولګی؟"},{"$i":"message-forward-attachments","$v":"ضمیمی مخکینی ولګی؟"},{"$i":"message-multiedit-header","$v":{"few":[{"t":"idOrVar","v":"n"}," انتخاب شوي"],"many":[{"t":"idOrVar","v":"n"}," انتخاب شوي"],"one":[{"t":"idOrVar","v":"n"}," انتخاب شوي"],"other":[{"t":"idOrVar","v":"n"}," انتخاب شوي"],"two":[{"t":"idOrVar","v":"n"}," انتخاب شوي"],"zero":[{"t":"idOrVar","v":"n"}," انتخاب شوي"]},"$x":[{"t":"idOrVar","v":"plural"},"n"]},{"$i":"message-multiedit-search-header","$v":{"few":[{"t":"idOrVar","v":"n"}," انتخاب شوي"],"many":[{"t":"idOrVar","v":"n"}," انتخاب شوي"],"one":[{"t":"idOrVar","v":"n"}," انتخاب شوي"],"other":[{"t":"idOrVar","v":"n"}," انتخاب شوي"],"two":[{"t":"idOrVar","v":"n"}," انتخاب شوي"],"zero":"0 انتخاب شوي"},"$x":[{"t":"idOrVar","v":"plural"},"n"]},{"$i":"browse-to-url-prompt","$v":["پهURL لټوئ؟",{"t":"idOrVar","v":"url"},":"]},{"$i":"message-download-images-tap","$v":{"few":["په دې اي میل کې ",{"t":"idOrVar","v":"n"}," عکسونه شامل دي. د ډاونلوډ کولو لپاره ټیپ کړئ."],"many":["په دې اي میل کې ",{"t":"idOrVar","v":"n"}," عکسونه شامل دي. د ډاونلوډ کولو لپاره ټیپ کړئ."],"one":"په دې اي میل کې یو عکس شامل دي. د ډاونلوډ کولو لپاره ټیپ کړئ.","other":["په دې اي میل کې ",{"t":"idOrVar","v":"n"}," عکسونه شامل دي. د ډاونلوډ کولو لپاره ټیپ کړئ."],"two":["په دې اي میل کې ",{"t":"idOrVar","v":"n"}," عکسونه شامل دي. د ډاونلوډ کولو لپاره ټیپ کړئ."]},"$x":[{"t":"idOrVar","v":"plural"},"n"]},{"$i":"message-show-external-images","$v":"باندیني عکسونه وښایئ"},{"$i":"message-delete-cancel","$v":"لغوه کړئ"},{"$i":"message-multiedit-delete-confirm","$v":{"few":[{"t":"idOrVar","v":"n"}," پیغامونه‏ لري کړئ؟"],"many":[{"t":"idOrVar","v":"n"}," پیغامونه‏ لري کړئ؟"],"one":"انتخاب شوی پبغام لرې کړي؟","other":[{"t":"idOrVar","v":"n"}," پیغامونه‏ لري کړئ؟"],"two":[{"t":"idOrVar","v":"n"}," پیغامونه‏ لري کړئ؟"]},"$x":[{"t":"idOrVar","v":"plural"},"n"]},{"$i":"message-large-message-cancel","$v":"کینسل کړئ"},{"$i":"message-large-message-ok","$v":"دوام ورکړئ"},{"$i":"message-large-message-confirm","$v":"دا پیغام غټ دی او په ډاونلوډ کیدو کې ځینې وخت اخیستلای شي."},{"$i":"message-large-message-warning","$v":"پیغام ډیر غټ دی."},{"$i":"message-search-header","$v":"لټون"},{"$i":"search-result","$v":["بریښنا لیکونه(",{"t":"idOrVar","v":"num"},")"]},{"$i":"message-search-from","$v":"له"},{"$i":"message-search-to","$v":"ته"},{"$i":"message-search-subject","$v":"موضوع"},{"$i":"message-search-body","$v":"متن"},{"$i":"message-search-all","$v":"ټول"},{"$i":"message-search-input","placeholder":"اي میل ولټوئ"},{"$i":"message-search-cancel","$v":"کینسل کړئ"},{"$i":"messages-syncing","$v":"پیغامونه لوډ کیږي"},{"$i":"messages-syncing-progressbar","ariaValueText":"پیغامونه لوډ کیږي"},{"$i":"messages-load-more","$v":"نور پیغامونه لوډ کړئ"},{"$i":"messages-folder-empty","$v":"پدې فولډر کې هیڅ ایمیل نشته"},{"$i":"messages-search-empty","$v":"په ځایي خوندي شوي پیغامونو کې مناسبت نشته"},{"$i":"messages-folder-select","$v":"فولډر ولیږئ"},{"$i":"messages-folder-unread-max","$v":"999+"},{"$i":"message-contact-menu-create","$v":"نوی اکاونټ جوړ کړئ"},{"$i":"message-contact-menu-add-existing","$v":"شته تماس ته زیات کړئ"},{"$i":"message-contact-menu-view","$v":"اړیکه وښایاست"},{"$i":"message-contact-menu-reply","$v":"ځواب ورکړئ"},{"$i":"message-contact-menu-new","$v":"ایمیل ولیږئ"},{"$i":"message-reply-menu-reply","$v":"ځواب ورکړئ"},{"$i":"message-reply-menu-reply-all","$v":"ځواب ټولو ته"},{"$i":"message-reply-menu-forward","$v":"مخکی ولیږئ"},{"$i":"message-reply-menu-cancel","$v":"کینسل کړئ"},{"$i":"reply-quoting-wrote","$v":"{نوم }  ولیکئ"},{"$i":"forward-original-message","$v":"اصلي پیغام"},{"$i":"forward-header-subject","$v":"موضوع"},{"$i":"forward-header-date","$v":"تاریخ"},{"$i":"forward-header-from","$v":"له"},{"$i":"forward-header-reply-to","$v":"ځواب ورکړئ"},{"$i":"forward-header-to","$v":"ته"},{"$i":"forward-header-cc","$v":"سي سي"},{"$i":"folder-inbox","$v":"صندوق"},{"$i":"folder-sent","$v":"لیږلي شو"},{"$i":"folder-drafts","$v":"چټل نویس"},{"$i":"folder-trash","$v":"ټرش شو"},{"$i":"folder-queue","$v":"نالیږل شوي"},{"$i":"folder-junk","$v":"جنک"},{"$i":"folder-archives","$v":"ارشیف"},{"$i":"folder-localdrafts","$v":"ځایي  مسودې"},{"$i":"folder-outbox","$v":"اوټ بکس"},{"$i":"drawer-back","$v":"شاته"},{"$i":"drawer-accounts-header","$v":"اکاونټونه"},{"$i":"drawer-settings-link","$v":"سیټنګونه"},{"$i":"folder-last-synced-label","$v":"اخري برابروالی:"},{"$i":"messages-refresh-progress","ariaValueText":"تازه کیږي"},{"$i":"no-internet-connection","$v":"انټرنیټ اړیکه نشته."},{"$i":"toaster-undo","$v":"مه کوئ"},{"$i":"toaster-message-star","$v":{"one":"بریښنالیک بيرغ","few":[{"t":"idOrVar","v":"n"}," بریښنا لیکونه باندي بیرغ ولګیدلو."],"many":[{"t":"idOrVar","v":"n"}," بریښنا لیکونه باندي بیرغ ولګیدلو."],"other":[{"t":"idOrVar","v":"n"}," بریښنا لیکونه باندي بیرغ ولګیدلو."],"two":[{"t":"idOrVar","v":"n"}," بریښنا لیکونه باندي بیرغ ولګیدلو."]},"$x":[{"t":"idOrVar","v":"plural"},"n"]},{"$i":"toaster-message-unstar","$v":{"one":"د بریښنالیک بیرغ لرې شو.","few":[{"t":"idOrVar","v":"n"}," بریښنا لیکونه نه بیرغ لری شو"],"many":[{"t":"idOrVar","v":"n"}," بریښنا لیکونه نه بیرغ لری شو"],"other":[{"t":"idOrVar","v":"n"}," بریښنا لیکونه نه بیرغ لری شو"],"two":[{"t":"idOrVar","v":"n"}," بریښنا لیکونه نه بیرغ لری شو"]},"$x":[{"t":"idOrVar","v":"plural"},"n"]},{"$i":"toaster-message-read","$v":{"one":"بریښنالیک د لوستلو په توګه په نښه شوی.","few":[{"t":"idOrVar","v":"n"}," بریښنا لیکونه د لوستل شوي په توګه په نښه شو."],"many":[{"t":"idOrVar","v":"n"}," بریښنا لیکونه د لوستل شوي په توګه په نښه شو."],"other":[{"t":"idOrVar","v":"n"}," بریښنا لیکونه د لوستل شوي په توګه په نښه شو."],"two":[{"t":"idOrVar","v":"n"}," بریښنا لیکونه د لوستل شوي په توګه په نښه شو."]},"$x":[{"t":"idOrVar","v":"plural"},"n"]},{"$i":"toaster-message-unread","$v":{"one":"بریښنالیک د لوستل شوي په توګه نښه شوی.","few":[{"t":"idOrVar","v":"n"}," بریښنا لیکونه د نالوستل شوي په توګه په نښه شو."],"many":[{"t":"idOrVar","v":"n"}," بریښنا لیکونه د نالوستل شوي په توګه په نښه شو."],"other":[{"t":"idOrVar","v":"n"}," بریښنا لیکونه د نالوستل شوي په توګه په نښه شو."],"two":[{"t":"idOrVar","v":"n"}," بریښنا لیکونه د نالوستل شوي په توګه په نښه شو."]},"$x":[{"t":"idOrVar","v":"plural"},"n"]},{"$i":"toaster-message-move","$v":{"one":"بریښنالیک فولډر ته تللی","few":[{"t":"idOrVar","v":"n"}," بریښنا لیکونه اړول شو."],"many":[{"t":"idOrVar","v":"n"}," بریښنا لیکونه اړول شو."],"other":[{"t":"idOrVar","v":"n"}," بریښنا لیکونه اړول شو."],"two":[{"t":"idOrVar","v":"n"}," بریښنا لیکونه اړول شو."]},"$x":[{"t":"idOrVar","v":"plural"},"n"]},{"$i":"toaster-message-delete","$v":{"one":"بریښنالیک ړنګ شو","few":[{"t":"idOrVar","v":"n"}," بریښنا لیکونه لری کړی شو."],"many":[{"t":"idOrVar","v":"n"}," بریښنا لیکونه لری کړی شو."],"other":[{"t":"idOrVar","v":"n"}," بریښنا لیکونه لری کړی شو."],"two":[{"t":"idOrVar","v":"n"}," بریښنا لیکونه لری کړی شو."]},"$x":[{"t":"idOrVar","v":"plural"},"n"]},{"$i":"toaster-sync-failed","$v":"پالنګر سره د پیوستون توان نلري."},{"$i":"compose-invalid-addresses-title","$v":"ناباوري ادرس"},{"$i":"compose-invalid-addresses-description","$v":"ستاسو په پیغام کې یو یا زیات ناباوري اي میل ادرسونه شامل دي. لطفاً د لیږلو نه مخکې یې صحیح کړئ."},{"$i":"background-send-pending","$v":"د انټرنیټ نه. بریښنالیک آکس باکس ته خوندي شوی."},{"$i":"background-send-sending","$v":"لیږل…"},{"$i":"background-send-success","$v":"اي میل ولیږل شو."},{"$i":"background-send-error","$v":"خطا لېږل بریښنالیک آکس باکس ته خوندي شوی."},{"$i":"background-send-error-recipients","$v":"د ترلاسه کوونکي تیروتنه. اي میل په اوټ بکس کې خوندي شو."},{"$i":"background-send-error-title","$v":"اي میل لیږل فیل شو"},{"$i":"send-failure-recipients","$v":"د پورتني ادرس املا وګورئ. ستاسو د اي میل سرور ښایي چې پورته یو یا زیاتې ادرسې ناسمې  دي."},{"$i":"send-failure-unknown","$v":"دا پیغام نه شي لیږل کیدی."},{"$i":"form-clear-input","$v":"پیغام لرې  کړئ"},{"$i":"confirm-dialog-title","$v":"تصدیق"},{"$i":"confirm-dialog-ok","$v":"اوکی"},{"$i":"msg-display-subject","$v":"موضوع"},{"$i":"msg-reader-display-attachments","$v":"ضمایم"},{"$i":"msg-reader-display-attachment","$v":"ضمیمه"},{"$i":"msg-reader-download-external-images","$v":["باندیني عکسونه(",{"t":"idOrVar","v":"n"}," MB) ډاونلوډ کړئ"]},{"$i":"msg-reader-sender-header","$v":"لیږونکی"},{"$i":"msg-reader-recipients-header","$v":"ترلاسه کوونکي"},{"$i":"msg-reader-cc-header","$v":"سي سي"},{"$i":"msg-reader-bcc-header","$v":"بي سي سي"},{"$i":"msg-reader-message-flagged","$v":"بیرغ لرونکی پیغام"},{"$i":"msg-reader-flag-removed","$v":"بیرغ لرې کړی شو"},{"$i":"external-image-downloading","$v":"راښکته کوي..."},{"$i":"senders-separation-sign","$v":", "},{"$i":"new-messages","$v":{"few":[{"t":"idOrVar","v":"n"}," نوې پیغامونه"],"many":[{"t":"idOrVar","v":"n"}," نوې پیغامونه"],"one":"‏⁯1⁮ نوی پیغام","other":[{"t":"idOrVar","v":"n"}," نوې پیغامونه"],"two":[{"t":"idOrVar","v":"n"}," نوې پیغامونه"]},"$x":[{"t":"idOrVar","v":"plural"},"n"]},{"$i":"new-emails-notify-one-account","$v":{"few":[{"t":"idOrVar","v":"n"}," نوی اي میل"],"many":[{"t":"idOrVar","v":"n"}," نوې اي میلونه"],"one":"‏⁯1⁮ نوی ایمیل","other":[{"t":"idOrVar","v":"n"}," نوې اي میلونه"],"two":[{"t":"idOrVar","v":"n"}," نوې اي میلونه"]},"$x":[{"t":"idOrVar","v":"plural"},"n"]},{"$i":"new-emails-notify-multiple-accounts","$v":{"few":[{"t":"idOrVar","v":"n"}," نوي اي میلونه (",{"t":"idOrVar","v":"accountName"},")"],"many":[{"t":"idOrVar","v":"n"}," نوي اي میلونه (",{"t":"idOrVar","v":"accountName"},")"],"one":["1نوی اي میل (",{"t":"idOrVar","v":"accountName"},")"],"other":[{"t":"idOrVar","v":"n"}," نوي اي میلونه (",{"t":"idOrVar","v":"accountName"},")"],"two":[{"t":"idOrVar","v":"n"}," نوي اي میلونه (",{"t":"idOrVar","v":"accountName"},")"]},"$x":[{"t":"idOrVar","v":"plural"},"n"]},{"$i":"new-emails-notify-multiple-accounts-body","$v":[{"t":"idOrVar","v":"from"}," “",{"t":"idOrVar","v":"subject"},"”"]},{"$i":"tng-plain-socket-warning-title","$v":"تاسو یقیني یاست؟"},{"$i":"tng-plain-socket-warning-message","$v":"نور خلک کولای شي چې ستاسو پاس ورډونه او اي میلونه ویني یا ستاسو اکاونټ کنترول کړي."},{"$i":"tng-plain-socket-warning-message-options","$v":"ګڼ شمیر وړیا اي میل وړاندې کوونکي داسې شته چې زیات خوندي، کوډ شوي کنیکسیونونه وړاندې کوي."},{"$i":"tng-plain-socket-warning-ok","$v":"زه پوهېږم"},{"$i":"message-reader-date-received","ariaLabel":"ترلاسه شوي"},{"$i":"sort-by-title","$v":"ترتیب کړئ په"},{"$i":"sort-by-date","$v":"تاریخ"},{"$i":"sort-by-from","$v":"له"},{"$i":"sort-by-to","$v":"ته"},{"$i":"sort-by-subject","$v":"موضوع"},{"$i":"softkey-options","$v":"غوراوي"},{"$i":"opt-compose","$v":"کمپوز کړئ"},{"$i":"opt-reply","$v":"ځواب ورکړئ"},{"$i":"opt-reply-all","$v":"ټولو ته ځواب ورکړئ"},{"$i":"opt-forward","$v":"مخکی ولیږئ"},{"$i":"opt-mark-read","$v":"د لوستلي په توګه یې په نښه کړئ"},{"$i":"opt-mark-unread","$v":"د نالوستلي په توګه یې په نښه کړئ"},{"$i":"opt-add-flag","$v":"بیرغ شامل کړئ"},{"$i":"opt-remove-flag","$v":"بیرغ لرې کړئ"},{"$i":"opt-move-message","$v":"فولډر ولیږئ"},{"$i":"opt-delete-message","$v":"لري کړئ"},{"$i":"opt-multi-select","$v":"متعدد انتخاب کړئ"},{"$i":"opt-search","$v":"لټون"},{"$i":"opt-folders","$v":"فولډرې وګورئ"},{"$i":"opt-sort","$v":"په ترتیب کړئ"},{"$i":"opt-sync","$v":"برابر کړئ"},{"$i":"opt-account","$v":"اکاونټ بدل کړئ"},{"$i":"opt-settings","$v":"سیټنګونه"},{"$i":"opt-edit","$v":"تغیر کړئ"},{"$i":"opt-cancel","$v":"کینسل کړئ"},{"$i":"opt-save","$v":"خوندي کړئ"},{"$i":"opt-move","$v":"منتقل کړئ"},{"$i":"opt-view","$v":"ښکاره کړئ"},{"$i":"opt-empty-trash","$v":"ټریش خالي کړئ"},{"$i":"opt-call-number","$v":"تماس"},{"$i":"opt-compose-mail","$v":"لیکل"},{"$i":"opt-open-url","$v":"خلاص"},{"$i":"select-option-on","$v":"فعالول"},{"$i":"select-option-off","$v":"بندول"},{"$i":"select-option-imap-smtp","$v":"IMAP+SMTP"},{"$i":"select-option-pop3-smtp","$v":"POP3+SMTP"},{"$i":"select-option-activesync","$v":"ActiveSync"},{"$i":"toaster-switch-account","$v":"اي میل اکاونټ دې ته بدل شو:"},{"$i":"toaster-sorted-by","$v":"بریښنالیکونه په واسطه ترتیب شوي"},{"$i":"cmp-reply","$v":"ځواب ورکړئ"},{"$i":"cmp-reply-all","$v":"ټولو ته ځواب ورکړئ"},{"$i":"cmp-forward","$v":"پیغام وړاندې  ولیږئ"},{"$i":"cmp-remove-attach","$v":"ضمیمه لرې کړی شوې"},{"$i":"select","$v":"انتخاب کړئ"},{"$i":"deselect","$v":"انتخاب ‎نه‎ کول"},{"$i":"cancel","$v":"کینسل کړئ"},{"$i":"enter","$v":"داخل کړه"},{"$i":"remove-attachment","$v":"ضمیمه لري کړئ"},{"$i":"replace-attachment","$v":"ضمیمه بدله کړئ"},{"$i":"add-attachment","$v":"ضمیمه زیاته کړئ"},{"$i":"add-contact","$v":"تماس شامل کړئ"},{"$i":"add-cc","$v":"‏Cc شامل کړئ"},{"$i":"remove-cc","$v":"سي سي لرې کړئ"},{"$i":"add-bcc","$v":"‏Bcc شامل کړئ"},{"$i":"remove-bcc","$v":"بي سي سي لرې کړئ"},{"$i":"attachment-download","$v":"ډاونلوډ کړئ"},{"$i":"attachment-share","$v":"شریک کړئ"},{"$i":"send-new-mail","$v":"نوی ایمیل ولیږئ"},{"$i":"view-contact","$v":"تماس وګورئ"},{"$i":"save-new-contact","$v":"نوی اکاونټ جوړ کړئ"},{"$i":"add-to-exsiting-contact","$v":"د موجوده تماس سره شامل کړئ"},{"$i":"no","$v":"نه"},{"$i":"yes","$v":"هو"},{"$i":"retry","$v":"دوباره هڅه کول"},{"$i":"empty","$v":"خالي کړئ"},{"$i":"empty-trash-confirm","$v":"تاسو پاتیشونې یا ټریش خالي کول غواړئ؟"},{"$i":"trash-emptied","$v":"ټریش خالي کړی شو"},{"$i":"next","$v":"بل"},{"$i":"welcome-header","$v":"اي میل"},{"$i":"welcome-msg","$v":"اي میل  ته پخیر راغلئ."},{"$i":"welcome-msg-setup","$v":"د خپل اي میل اکاونټ برابرولو لپاره په نیکسټ/بل کلیک کړئ."},{"$i":"discard","$v":"پریښودل"},{"$i":"leave-this-page-warning-message","$v":"معلومات رد کړئ؟"},{"$i":"finish","$v":"پای ته رسول"},{"$i":"setup-done-msg","$v":"تاسو په بریا ساین ان شوئ. تاسو بل اکاونټ شاملول غواړئ؟"},{"$i":"save-as-draft","$v":"د مسودې په ډول محفوظ کړي؟"},{"$i":"show-password","$v":"پاسورډ ښکاره کړئ"},{"$i":"account-label","$v":"اکاونټ نوم"},{"$i":"folders","$v":"فولډرونه"},{"$i":"security","$v":"امنیت"},{"$i":"port-number","$v":"د پورټ شمېره"},{"$i":"domain-username","$v":"ډومین/کارن نوم"},{"$i":"synchronizing","$v":"هم مهالوي...."},{"$i":"browse-mail","$v":"اي میل ولټوئ"},{"$i":"never-sync","$v":"محلی فولډر نشي هم مهاله کیدای"},{"$i":"emptyDownloadFile","$v":"دا فایل نه ډاونلوډ کیږي، ښایي دا خالي  وي"},{"$i":"sync","$v":"هم مهاله"},{"$i":"outbox-unsent-label","$v":{"few":[{"t":"idOrVar","v":"n"}," په Outboxکې نالیږل شوي پیغامونه"],"many":[{"t":"idOrVar","v":"n"}," په Outboxکې نالیږل شوي پیغامونه"],"one":"په Outboxکې 1 نالیږل شوي پیغامونه","other":[{"t":"idOrVar","v":"n"}," په Outboxکې نالیږل شوي پیغامونه"],"two":"په Outboxکې 2 نالیږل شوي پیغامونه"},"$x":[{"t":"idOrVar","v":"plural"},"n"]},{"$i":"storage-full-title","$v":"ذخیره‎ ډکه‎ ده."},{"$i":"storage-full-warning","$v":"تاسو ‎کولی‎ شئ‎ چې‎ د‎ میډیا‎ د‎ ځیني‎ فایلونو‎ یا‎ منیجر‎ ایپلیکیشن‎ په‎ لرې‎ کولو‎ سره‎ خالي‎ ځای‎ پیدا‎ کړئ."},{"$i":"storage-full","$v":"فون ذخیره ډکه ده"},{"$i":"storage-sdcard-full","$v":"‏SD‏ کارډ ډک دي"},{"$i":"view-address","$v":"ادرس وګورئ"},{"$i":"mail-address-title","$v":"بریښنالیک"},{"$i":"mail-address","$v":[{"t":"idOrVar","v":"address"}]},{"$i":"value-name","$v":[{"t":"idOrVar","v":"name"}]},{"$i":"account-deleted","$v":"ګڼون ړنګ شو."},{"$i":"account-reEnable","$v":"اکاونټ لا دمخه موجود دی. ګncون سمول؟"},{"$i":"setup-account-usedInfo","$v":"اکاؤنټ خپل کاره هممهالي اؤ ترتیبات> اکاؤنټ. سیٹ کول"},{"$i":"setup-account-settingsInfo","$v":"هر ایپ مختلف ټاکلی هممهالي وقفې لري ، مهرباني وکړئ د ایپ  په سیټنګونو کې چیک کړئ."},{"$i":"app-calendar","$v":"کیلنډر"},{"$i":"app-contacts","$v":"تماسونه"},{"$i":"app-email","$v":"اي میل"},{"$i":"sync-account-guide","$v":"د بریښنالیک لیدو لپاره په ترتیباتو کې د حساب ترکیب فعال کړئ."},{"$i":"settings-account-sync","$v":"ګncون سمول"},{"$i":"weekday-0-long","$v":"یکشنبه"},{"$i":"weekday-1-long","$v":"دوشنبه"},{"$i":"weekday-2-long","$v":"سه شنبه"},{"$i":"weekday-3-long","$v":"چهارشنبه"},{"$i":"weekday-4-long","$v":"پنجشنبه"},{"$i":"weekday-5-long","$v":"جمعه"},{"$i":"weekday-6-long","$v":"شنبه"},{"$i":"weekday-0-short","$v":"لمر"},{"$i":"weekday-1-short","$v":"دو"},{"$i":"weekday-2-short","$v":"سه"},{"$i":"weekday-3-short","$v":"چهار"},{"$i":"weekday-4-short","$v":"پنج."},{"$i":"weekday-5-short","$v":"جمعه"},{"$i":"weekday-6-short","$v":"هفته"},{"$i":"month-0-long","$v":"جنوری"},{"$i":"month-1-long","$v":"فروری"},{"$i":"month-2-long","$v":"مارچ"},{"$i":"month-3-long","$v":"اپریل"},{"$i":"month-4-long","$v":"مئی"},{"$i":"month-5-long","$v":"جون"},{"$i":"month-6-long","$v":"جولائی"},{"$i":"month-7-long","$v":"اګست"},{"$i":"month-8-long","$v":"ستمبر"},{"$i":"month-9-long","$v":"اکتوبر"},{"$i":"month-10-long","$v":"نومبر"},{"$i":"month-11-long","$v":"دسمبر"},{"$i":"month-0-genitive","$v":"جنوری"},{"$i":"month-1-genitive","$v":"فروری"},{"$i":"month-2-genitive","$v":"مارچ"},{"$i":"month-3-genitive","$v":"اپریل"},{"$i":"month-4-genitive","$v":"مئی"},{"$i":"month-5-genitive","$v":"جون"},{"$i":"month-6-genitive","$v":"جولائی"},{"$i":"month-7-genitive","$v":"اګست"},{"$i":"month-8-genitive","$v":"ستمبر"},{"$i":"month-9-genitive","$v":"اکتوبر"},{"$i":"month-10-genitive","$v":"نومبر"},{"$i":"month-11-genitive","$v":"دسمبر"},{"$i":"month-0-short","$v":"جنوری"},{"$i":"month-1-short","$v":"فروری"},{"$i":"month-2-short","$v":"مارچ"},{"$i":"month-3-short","$v":"اپریل"},{"$i":"month-4-short","$v":"مئی"},{"$i":"month-5-short","$v":"جون"},{"$i":"month-6-short","$v":"جولائی"},{"$i":"month-7-short","$v":"اګست"},{"$i":"month-8-short","$v":"ستمبر"},{"$i":"month-9-short","$v":"اکتوبر"},{"$i":"month-10-short","$v":"نومبر"},{"$i":"month-11-short","$v":"دسمبر"},{"$i":"minutes-ago-long","$v":{"few":[{"t":"idOrVar","v":"value"}," دقی مخکې"],"many":[{"t":"idOrVar","v":"value"}," دقی مخکې"],"other":[{"t":"idOrVar","v":"value"}," دقی مخکې"],"two":[{"t":"idOrVar","v":"value"}," دقی مخکې"],"one":"یو دقیقه مخکې","zero":"همدا اوس"},"$x":[{"t":"idOrVar","v":"plural"},"value"]},{"$i":"hours-ago-long","$v":{"few":[{"t":"idOrVar","v":"value"}," ساعته مخکې"],"many":[{"t":"idOrVar","v":"value"}," ساعته مخکې"],"other":[{"t":"idOrVar","v":"value"}," ساعته مخکې"],"two":[{"t":"idOrVar","v":"value"}," ساعته مخکې"],"one":"یو ساعت وخت","zero":"همدا اوس"},"$x":[{"t":"idOrVar","v":"plural"},"value"]},{"$i":"days-ago-long","$v":{"few":[{"t":"idOrVar","v":"value"}," ورځي مخکې"],"many":[{"t":"idOrVar","v":"value"}," ورځي مخکې"],"one":"پرون","other":[{"t":"idOrVar","v":"value"}," ورځي مخکې"],"two":[{"t":"idOrVar","v":"value"}," ورځي مخکې"],"zero":"نن"},"$x":[{"t":"idOrVar","v":"plural"},"value"]},{"$i":"weeks-ago-long","$v":{"few":[{"t":"idOrVar","v":"value"}," اوونئ مخکې"],"many":[{"t":"idOrVar","v":"value"}," اوونئ مخکې"],"one":"تیره اوونۍ","other":[{"t":"idOrVar","v":"value"}," اوونئ مخکې"],"two":[{"t":"idOrVar","v":"value"}," اوونئ مخکې"],"zero":"دا اونۍ"},"$x":[{"t":"idOrVar","v":"plural"},"value"]},{"$i":"months-ago-long","$v":{"few":[{"t":"idOrVar","v":"value"}," میاشتي مخکې"],"many":[{"t":"idOrVar","v":"value"}," میاشتي مخکې"],"one":"تیره میاشت","other":[{"t":"idOrVar","v":"value"}," میاشتي مخکې"],"two":[{"t":"idOrVar","v":"value"}," میاشتي مخکې"],"zero":"دا میاشت"},"$x":[{"t":"idOrVar","v":"plural"},"value"]},{"$i":"years-ago-long","$v":{"few":[{"t":"idOrVar","v":"value"}," کاله مخکې"],"many":[{"t":"idOrVar","v":"value"}," کاله مخکې"],"one":"تیر کال","other":[{"t":"idOrVar","v":"value"}," کاله مخکې"],"two":[{"t":"idOrVar","v":"value"}," کاله مخکې"],"zero":"دا کال"},"$x":[{"t":"idOrVar","v":"plural"},"value"]},{"$i":"minutes-until-long","$v":{"few":["په ",{"t":"idOrVar","v":"value"}," دقیقو"],"many":["په ",{"t":"idOrVar","v":"value"}," دقیقو"],"other":["په ",{"t":"idOrVar","v":"value"}," دقیقو"],"two":["په ",{"t":"idOrVar","v":"value"}," دقیقو"],"zero":"اوس","one":"په 1 دقیقه کې"},"$x":[{"t":"idOrVar","v":"plural"},"value"]},{"$i":"hours-until-long","$v":{"few":["په ",{"t":"idOrVar","v":"value"}," ساعتونو"],"many":["په ",{"t":"idOrVar","v":"value"}," ساعتونو"],"other":["په ",{"t":"idOrVar","v":"value"}," ساعتونو"],"two":["په ",{"t":"idOrVar","v":"value"}," ساعتونو"],"zero":"اوس","one":"په 1 ساعت کې"},"$x":[{"t":"idOrVar","v":"plural"},"value"]},{"$i":"days-until-long","$v":{"few":["په ",{"t":"idOrVar","v":"value"}," ورځو"],"many":["په ",{"t":"idOrVar","v":"value"}," ورځو"],"one":"سبا","other":["په ",{"t":"idOrVar","v":"value"}," ورځو"],"two":["په ",{"t":"idOrVar","v":"value"}," ورځو"],"zero":"نن"},"$x":[{"t":"idOrVar","v":"plural"},"value"]},{"$i":"weeks-until-long","$v":{"few":["په ",{"t":"idOrVar","v":"value"}," اوونیو"],"many":["په ",{"t":"idOrVar","v":"value"}," اوونیو"],"one":"راتلونکې اوونۍ","other":["په ",{"t":"idOrVar","v":"value"}," اوونیو"],"two":["په ",{"t":"idOrVar","v":"value"}," اوونیو"],"zero":"دا اونۍ"},"$x":[{"t":"idOrVar","v":"plural"},"value"]},{"$i":"months-until-long","$v":{"few":["په ",{"t":"idOrVar","v":"value"}," میاشتو"],"many":["په ",{"t":"idOrVar","v":"value"}," میاشتو"],"one":"راتلونکې میاشت","other":["په ",{"t":"idOrVar","v":"value"}," میاشتو"],"two":["په ",{"t":"idOrVar","v":"value"}," میاشتو"],"zero":"دا میاشت"},"$x":[{"t":"idOrVar","v":"plural"},"value"]},{"$i":"years-until-long","$v":{"few":["په ",{"t":"idOrVar","v":"value"}," کلونو"],"many":["په ",{"t":"idOrVar","v":"value"}," کلونو"],"one":"راتلونکی کال","other":["په ",{"t":"idOrVar","v":"value"}," کلونو"],"two":["په ",{"t":"idOrVar","v":"value"}," کلونو"],"zero":"دا کال"},"$x":[{"t":"idOrVar","v":"plural"},"value"]},{"$i":"minutes-ago-short","$v":{"other":[{"t":"idOrVar","v":"value"},"دقه مخکې"],"zero":"همدا اوس"},"$x":[{"t":"idOrVar","v":"plural"},"value"]},{"$i":"hours-ago-short","$v":{"other":[{"t":"idOrVar","v":"value"},"ساعت مخکې"],"zero":"همدا اوس"},"$x":[{"t":"idOrVar","v":"plural"},"value"]},{"$i":"days-ago-short","$v":{"other":[{"t":"idOrVar","v":"value"},"ورځ مخکې"],"zero":"نن"},"$x":[{"t":"idOrVar","v":"plural"},"value"]},{"$i":"minutes-until-short","$v":{"other":["په ",{"t":"idOrVar","v":"value"}," دقیقو"],"zero":"اوس"},"$x":[{"t":"idOrVar","v":"plural"},"value"]},{"$i":"hours-until-short","$v":{"other":["په ",{"t":"idOrVar","v":"value"}," ساعتونو"],"zero":"اوس"},"$x":[{"t":"idOrVar","v":"plural"},"value"]},{"$i":"days-until-short","$v":{"other":["په ",{"t":"idOrVar","v":"value"}," ورځو"],"zero":"نن"},"$x":[{"t":"idOrVar","v":"plural"},"value"]},{"$i":"incorrectDate","$v":"(غلطه نیټه)"},{"$i":"dateTimeFormat_%c","$v":"%a %b %e %Y %I:%M:%S %p"},{"$i":"dateTimeFormat_%x","$v":"%m/%d/%Y"},{"$i":"dateTimeFormat_%X","$v":"%I:%M:%S %p"},{"$i":"shortTimeFormat","$v":"%I:%M %p"},{"$i":"shortTimeFormat12","$v":"%I:%M %p"},{"$i":"shortTimeFormat24","$v":"%H:%M"},{"$i":"shortDateTimeFormat","$v":"%x %I:%M %p"},{"$i":"weekStartsOnMonday","$v":"0.0"},{"$i":"firstDayOfTheWeek","$v":"0.0"},{"$i":"time_am","$v":"سهار"},{"$i":"time_pm","$v":"ماښام"}]