[{"$i":"setup-app-name-header","$v":"Почта"},{"$i":"setup-empty-account-message","$v":"Вы не настроены для отправки или получения электронной почты. Настройте аккаунт для завершения действия."},{"$i":"setup-pick-service","$v":"Для отправки и получения электронной почты, необходимо настроить аккаунт."},{"$i":"setup-account-header3","$v":"Логин"},{"$i":"setup-account-password","$v":"Пароль"},{"$i":"setup-info-next","$v":"Далее"},{"$i":"setup-progress-wait-msg","$v":"Настройка аккаунта"},{"$i":"setup-sync-progress-wait-msg","$v":"Синхронизация аккаунта"},{"$i":"setup-completed-header","$v":"Поздравляем!"},{"$i":"setup-completed-label","$v":"Все готово!"},{"$i":"setup-add-another-account","$v":"Добавить ещё один аккаунт"},{"$i":"setup-show-mail","$v":"Продолжить отправку"},{"$i":"setup-done-add","$v":"Добавить аккаунт"},{"$i":"setup-error-offline","$v":"Нет подключения к Интернету."},{"$i":"setup-error-bad-user-or-pass2","$v":"Неверный адрес электронной почты или пароль."},{"$i":"setup-error-bad-address","$v":"Неверный адрес электронной почты."},{"$i":"setup-error-not-authorized","$v":"Не авторизован для создания аккаунта."},{"$i":"setup-error-pop-server-not-great","$v":"Сервер POP3 не поддерживает требуемые функции."},{"$i":"setup-error-unknown2","$v":"Произошла неизвестная ошибка. Проверьте подключение к сети или попробуйте настроить вручную."},{"$i":"setup-error-needs-app-pass","$v":"Вы должны использовать специальный пароль для двухфакторных аккаунтов Gmail."},{"$i":"setup-error-imap-disabled","$v":"Вы должны включить IMAP для своего аккаунта Gmail."},{"$i":"setup-error-pop3-disabled","$v":"Вы должны включить POP3 для своего аккаунта Gmail."},{"$i":"setup-error-bad-security","$v":["Невозможно установить безопасное соединение с \"",{"t":"idOrVar","v":"server"},"\". Возможно проблема с сетью или сервером."]},{"$i":"setup-error-unresponsive-server","$v":["Невозможно установить соединение с \"",{"t":"idOrVar","v":"server"},"\". Возможно проблема с сетью."]},{"$i":"setup-error-server-problem","$v":["Проблема с сервером \"",{"t":"idOrVar","v":"server"},"\". Попробуйте позже."]},{"$i":"setup-error-no-config-info","$v":"Неудачная настройка конфигурации. Проверьте адрес электронной почты или попробуйте настроить вручную."},{"$i":"setup-error-server-maintenance","$v":["Сервер \"",{"t":"idOrVar","v":"server"},"\" отключен для обслуживания. Попробуйте позже."]},{"$i":"setup-error-account-already-exists","$v":"Аккаунт уже существует."},{"$i":"setup-manual-config2","$v":"Расширенные"},{"$i":"setup-manual-config-header","$v":"Логин"},{"$i":"setup-manual-account-type-header","$v":"Тип Аккаунта"},{"$i":"setup-manual-account-type","$v":"Тип аккаунта"},{"$i":"setup-manual-account-type-select","ariaLabel":"Тип аккаунта"},{"$i":"setup-manual-imap-header","$v":"Настройки IMAP"},{"$i":"setup-manual-pop3-header","$v":"Настройки POP3"},{"$i":"setup-manual-smtp-header","$v":"Настройки SMTP"},{"$i":"setup-manual-activesync-header","$v":"Настройки ActiveSync"},{"$i":"setup-manual-next","$v":"Далее"},{"$i":"setup-manual-socket","$v":"Тип сокета"},{"$i":"setup-manual-socket-ssl","$v":"SSL"},{"$i":"setup-manual-socket-starttls","$v":"STARTTLS"},{"$i":"setup-manual-socket-select","ariaLabel":"Безопасность подключения"},{"$i":"setup-manual-socket-plain","$v":"Незашифрованный"},{"$i":"setup-bad-password-header","$v":"Неверный Пароль"},{"$i":"setup-bad-password","$v":"Невозможно войти на сервер, убедитесь, что ваш пароль правильный."},{"$i":"setup-new-password","placeholder":"Новый пароль"},{"$i":"setup-fix-password","$v":"Повторите попытку с новым паролем"},{"$i":"setup-gmail-twofactor-header","$v":"Двухфакторная аутентификация включена"},{"$i":"setup-gmail-twofactor-message","$v":"Необходимо ввести специальный пароль приложения, указанный ниже."},{"$i":"setup-gmail-imap-header","$v":"IMAP Отключен"},{"$i":"setup-gmail-imap-message","$v":"Необходимо включить IMAP в аккаунте Gmail"},{"$i":"setup-gmail-retry","$v":"Повторить"},{"$i":"setup-gmail-pop3-header","$v":"POP3 Отключен"},{"$i":"setup-gmail-pop3-message","$v":"Необходимо включить POP3 в аккаунте Gmail"},{"$i":"setup-fix-oauth2-header","$v":"Повторная авторизация электронной почты"},{"$i":"setup-fix-oauth2-description","$v":"Электронная почта должна быть авторизована для доступа к следующему аккаунту:"},{"$i":"setup-fix-oauth2-reauthorize","$v":"Повторная авторизация"},{"$i":"settings-main-header","$v":"Настройки Email"},{"$i":"settings-sub-header-account","$v":"Аккаунт"},{"$i":"settings-account-group","ariaLabel":"Аккаунт"},{"$i":"settings-account-name","$v":"Ваше имя"},{"$i":"settings-account-label","$v":"Имя Аккаунта"},{"$i":"settings-account-display-notifications","$v":"Отображать новые уведомления электронной почты"},{"$i":"settings-account-play-sound-onsend","$v":"Воспроизвести звук после отправки сообщения"},{"$i":"settings-account-signature-label","$v":"Подпись"},{"$i":"settings-sub-header-data","$v":"Передача данных"},{"$i":"settings-data-group","ariaLabel":"Передача данных"},{"$i":"settings-account-check-mail","$v":"Проверка новых сообщений"},{"$i":"settings-account-check-mail-select","ariaLabel":"Проверить Наличие Новых Сообщений"},{"$i":"settings-sub-header-server","$v":"Настройки сервера"},{"$i":"settings-server-group","ariaLabel":"Настройки сервера"},{"$i":"settings-account-userpass","$v":"Имя пользователя и пароль"},{"$i":"settings-account-useroauth2","$v":"Имя пользователя"},{"$i":"settings-default-signature-2","$v":"Отправлено с моего телефона"},{"$i":"settings-done","$v":"Готово"},{"$i":"settings-account-section","$v":"Аккаунты"},{"$i":"settings-account-listbox","ariaLabel":"Аккаунты"},{"$i":"settings-account-add","$v":"Добавить"},{"$i":"settings-account-delete","$v":"Удалить аккаунт"},{"$i":"settings-account-delete-prompt","$v":"Если вы удалите этот аккаунт, это также повлияет на приложения, использующие его."},{"$i":"settings-account-delete-desc","$v":"При повторном создании аккаунта вам придется повторно загрузить свою почту."},{"$i":"settings-account-delete-cancel","$v":"Отмена"},{"$i":"settings-account-delete-confirm","$v":"Удалить"},{"$i":"settings-account-clarify","$v":[{"t":"idOrVar","v":"account-name"}]},{"$i":"settings-account-clarify-imap","$v":[{"t":"idOrVar","v":"account-name"}," (IMAP)"]},{"$i":"settings-account-clarify-pop3","$v":[{"t":"idOrVar","v":"account-name"}," (POP3)"]},{"$i":"settings-account-clarify-smtp","$v":[{"t":"idOrVar","v":"account-name"}," (SMTP)"]},{"$i":"settings-general-section","$v":"Общие настройки"},{"$i":"settings-show-images","$v":"Всегда показывать изображения"},{"$i":"settings-download-attachments","$v":"Загрузить вложения"},{"$i":"settings-check-every-5min","$v":"Каждые 5 мин"},{"$i":"settings-check-every-10min","$v":"Каждые 10 мин"},{"$i":"settings-check-every-15min","$v":"Каждые 15 минут"},{"$i":"settings-check-every-30min","$v":"Каждые 30 минут"},{"$i":"settings-check-every-60min","$v":"Каждый Час"},{"$i":"settings-check-every-manual","$v":"Вручную"},{"$i":"settings-check-dynamic","$v":{"few":[{"t":"idOrVar","v":"n"}," с."],"many":[{"t":"idOrVar","v":"n"}," с."],"one":[{"t":"idOrVar","v":"n"}," с."],"other":[{"t":"idOrVar","v":"n"}," с."],"two":[{"t":"idOrVar","v":"n"}," с."],"zero":"не работает"},"$x":[{"t":"idOrVar","v":"plural"},"n"]},{"$i":"settings-default-account","$v":"Установить в качестве электронной почты по умолчанию"},{"$i":"settings-account-type","$v":"Тип аккаунта"},{"$i":"settings-account-credentials","$v":"Полномочия"},{"$i":"settings-activesync-label","$v":"Информация о настройках ActiveSync"},{"$i":"settings-imap-label","$v":"Информация о настройках IMAP"},{"$i":"settings-pop3-label","$v":"Информация о настройках POP3"},{"$i":"settings-smtp-label","$v":"Информация о настройках SMTP"},{"$i":"settings-hostname","$v":"Имя хоста"},{"$i":"settings-port","$v":"Порт"},{"$i":"settings-username","$v":"Имя пользователя"},{"$i":"settings-password","$v":"Пароль"},{"$i":"settings-save","$v":"Сохранить"},{"$i":"password-saved","$v":"Пароль сохранён."},{"$i":"settings-reauth","$v":"Повторная авторизация"},{"$i":"settings-account-synchronize-window","$v":"Период синхронизации"},{"$i":"settings-account-synchronize-window-select","ariaLabel":"Период синхронизации"},{"$i":"settings-synchronize-auto","$v":"Автоматически"},{"$i":"settings-synchronize-one-day","$v":"1 день"},{"$i":"settings-synchronize-three-days","$v":"3 дня"},{"$i":"settings-synchronize-one-week","$v":"1 неделя"},{"$i":"settings-synchronize-two-weeks","$v":"2 недели"},{"$i":"settings-synchronize-one-month","$v":"1 месяц"},{"$i":"settings-synchronize-all","$v":"Все Cообщения"},{"$i":"envelope-from","$v":"От"},{"$i":"envelope-to","$v":"Кому"},{"$i":"envelope-cc","$v":"Копия"},{"$i":"envelope-bcc","$v":"Скрытая копия"},{"$i":"message-header-state-sending","ariaLabel":"Отправка"},{"$i":"message-header-state-error","ariaLabel":"Ошибка отправки"},{"$i":"message-header-unread","ariaLabel":"Непрочитанные"},{"$i":"message-header-reply","ariaLabel":"Ответить"},{"$i":"message-header-forward","ariaLabel":"Переслать"},{"$i":"message-header-starred","ariaLabel":"Имеет отметку"},{"$i":"message-header-attachments","ariaLabel":"Имеет вложения"},{"$i":"message-body-container","ariaLabel":"Текст сообщения"},{"$i":"message-body-container-progress","ariaValueText":"Загрузка"},{"$i":"subject","ariaLabel":"Тема"},{"$i":"attachments-container","ariaLabel":"Вложения"},{"$i":"from-group","ariaLabel":"От"},{"$i":"to-group","ariaLabel":"Кому"},{"$i":"cc-group","ariaLabel":"Копия"},{"$i":"bcc-group","ariaLabel":"Скрытая копия"},{"$i":"compose-header","$v":"Написать сообщение"},{"$i":"compose-header-short","$v":"Новое письмо"},{"$i":"compose-send","$v":"Отправить"},{"$i":"compose-send-button","ariaLabel":"Отправить"},{"$i":"compose-to","$v":"Кому"},{"$i":"compose-cc","$v":"Копия"},{"$i":"compose-bcc","$v":"Скрытая копия"},{"$i":"compose-cc-remove","$v":"Список адресатов копии удалён."},{"$i":"compose-bcc-remove","$v":"Список адресатов скрытой копии удалён."},{"$i":"compose-contact-add","ariaLabel":"Добавить контакт"},{"$i":"compose-attachments","$v":{"few":["Вложения (",{"t":"idOrVar","v":"n"},")"],"many":["Вложения (",{"t":"idOrVar","v":"n"},")"],"one":["Вложение (",{"t":"idOrVar","v":"n"},")"],"other":["Вложения (",{"t":"idOrVar","v":"n"},")"],"two":["Вложения (",{"t":"idOrVar","v":"n"},")"],"zero":"Вложение"},"$x":[{"t":"idOrVar","v":"plural"},"n"]},{"$i":"compose-text","ariaLabel":"Изменить"},{"$i":"compose-attachment-still-working","$v":"Подождите, все ещё обрабатывается предыдущее вложение..."},{"$i":"compose-attachment-loading","$v":"Загрузка вложения…"},{"$i":"compose-attachments-loading","$v":"Загрузка вложений..."},{"$i":"compose-forward-attachment-error-title","$v":"Ошибка Загрузки"},{"$i":"compose-forward-attachment-error-title2","$v":"Ошибка"},{"$i":"compose-forward-attachment-unable-load","$v":"Невозможно загрузить вложение."},{"$i":"compose-forward-attachments-unable-load","$v":"Невозможно загрузить вложения."},{"$i":"compose-forward-attachment-load-error","$v":"Не удалось загрузить некоторые вложения."},{"$i":"confirmation-title","$v":"Подтверждение"},{"$i":"compose-subject","$v":"Тема"},{"$i":"compose-draft-save","$v":"Сохранить в Локальные Черновики?"},{"$i":"compose-discard-confirm","$v":"Нет"},{"$i":"compose-draft-dialog-cancel","$v":"Отмена"},{"$i":"compose-draft-dialog-save","$v":"Сохранить"},{"$i":"composer-draft-saved","$v":"Черновик сохранён."},{"$i":"attention","$v":"Внимание"},{"$i":"compose-send-message-failed","$v":"Не удалось отправить сообщение электронной почты"},{"$i":"compose-attchment-size-exceeded","$v":"Вложение слишком большое для отправки с сообщением."},{"$i":"compose-attchments-size-exceeded","$v":"Вложения слишком большие для отправки с сообщением."},{"$i":"composer-attachment-large-title","$v":"Слишком Большой Размер Файла"},{"$i":"default-attachment-filename","$v":["вложение ",{"t":"idOrVar","v":"n"}]},{"$i":"attachment-size-meb","$v":[{"t":"idOrVar","v":"megabytes"}," МБ"]},{"$i":"attachment-size-kib","$v":[{"t":"idOrVar","v":"kilobytes"}," КБ"]},{"$i":"attachment-size-byte","$v":[{"t":"idOrVar","v":"bytes"}," Б"]},{"$i":"message-attachment-view","$v":"Просмотр"},{"$i":"message-attachment-did-not-open-label","$v":"Не удалось открыть"},{"$i":"message-attachment-did-not-open-body","$v":"На устройстве нет приложения, которое может открыть вложение."},{"$i":"message-attachment-too-large","$v":"Этот файл слишком большой для загрузки."},{"$i":"message-attachment-not-found","$v":"Файл вложения не найден, загрузить ещё раз?"},{"$i":"message-attachment-download-fail","$v":[{"t":"idOrVar","v":"fileName"}," - Ошибка загрузки."]},{"$i":"message-no-subject","$v":"(без темы)"},{"$i":"message-edit-menu-edit","$v":"Изменить"},{"$i":"message-edit-menu-delete","$v":"Удалить"},{"$i":"message-edit-delete-confirm","$v":"Удалить сообщение электронной почты?"},{"$i":"message-forward-attachment-title","$v":"Вложение"},{"$i":"message-forward-attachment","$v":"Переслать и вложение?"},{"$i":"message-forward-attachments","$v":"Переслать и вложения?"},{"$i":"message-multiedit-header","$v":{"few":[{"t":"idOrVar","v":"n"}," выбрано"],"many":[{"t":"idOrVar","v":"n"}," выбрано"],"one":[{"t":"idOrVar","v":"n"}," выбрано"],"other":[{"t":"idOrVar","v":"n"}," выбрано"],"two":[{"t":"idOrVar","v":"n"}," выбрано"],"zero":[{"t":"idOrVar","v":"n"}," выбрано"]},"$x":[{"t":"idOrVar","v":"plural"},"n"]},{"$i":"message-multiedit-search-header","$v":{"few":[{"t":"idOrVar","v":"n"}," выбрано"],"many":[{"t":"idOrVar","v":"n"}," выбрано"],"one":[{"t":"idOrVar","v":"n"}," выбрано"],"other":[{"t":"idOrVar","v":"n"}," выбрано"],"two":[{"t":"idOrVar","v":"n"}," выбрано"],"zero":"0 выбрано"},"$x":[{"t":"idOrVar","v":"plural"},"n"]},{"$i":"browse-to-url-prompt","$v":["Перейти по ссылке?: ",{"t":"idOrVar","v":"url"}]},{"$i":"message-download-images-tap","$v":{"few":["Это письмо содержит ",{"t":"idOrVar","v":"n"}," изображений. Нажмите для загрузки."],"many":["Это письмо содержит ",{"t":"idOrVar","v":"n"}," изображений. Нажмите для загрузки."],"one":"Это письмо содержит одно изображение. Нажмите для загрузки.","other":["Это письмо содержит ",{"t":"idOrVar","v":"n"}," изображений. Нажмите для загрузки."],"two":["Это письмо содержит ",{"t":"idOrVar","v":"n"}," изображений. Нажмите для загрузки."]},"$x":[{"t":"idOrVar","v":"plural"},"n"]},{"$i":"message-show-external-images","$v":"Показать внешние изображения"},{"$i":"message-delete-cancel","$v":"Отмена"},{"$i":"message-multiedit-delete-confirm","$v":{"few":["Удалить ",{"t":"idOrVar","v":"n"}," сообщения?"],"many":["Удалить ",{"t":"idOrVar","v":"n"}," сообщения?"],"one":"Удалить выбранное сообщение?","other":["Удалить ",{"t":"idOrVar","v":"n"}," сообщения?"],"two":["Удалить ",{"t":"idOrVar","v":"n"}," сообщения?"]},"$x":[{"t":"idOrVar","v":"plural"},"n"]},{"$i":"message-large-message-cancel","$v":"Отмена"},{"$i":"message-large-message-ok","$v":"Продолжить"},{"$i":"message-large-message-confirm","$v":"Это сообщение является большим и может потребоваться некоторое время для загрузки."},{"$i":"message-large-message-warning","$v":"Сообщение слишком велико для загрузки."},{"$i":"message-search-header","$v":"Поиск"},{"$i":"search-result","$v":["Письма(",{"t":"idOrVar","v":"num"},")"]},{"$i":"message-search-from","$v":"От"},{"$i":"message-search-to","$v":"Кому"},{"$i":"message-search-subject","$v":"Тема"},{"$i":"message-search-body","$v":"Тело письма"},{"$i":"message-search-all","$v":"Все"},{"$i":"message-search-input","placeholder":"Поиск почты"},{"$i":"message-search-cancel","$v":"Отмена"},{"$i":"messages-syncing","$v":"Загрузка Сообщений"},{"$i":"messages-syncing-progressbar","ariaValueText":"Загрузка Сообщений"},{"$i":"messages-load-more","$v":"Загрузить Больше Сообщений"},{"$i":"messages-folder-empty","$v":"В этой папке нет электронной почты"},{"$i":"messages-search-empty","$v":"Нет совпадений в локально кэшированных сообщениях"},{"$i":"messages-folder-select","$v":"Переместить в Папку"},{"$i":"messages-folder-unread-max","$v":"999+"},{"$i":"message-contact-menu-create","$v":"Создать Новый Контакт"},{"$i":"message-contact-menu-add-existing","$v":"Добавить к Существующему Контакту"},{"$i":"message-contact-menu-view","$v":"Просмотр контакта"},{"$i":"message-contact-menu-reply","$v":"Ответить"},{"$i":"message-contact-menu-new","$v":"Отправить новое сообщение"},{"$i":"message-reply-menu-reply","$v":"Ответить"},{"$i":"message-reply-menu-reply-all","$v":"Ответить Всем"},{"$i":"message-reply-menu-forward","$v":"Переслать"},{"$i":"message-reply-menu-cancel","$v":"Отмена"},{"$i":"reply-quoting-wrote","$v":"{name} написал"},{"$i":"forward-original-message","$v":"Исходное сообщение"},{"$i":"forward-header-subject","$v":"Тема"},{"$i":"forward-header-date","$v":"Дата"},{"$i":"forward-header-from","$v":"От"},{"$i":"forward-header-reply-to","$v":"Ответить"},{"$i":"forward-header-to","$v":"Кому"},{"$i":"forward-header-cc","$v":"Копия"},{"$i":"folder-inbox","$v":"Входящие"},{"$i":"folder-sent","$v":"Отправлено"},{"$i":"folder-drafts","$v":"Черновики"},{"$i":"folder-trash","$v":"Корзина"},{"$i":"folder-queue","$v":"Неотправленные"},{"$i":"folder-junk","$v":"Спам"},{"$i":"folder-archives","$v":"Архивы"},{"$i":"folder-localdrafts","$v":"Локальные Черновики"},{"$i":"folder-outbox","$v":"Исходящие"},{"$i":"drawer-back","$v":"Назад"},{"$i":"drawer-accounts-header","$v":"Аккаунты"},{"$i":"drawer-settings-link","$v":"Настройки"},{"$i":"folder-last-synced-label","$v":"Последняя синхронизация:"},{"$i":"messages-refresh-progress","ariaValueText":"Обновление"},{"$i":"no-internet-connection","$v":"Нет подключения к Интернету."},{"$i":"toaster-undo","$v":"Отменить"},{"$i":"toaster-message-star","$v":{"one":"Сообщение помечено.","few":[{"t":"idOrVar","v":"n"}," сообщения помечено."],"many":[{"t":"idOrVar","v":"n"}," сообщения помечено."],"other":[{"t":"idOrVar","v":"n"}," сообщения помечено."],"two":[{"t":"idOrVar","v":"n"}," сообщения помечено."]},"$x":[{"t":"idOrVar","v":"plural"},"n"]},{"$i":"toaster-message-unstar","$v":{"one":"Пометка сообщения удалена.","few":[{"t":"idOrVar","v":"n"}," пометки сообщения удалены."],"many":[{"t":"idOrVar","v":"n"}," пометки сообщения удалены."],"other":[{"t":"idOrVar","v":"n"}," пометки сообщения удалены."],"two":[{"t":"idOrVar","v":"n"}," пометки сообщения удалены."]},"$x":[{"t":"idOrVar","v":"plural"},"n"]},{"$i":"toaster-message-read","$v":{"one":"Помечено как прочитанное.","few":[{"t":"idOrVar","v":"n"}," сообщения, помечены как прочитанные."],"many":[{"t":"idOrVar","v":"n"}," сообщения, помечены как прочитанные."],"other":[{"t":"idOrVar","v":"n"}," сообщения, помечены как прочитанные."],"two":[{"t":"idOrVar","v":"n"}," сообщения, помечены как прочитанные."]},"$x":[{"t":"idOrVar","v":"plural"},"n"]},{"$i":"toaster-message-unread","$v":{"one":"Помечено как непрочитанное.","few":[{"t":"idOrVar","v":"n"}," сообщения, помечены как непрочитанные."],"many":[{"t":"idOrVar","v":"n"}," сообщения, помечены как непрочитанные."],"other":[{"t":"idOrVar","v":"n"}," сообщения, помечены как непрочитанные."],"two":[{"t":"idOrVar","v":"n"}," сообщения, помечены как непрочитанные."]},"$x":[{"t":"idOrVar","v":"plural"},"n"]},{"$i":"toaster-message-move","$v":{"one":"Сообщение перемещено в папку:","few":[{"t":"idOrVar","v":"n"}," сообщений, перемещенных в папку:"],"many":[{"t":"idOrVar","v":"n"}," сообщений, перемещенных в папку:"],"other":[{"t":"idOrVar","v":"n"}," сообщений, перемещенных в папку:"],"two":[{"t":"idOrVar","v":"n"}," сообщений, перемещенных в папку:"]},"$x":[{"t":"idOrVar","v":"plural"},"n"]},{"$i":"toaster-message-delete","$v":{"one":"1 письмо удалено.","few":[{"t":"idOrVar","v":"n"}," письма удалено."],"many":[{"t":"idOrVar","v":"n"}," письма удалено."],"other":[{"t":"idOrVar","v":"n"}," письма удалено."],"two":[{"t":"idOrVar","v":"n"}," письма удалено."]},"$x":[{"t":"idOrVar","v":"plural"},"n"]},{"$i":"toaster-sync-failed","$v":"Не удается подключиться к серверу."},{"$i":"compose-invalid-addresses-title","$v":"Недопустимые Адреса"},{"$i":"compose-invalid-addresses-description","$v":"Ваше сообщение содержит один или несколько недопустимых адресов электронной почты. Пожалуйста, исправьте их перед отправкой."},{"$i":"background-send-pending","$v":"Нет подключения к Интернету. Письмо сохранено в папке Исходящие."},{"$i":"background-send-sending","$v":"Отправка…"},{"$i":"background-send-success","$v":"Письмо отправлено."},{"$i":"background-send-error","$v":"Произошла ошибка. Письмо сохранено в папке исходящие."},{"$i":"background-send-error-recipients","$v":"Произошла ошибка. Письмо сохранено в папке исходящие."},{"$i":"background-send-error-title","$v":"Ошибка получателя. Письмо сохранено в папке исходящие."},{"$i":"send-failure-recipients","$v":"Проверьте правильность написания адресов. Ваш почтовый сервер указал, что один или несколько вышеуказанных адресов неверны."},{"$i":"send-failure-unknown","$v":"Сообщение не может быть отправлено."},{"$i":"form-clear-input","$v":"Удалить текст"},{"$i":"confirm-dialog-title","$v":"Подтверждение"},{"$i":"confirm-dialog-ok","$v":"OK"},{"$i":"msg-display-subject","$v":"Тема"},{"$i":"msg-reader-display-attachments","$v":"Вложения"},{"$i":"msg-reader-display-attachment","$v":"Вложение"},{"$i":"msg-reader-download-external-images","$v":["Загрузка внешних изображений (",{"t":"idOrVar","v":"n"}," МБ)"]},{"$i":"msg-reader-sender-header","$v":"Отправитель"},{"$i":"msg-reader-recipients-header","$v":"Адресаты"},{"$i":"msg-reader-cc-header","$v":"Копия"},{"$i":"msg-reader-bcc-header","$v":"Скрытая копия"},{"$i":"msg-reader-message-flagged","$v":"Сообщение помечено"},{"$i":"msg-reader-flag-removed","$v":"Отметка удалена"},{"$i":"external-image-downloading","$v":"Загрузка..."},{"$i":"senders-separation-sign","$v":", "},{"$i":"new-messages","$v":{"few":[{"t":"idOrVar","v":"n"}," Новых Сообщений"],"many":[{"t":"idOrVar","v":"n"}," Новых Сообщений"],"one":"1 Новое Сообщение","other":[{"t":"idOrVar","v":"n"}," Новых Сообщений"],"two":[{"t":"idOrVar","v":"n"}," Новых Сообщений"]},"$x":[{"t":"idOrVar","v":"plural"},"n"]},{"$i":"new-emails-notify-one-account","$v":{"few":[{"t":"idOrVar","v":"n"}," Новых Писем"],"many":[{"t":"idOrVar","v":"n"}," Новых Писем"],"one":"1 Новое Письмо","other":[{"t":"idOrVar","v":"n"}," Новых Писем"],"two":[{"t":"idOrVar","v":"n"}," Новых Писем"]},"$x":[{"t":"idOrVar","v":"plural"},"n"]},{"$i":"new-emails-notify-multiple-accounts","$v":{"few":[{"t":"idOrVar","v":"n"}," Новых Писем (",{"t":"idOrVar","v":"accountName"},")"],"many":[{"t":"idOrVar","v":"n"}," Новых Писем (",{"t":"idOrVar","v":"accountName"},")"],"one":["1 Новое Письмо (",{"t":"idOrVar","v":"accountName"},")"],"other":[{"t":"idOrVar","v":"n"}," Новых Писем (",{"t":"idOrVar","v":"accountName"},")"],"two":[{"t":"idOrVar","v":"n"}," Новых Писем (",{"t":"idOrVar","v":"accountName"},")"]},"$x":[{"t":"idOrVar","v":"plural"},"n"]},{"$i":"new-emails-notify-multiple-accounts-body","$v":[{"t":"idOrVar","v":"from"}," “",{"t":"idOrVar","v":"subject"},"”"]},{"$i":"tng-plain-socket-warning-title","$v":"Вы уверены?"},{"$i":"tng-plain-socket-warning-message","$v":"Другие люди могут видеть ваши пароли и электронные письма или управлять вашей учетной записью."},{"$i":"tng-plain-socket-warning-message-options","$v":"Есть несколько бесплатных провайдеров электронной почты предлагающих более безопасные, зашифрованные соединения."},{"$i":"tng-plain-socket-warning-ok","$v":"Я понял"},{"$i":"message-reader-date-received","ariaLabel":"Полученные"},{"$i":"sort-by-title","$v":"Сортировать по"},{"$i":"sort-by-date","$v":"Дата"},{"$i":"sort-by-from","$v":"От"},{"$i":"sort-by-to","$v":"Кому"},{"$i":"sort-by-subject","$v":"Тема"},{"$i":"softkey-options","$v":"Опции"},{"$i":"opt-compose","$v":"Новое письмо"},{"$i":"opt-reply","$v":"Ответить"},{"$i":"opt-reply-all","$v":"Ответить всем"},{"$i":"opt-forward","$v":"Переслать"},{"$i":"opt-mark-read","$v":"Пометить как прочитанное"},{"$i":"opt-mark-unread","$v":"Пометить как непрочитанное"},{"$i":"opt-add-flag","$v":"Добавить флаг"},{"$i":"opt-remove-flag","$v":"Удалить флаг"},{"$i":"opt-move-message","$v":"Переместить в папку"},{"$i":"opt-delete-message","$v":"Удалить"},{"$i":"opt-multi-select","$v":"Выбрать несколько"},{"$i":"opt-search","$v":"Поиск"},{"$i":"opt-folders","$v":"Посмотреть папки"},{"$i":"opt-sort","$v":"Сортировать"},{"$i":"opt-sync","$v":"Синхронизировать"},{"$i":"opt-account","$v":"Сменить аккаунт"},{"$i":"opt-settings","$v":"Настройки"},{"$i":"opt-edit","$v":"Изменить"},{"$i":"opt-cancel","$v":"Отмена"},{"$i":"opt-save","$v":"Сохранить"},{"$i":"opt-move","$v":"Переместить"},{"$i":"opt-view","$v":"Просмотр"},{"$i":"opt-empty-trash","$v":"Пустая корзина"},{"$i":"opt-call-number","$v":"Вызов"},{"$i":"opt-compose-mail","$v":"Новое письмо"},{"$i":"opt-open-url","$v":"Открыть"},{"$i":"select-option-on","$v":"Вкл"},{"$i":"select-option-off","$v":"Выкл"},{"$i":"select-option-imap-smtp","$v":"IMAP+SMTP"},{"$i":"select-option-pop3-smtp","$v":"POP3+SMTP"},{"$i":"select-option-activesync","$v":"ActiveSync"},{"$i":"toaster-switch-account","$v":"Аккаунт электронной почты переключен на:"},{"$i":"toaster-sorted-by","$v":"Письма отсортированы по"},{"$i":"cmp-reply","$v":"Ответить"},{"$i":"cmp-reply-all","$v":"Ответить Всем"},{"$i":"cmp-forward","$v":"Переслать сообщение"},{"$i":"cmp-remove-attach","$v":"Вложение удалено"},{"$i":"select","$v":"Выбрать"},{"$i":"deselect","$v":"Отменить выбор"},{"$i":"cancel","$v":"Отмена"},{"$i":"enter","$v":"Ввод"},{"$i":"remove-attachment","$v":"Удалить вложение"},{"$i":"replace-attachment","$v":"Заменить вложения"},{"$i":"add-attachment","$v":"Добавить вложение"},{"$i":"add-contact","$v":"Добавить контакт"},{"$i":"add-cc","$v":"Добавить копию"},{"$i":"remove-cc","$v":"Удалить копию"},{"$i":"add-bcc","$v":"Добавить скрытую копию"},{"$i":"remove-bcc","$v":"Удалить скрытую копию"},{"$i":"attachment-download","$v":"Загрузить"},{"$i":"attachment-share","$v":"Отправить"},{"$i":"send-new-mail","$v":"Отправить новое сообщение"},{"$i":"view-contact","$v":"Просмотр Контакта"},{"$i":"save-new-contact","$v":"Создать Новый Контакт"},{"$i":"add-to-exsiting-contact","$v":"Добавить к Существующему Контакту"},{"$i":"no","$v":"Нет"},{"$i":"yes","$v":"Да"},{"$i":"retry","$v":"Повторить"},{"$i":"empty","$v":"Пусто"},{"$i":"empty-trash-confirm","$v":"Хотите очистить корзину?"},{"$i":"trash-emptied","$v":"Корзина очищена"},{"$i":"next","$v":"Далее"},{"$i":"welcome-header","$v":"Email"},{"$i":"welcome-msg","$v":"Добро пожаловать в приложение Email"},{"$i":"welcome-msg-setup","$v":"Нажмите Далее, чтобы настроить аккаунт электронной почты."},{"$i":"discard","$v":"Отменить"},{"$i":"leave-this-page-warning-message","$v":"Сбросить информацию?"},{"$i":"finish","$v":"Готово"},{"$i":"setup-done-msg","$v":"Вы успешно вошли в систему. Хотите добавить ещё один аккаунт?"},{"$i":"save-as-draft","$v":"Сохранить как черновик"},{"$i":"show-password","$v":"Показать пароль"},{"$i":"account-label","$v":"Имя Аккаунта"},{"$i":"folders","$v":"Папки"},{"$i":"security","$v":"Безопасность"},{"$i":"port-number","$v":"Номер Порта"},{"$i":"domain-username","$v":"Домен\\Имя пользователя"},{"$i":"synchronizing","$v":"Синхронизация..."},{"$i":"browse-mail","$v":"Просмотр почты"},{"$i":"never-sync","$v":"Локальные черновики не синхронизируются с сервером."},{"$i":"emptyDownloadFile","$v":"Не удалось загрузить этот файл, он может быть пустым"},{"$i":"sync","$v":"Синхронизация"},{"$i":"outbox-unsent-label","$v":{"few":[{"t":"idOrVar","v":"n"}," неотправленных сообщений в папке Исходящие"],"many":[{"t":"idOrVar","v":"n"}," неотправленных сообщений в папке Исходящие"],"one":"1 неотправленное сообщение в папке Исходящие","other":[{"t":"idOrVar","v":"n"}," неотправленных сообщений в папке Исходящие"],"two":"2 неотправленных сообщения в папке Исходящие"},"$x":[{"t":"idOrVar","v":"plural"},"n"]},{"$i":"storage-full-title","$v":"Память заполнена"},{"$i":"storage-full-warning","$v":"Вы можете удалить некоторые мультимедийные файлы или управлять данными приложения, чтобы получить больше свободного места."},{"$i":"storage-full","$v":"Память устройства заполнена."},{"$i":"storage-sdcard-full","$v":"SD-карта заполнена."},{"$i":"view-address","$v":"Посмотреть адрес"},{"$i":"mail-address-title","$v":"Адрес электронной почты"},{"$i":"mail-address","$v":[{"t":"idOrVar","v":"address"}]},{"$i":"value-name","$v":[{"t":"idOrVar","v":"name"}]},{"$i":"account-deleted","$v":"Аккаунт удалён."},{"$i":"account-reEnable","$v":"Аккаунт уже существует. Синхронизировать аккаунт?"},{"$i":"setup-account-usedInfo","$v":"Этот аккаунт будет использоваться в следующих приложениях. Вы можете изменить это в Настройки>Аккаунт."},{"$i":"setup-account-settingsInfo","$v":"Каждое приложение имеет разные интервалы синхронизации по умолчанию, проверьте настройки приложения."},{"$i":"app-calendar","$v":"Календарь"},{"$i":"app-contacts","$v":"Контакты"},{"$i":"app-email","$v":"Email"},{"$i":"sync-account-guide","$v":"Для просмотра электронной почты включите синхронизацию аккаунтов в Настройках."},{"$i":"settings-account-sync","$v":"Синхронизировать аккаунт"},{"$i":"weekday-0-long","$v":"Воскресенье"},{"$i":"weekday-1-long","$v":"Понедельник"},{"$i":"weekday-2-long","$v":"Вторник"},{"$i":"weekday-3-long","$v":"Среда"},{"$i":"weekday-4-long","$v":"Четверг"},{"$i":"weekday-5-long","$v":"Пятница"},{"$i":"weekday-6-long","$v":"Суббота"},{"$i":"weekday-0-short","$v":"Вс"},{"$i":"weekday-1-short","$v":"Пн"},{"$i":"weekday-2-short","$v":"Вт"},{"$i":"weekday-3-short","$v":"Ср"},{"$i":"weekday-4-short","$v":"Чт"},{"$i":"weekday-5-short","$v":"Пт"},{"$i":"weekday-6-short","$v":"Сб"},{"$i":"month-0-long","$v":"Январь"},{"$i":"month-1-long","$v":"Февраль"},{"$i":"month-2-long","$v":"Март"},{"$i":"month-3-long","$v":"Апрель"},{"$i":"month-4-long","$v":"Май"},{"$i":"month-5-long","$v":"Июнь"},{"$i":"month-6-long","$v":"Июль"},{"$i":"month-7-long","$v":"Август"},{"$i":"month-8-long","$v":"Сентябрь"},{"$i":"month-9-long","$v":"Октябрь"},{"$i":"month-10-long","$v":"Ноябрь"},{"$i":"month-11-long","$v":"Декабрь"},{"$i":"month-0-genitive","$v":"Январь"},{"$i":"month-1-genitive","$v":"Февраль"},{"$i":"month-2-genitive","$v":"Март"},{"$i":"month-3-genitive","$v":"Апрель"},{"$i":"month-4-genitive","$v":"Май"},{"$i":"month-5-genitive","$v":"Июнь"},{"$i":"month-6-genitive","$v":"Июль"},{"$i":"month-7-genitive","$v":"Август"},{"$i":"month-8-genitive","$v":"Сентябрь"},{"$i":"month-9-genitive","$v":"Октябрь"},{"$i":"month-10-genitive","$v":"Ноябрь"},{"$i":"month-11-genitive","$v":"Декабрь"},{"$i":"month-0-short","$v":"Янв"},{"$i":"month-1-short","$v":"Фев"},{"$i":"month-2-short","$v":"Мар"},{"$i":"month-3-short","$v":"Апр"},{"$i":"month-4-short","$v":"Май"},{"$i":"month-5-short","$v":"Июн"},{"$i":"month-6-short","$v":"Июл"},{"$i":"month-7-short","$v":"Авг"},{"$i":"month-8-short","$v":"Сен"},{"$i":"month-9-short","$v":"Окт"},{"$i":"month-10-short","$v":"Ноя"},{"$i":"month-11-short","$v":"Дек"},{"$i":"minutes-ago-long","$v":{"few":[{"t":"idOrVar","v":"value"}," минут назад"],"many":[{"t":"idOrVar","v":"value"}," минут назад"],"other":[{"t":"idOrVar","v":"value"}," минут назад"],"two":[{"t":"idOrVar","v":"value"}," минут назад"],"one":"минуту назад","zero":"Сейчас"},"$x":[{"t":"idOrVar","v":"plural"},"value"]},{"$i":"hours-ago-long","$v":{"few":[{"t":"idOrVar","v":"value"}," часов назад"],"many":[{"t":"idOrVar","v":"value"}," часов назад"],"other":[{"t":"idOrVar","v":"value"}," часов назад"],"two":[{"t":"idOrVar","v":"value"}," часов назад"],"one":"час назад","zero":"Сейчас"},"$x":[{"t":"idOrVar","v":"plural"},"value"]},{"$i":"days-ago-long","$v":{"few":[{"t":"idOrVar","v":"value"}," дней назад"],"many":[{"t":"idOrVar","v":"value"}," дней назад"],"one":"вчера","other":[{"t":"idOrVar","v":"value"}," дней назад"],"two":[{"t":"idOrVar","v":"value"}," дней назад"],"zero":"сегодня"},"$x":[{"t":"idOrVar","v":"plural"},"value"]},{"$i":"weeks-ago-long","$v":{"few":[{"t":"idOrVar","v":"value"}," недель назад"],"many":[{"t":"idOrVar","v":"value"}," недель назад"],"one":"последняя неделя","other":[{"t":"idOrVar","v":"value"}," недель назад"],"two":[{"t":"idOrVar","v":"value"}," недель назад"],"zero":"эта неделя"},"$x":[{"t":"idOrVar","v":"plural"},"value"]},{"$i":"months-ago-long","$v":{"few":[{"t":"idOrVar","v":"value"}," месяцев назад"],"many":[{"t":"idOrVar","v":"value"}," месяцев назад"],"one":"прошлый месяц","other":[{"t":"idOrVar","v":"value"}," месяцев назад"],"two":[{"t":"idOrVar","v":"value"}," месяцев назад"],"zero":"этот месяц"},"$x":[{"t":"idOrVar","v":"plural"},"value"]},{"$i":"years-ago-long","$v":{"few":[{"t":"idOrVar","v":"value"}," лет назад"],"many":[{"t":"idOrVar","v":"value"}," лет назад"],"one":"прошлый год","other":[{"t":"idOrVar","v":"value"}," лет назад"],"two":[{"t":"idOrVar","v":"value"}," лет назад"],"zero":"этот год"},"$x":[{"t":"idOrVar","v":"plural"},"value"]},{"$i":"minutes-until-long","$v":{"few":["через ",{"t":"idOrVar","v":"value"}," минут"],"many":["через ",{"t":"idOrVar","v":"value"}," минут"],"other":["через ",{"t":"idOrVar","v":"value"}," минут"],"two":["через ",{"t":"idOrVar","v":"value"}," минут"],"zero":"сейчас","one":"через минуту"},"$x":[{"t":"idOrVar","v":"plural"},"value"]},{"$i":"hours-until-long","$v":{"few":["через ",{"t":"idOrVar","v":"value"}," часов"],"many":["через ",{"t":"idOrVar","v":"value"}," часов"],"other":["через ",{"t":"idOrVar","v":"value"}," часов"],"two":["через ",{"t":"idOrVar","v":"value"}," часов"],"zero":"сейчас","one":"через  час"},"$x":[{"t":"idOrVar","v":"plural"},"value"]},{"$i":"days-until-long","$v":{"few":["через ",{"t":"idOrVar","v":"value"}," дней"],"many":["через ",{"t":"idOrVar","v":"value"}," дней"],"one":"завтра","other":["через ",{"t":"idOrVar","v":"value"}," дней"],"two":["через ",{"t":"idOrVar","v":"value"}," дней"],"zero":"сегодня"},"$x":[{"t":"idOrVar","v":"plural"},"value"]},{"$i":"weeks-until-long","$v":{"few":["через ",{"t":"idOrVar","v":"value"}," нед."],"many":["через ",{"t":"idOrVar","v":"value"}," нед."],"one":"следующая неделя","other":["через ",{"t":"idOrVar","v":"value"}," нед."],"two":["через ",{"t":"idOrVar","v":"value"}," нед."],"zero":"эта неделя"},"$x":[{"t":"idOrVar","v":"plural"},"value"]},{"$i":"months-until-long","$v":{"few":["через ",{"t":"idOrVar","v":"value"}," мес."],"many":["через ",{"t":"idOrVar","v":"value"}," мес."],"one":"в следующем месяце","other":["через ",{"t":"idOrVar","v":"value"}," мес."],"two":["через ",{"t":"idOrVar","v":"value"}," мес."],"zero":"этот месяц"},"$x":[{"t":"idOrVar","v":"plural"},"value"]},{"$i":"years-until-long","$v":{"few":["через ",{"t":"idOrVar","v":"value"}," лет"],"many":["через ",{"t":"idOrVar","v":"value"}," лет"],"one":"следующий год","other":["через ",{"t":"idOrVar","v":"value"}," лет"],"two":["через ",{"t":"idOrVar","v":"value"}," лет"],"zero":"этот год"},"$x":[{"t":"idOrVar","v":"plural"},"value"]},{"$i":"minutes-ago-short","$v":{"other":[{"t":"idOrVar","v":"value"}," мин назад"],"zero":"Сейчас"},"$x":[{"t":"idOrVar","v":"plural"},"value"]},{"$i":"hours-ago-short","$v":{"other":[{"t":"idOrVar","v":"value"}," ч назад"],"zero":"Сейчас"},"$x":[{"t":"idOrVar","v":"plural"},"value"]},{"$i":"days-ago-short","$v":{"other":[{"t":"idOrVar","v":"value"}," д назад"],"zero":"сегодня"},"$x":[{"t":"idOrVar","v":"plural"},"value"]},{"$i":"minutes-until-short","$v":{"other":["через ",{"t":"idOrVar","v":"value"}," мин"],"zero":"сейчас"},"$x":[{"t":"idOrVar","v":"plural"},"value"]},{"$i":"hours-until-short","$v":{"other":["через ",{"t":"idOrVar","v":"value"}," ч"],"zero":"сейчас"},"$x":[{"t":"idOrVar","v":"plural"},"value"]},{"$i":"days-until-short","$v":{"other":["через ",{"t":"idOrVar","v":"value"}," д"],"zero":"сегодня"},"$x":[{"t":"idOrVar","v":"plural"},"value"]},{"$i":"incorrectDate","$v":"(неверная дата)"},{"$i":"dateTimeFormat_%c","$v":"%a %b %e %Y %I:%M:%S %p"},{"$i":"dateTimeFormat_%x","$v":"%m/%d/%Y"},{"$i":"dateTimeFormat_%X","$v":"%I:%M:%S %p"},{"$i":"shortTimeFormat","$v":"%I:%M %p"},{"$i":"shortTimeFormat12","$v":"%I:%M %p"},{"$i":"shortTimeFormat24","$v":"%H:%M"},{"$i":"shortDateTimeFormat","$v":"%x %I:%M %p"},{"$i":"weekStartsOnMonday","$v":"0.0"},{"$i":"firstDayOfTheWeek","$v":"1.0"},{"$i":"time_am","$v":"AM"},{"$i":"time_pm","$v":"PM"}]