[{"$i":"setup-app-name-header","$v":"Emaili"},{"$i":"setup-empty-account-message","$v":"Nuk ke konfigurim për të dërguar apo marrë email. Konfiguro një llogari për të përfunduar veprimin."},{"$i":"setup-pick-service","$v":"Për të marrë dhe dërguar email, duhet të konfigurosh një llogari."},{"$i":"setup-account-header3","$v":"Identifikimi i llogarisë"},{"$i":"setup-account-password","$v":"Fjalëkalimi"},{"$i":"setup-info-next","$v":"Tjetër"},{"$i":"setup-progress-wait-msg","$v":"Konfigurimi i llogarisë"},{"$i":"setup-sync-progress-wait-msg","$v":"Sinkronizo llogarinë"},{"$i":"setup-completed-header","$v":"Urime!"},{"$i":"setup-completed-label","$v":"U kryen të gjitha!"},{"$i":"setup-add-another-account","$v":"Shto llogari tjetër"},{"$i":"setup-show-mail","$v":"Vazhdo tek emaili"},{"$i":"setup-done-add","$v":"Shto llogari"},{"$i":"setup-error-offline","$v":"Nuk ka lidhje me internetin."},{"$i":"setup-error-bad-user-or-pass2","$v":"Adresa e postës elektronike ose fjalëkalimi nuk janë të sakta."},{"$i":"setup-error-bad-address","$v":"Adresa e postës elektronike nuk është e saktë."},{"$i":"setup-error-not-authorized","$v":"Nuk është i autorizuar të krijojë llogari."},{"$i":"setup-error-pop-server-not-great","$v":"Serveri POP3 nuk mbështet veçoritë e kërkuara."},{"$i":"setup-error-unknown2","$v":"Ka ndodhur një gabim i panjohur. Kontrollo lidhjen e rrjetit ose provo opsionin e konfigurimit manual."},{"$i":"setup-error-needs-app-pass","$v":"Ju duhet të përdorni një fjalëkalim specifik të aplikacionit për llogaritë Gmail me dy faktorë."},{"$i":"setup-error-imap-disabled","$v":"Ju duhet të aktivizoni IMAP për llogarinë tuaj Gmail."},{"$i":"setup-error-pop3-disabled","$v":"Ju duhet të aktivizoni POP3 për llogarinë tuaj Gmail."},{"$i":"setup-error-bad-security","$v":["Nuk mund të vendoset një lidhje të sigurt me \"",{"t":"idOrVar","v":"server"},"\". Mund të ketë një problem me rrjetin tënd ose serverin."]},{"$i":"setup-error-unresponsive-server","$v":["Nuk vendoset dot lidhje me \"",{"t":"idOrVar","v":"server"},"\". Mund të ketë problem me rrjetin."]},{"$i":"setup-error-server-problem","$v":["Ka një problem me serverin \"",{"t":"idOrVar","v":"server"},"\". Provo sërish më vonë."]},{"$i":"setup-error-no-config-info","$v":"Konfigurimi i pasuksesshëm. Kontrolloni adresën e postës elektronike ose provoni opsionin e konfigurimit manual."},{"$i":"setup-error-server-maintenance","$v":["Serveri \"",{"t":"idOrVar","v":"server"},"\" është jashtë linje për mirëmbajtje. Provo sërish më vonë."]},{"$i":"setup-error-account-already-exists","$v":"Kjo llogari ekziston."},{"$i":"setup-manual-config2","$v":"Të avancuara"},{"$i":"setup-manual-config-header","$v":"Identifikimi i llogarisë"},{"$i":"setup-manual-account-type-header","$v":"Lloji i llogarisë"},{"$i":"setup-manual-account-type","$v":"Lloji i llogarisë"},{"$i":"setup-manual-account-type-select","ariaLabel":"Lloji i llogarisë"},{"$i":"setup-manual-imap-header","$v":"Cilësimet IMAP"},{"$i":"setup-manual-pop3-header","$v":"Cilësimet POP3"},{"$i":"setup-manual-smtp-header","$v":"Cilësimet SMTP"},{"$i":"setup-manual-activesync-header","$v":"Cilësimet e \"ActiveSync"},{"$i":"setup-manual-next","$v":"Tjetër"},{"$i":"setup-manual-socket","$v":"Lloji i portës"},{"$i":"setup-manual-socket-ssl","$v":"SSL"},{"$i":"setup-manual-socket-starttls","$v":"STARTTLS"},{"$i":"setup-manual-socket-select","ariaLabel":"Siguria e lidhjes"},{"$i":"setup-manual-socket-plain","$v":"I paenkriptuar"},{"$i":"setup-bad-password-header","$v":"Fjalëkalim i gabuar!"},{"$i":"setup-bad-password","$v":"Nuk hyn dot në server. Riprovo fjalëkalimin."},{"$i":"setup-new-password","placeholder":"Fjalëkalim i ri"},{"$i":"setup-fix-password","$v":"Riprovo me fjalëkalimin e ri"},{"$i":"setup-gmail-twofactor-header","$v":"Siguria me dy faktorë u aktivizua"},{"$i":"setup-gmail-twofactor-message","$v":"Duhet të japësh poshtë një fjalëkalim specifik aplikacioni."},{"$i":"setup-gmail-imap-header","$v":"IMAP joaktiv"},{"$i":"setup-gmail-imap-message","$v":"Duhet të aktivizosh IMAP në llogarinë tënde në \"Gmail"},{"$i":"setup-gmail-retry","$v":"Riprovo"},{"$i":"setup-gmail-pop3-header","$v":"POP3 joaktiv"},{"$i":"setup-gmail-pop3-message","$v":"Duhet të aktivizosh POP3 në llogarinë tënde në \"Gmail|"},{"$i":"setup-fix-oauth2-header","$v":"Riautorizo emailin"},{"$i":"setup-fix-oauth2-description","$v":"Emaili duhet të riautorizohet sërish për të hyrë në llogarinë e mëposhtme:"},{"$i":"setup-fix-oauth2-reauthorize","$v":"Riautorizo"},{"$i":"settings-main-header","$v":"Cilësimet e emailit"},{"$i":"settings-sub-header-account","$v":"Llogaria"},{"$i":"settings-account-group","ariaLabel":"Llogaria"},{"$i":"settings-account-name","$v":"Emri yt"},{"$i":"settings-account-label","$v":"Emri i llogarisë"},{"$i":"settings-account-display-notifications","$v":"Shfaq njoftimet e reja të emailit"},{"$i":"settings-account-play-sound-onsend","$v":"Luaj një tingull pas \"Mesazhi u dërgua"},{"$i":"settings-account-signature-label","$v":"Nënshkrimi"},{"$i":"settings-sub-header-data","$v":"Të dhëna"},{"$i":"settings-data-group","ariaLabel":"Të dhëna"},{"$i":"settings-account-check-mail","$v":"Kontrollo për mesazhe të reja."},{"$i":"settings-account-check-mail-select","ariaLabel":"Kontrollo për mesazhe të reja."},{"$i":"settings-sub-header-server","$v":"Cilësimet e serverit"},{"$i":"settings-server-group","ariaLabel":"Cilësimet e serverit"},{"$i":"settings-account-userpass","$v":"Emri i përdoruesit dhe fjalëkalimi"},{"$i":"settings-account-useroauth2","$v":"Emri i përdoruesit"},{"$i":"settings-default-signature-2","$v":"Dërguar nga telefoni im"},{"$i":"settings-done","$v":"U krye"},{"$i":"settings-account-section","$v":"Llogaritë"},{"$i":"settings-account-listbox","ariaLabel":"Llogaritë"},{"$i":"settings-account-add","$v":"Shto"},{"$i":"settings-account-delete","$v":"Fshi llogarinë"},{"$i":"settings-account-delete-prompt","$v":"Nëse e fshin këtë llogari, do të ndikohen edhe aplikacionet që e përdorin."},{"$i":"settings-account-delete-desc","$v":"Duhet ta shkarkosh sërish emailin nëse përsërit krijimin e llogarisë."},{"$i":"settings-account-delete-cancel","$v":"Anulo"},{"$i":"settings-account-delete-confirm","$v":"Fshi"},{"$i":"settings-account-clarify","$v":[{"t":"idOrVar","v":"account-name"}]},{"$i":"settings-account-clarify-imap","$v":[{"t":"idOrVar","v":"account-name"}," (IMAP)"]},{"$i":"settings-account-clarify-pop3","$v":[{"t":"idOrVar","v":"account-name"}," (POP3)"]},{"$i":"settings-account-clarify-smtp","$v":[{"t":"idOrVar","v":"account-name"}," (SMTP)"]},{"$i":"settings-general-section","$v":"Cilësime të përgjithshme"},{"$i":"settings-show-images","$v":"Shfaqi gjithnjë figurat"},{"$i":"settings-download-attachments","$v":"Shkarko bashkëngjitjet"},{"$i":"settings-check-every-5min","$v":"Çdo 5 minuta"},{"$i":"settings-check-every-10min","$v":"Çdo 10 minuta"},{"$i":"settings-check-every-15min","$v":"Çdo 15 minuta"},{"$i":"settings-check-every-30min","$v":"Çdo 30 minuta"},{"$i":"settings-check-every-60min","$v":"Çdo orë"},{"$i":"settings-check-every-manual","$v":"Manualisht"},{"$i":"settings-check-dynamic","$v":{"few":[{"t":"idOrVar","v":"n"}," sekonda"],"many":[{"t":"idOrVar","v":"n"}," sekonda"],"one":[{"t":"idOrVar","v":"n"}," sekondë"],"other":[{"t":"idOrVar","v":"n"}," sekonda"],"two":[{"t":"idOrVar","v":"n"}," sekonda"],"zero":"çaktivizuar"},"$x":[{"t":"idOrVar","v":"plural"},"n"]},{"$i":"settings-default-account","$v":"Caktoji si email standard"},{"$i":"settings-account-type","$v":"Lloji i llogarisë"},{"$i":"settings-account-credentials","$v":"Kredencialet"},{"$i":"settings-activesync-label","$v":"Informacioni i cilësimeve të ActiveSync"},{"$i":"settings-imap-label","$v":"Informacioni i cilësimeve të IMAP"},{"$i":"settings-pop3-label","$v":"Informacioni i cilësimeve të POP3"},{"$i":"settings-smtp-label","$v":"Informacioni i cilësimeve të SMTP"},{"$i":"settings-hostname","$v":"Emri i hostit"},{"$i":"settings-port","$v":"Porta"},{"$i":"settings-username","$v":"Emri i përdoruesit"},{"$i":"settings-password","$v":"Fjalëkalimi"},{"$i":"settings-save","$v":"Ruaj"},{"$i":"password-saved","$v":"Fjalëkalimi u ruajt."},{"$i":"settings-reauth","$v":"Riautorizo"},{"$i":"settings-account-synchronize-window","$v":"Ditë për sinkronizimin"},{"$i":"settings-account-synchronize-window-select","ariaLabel":"Ditë për sinkronizimin"},{"$i":"settings-synchronize-auto","$v":"Automatike"},{"$i":"settings-synchronize-one-day","$v":"1 ditë"},{"$i":"settings-synchronize-three-days","$v":"3 ditë"},{"$i":"settings-synchronize-one-week","$v":"1 javë"},{"$i":"settings-synchronize-two-weeks","$v":"2 javë"},{"$i":"settings-synchronize-one-month","$v":"1 muaj"},{"$i":"settings-synchronize-all","$v":"Të gjitha mesazhet"},{"$i":"envelope-from","$v":"Nga"},{"$i":"envelope-to","$v":"Për"},{"$i":"envelope-cc","$v":"Cc"},{"$i":"envelope-bcc","$v":"Bcc"},{"$i":"message-header-state-sending","ariaLabel":"Po dërgohet"},{"$i":"message-header-state-error","ariaLabel":"Gabim në dërgim"},{"$i":"message-header-unread","ariaLabel":"Paleaxuar"},{"$i":"message-header-reply","ariaLabel":"Përgjigju"},{"$i":"message-header-forward","ariaLabel":"Përcill"},{"$i":"message-header-starred","ariaLabel":"Ka yll"},{"$i":"message-header-attachments","ariaLabel":"Ka bashkëngjitje"},{"$i":"message-body-container","ariaLabel":"Trupi i mesazhit"},{"$i":"message-body-container-progress","ariaValueText":"Po ngarkohet"},{"$i":"subject","ariaLabel":"Subjekti"},{"$i":"attachments-container","ariaLabel":"Bashkëngjitje"},{"$i":"from-group","ariaLabel":"Nga"},{"$i":"to-group","ariaLabel":"Për"},{"$i":"cc-group","ariaLabel":"CC"},{"$i":"bcc-group","ariaLabel":"BCC"},{"$i":"compose-header","$v":"Shkruaj mesazh"},{"$i":"compose-header-short","$v":"Shkruaj"},{"$i":"compose-send","$v":"Dërgo"},{"$i":"compose-send-button","ariaLabel":"Dërgo"},{"$i":"compose-to","$v":"Për"},{"$i":"compose-cc","$v":"Cc"},{"$i":"compose-bcc","$v":"Bcc"},{"$i":"compose-cc-remove","$v":"Lista cc u hoq."},{"$i":"compose-bcc-remove","$v":"Lista bcc u hoq."},{"$i":"compose-contact-add","ariaLabel":"Shto kontakt"},{"$i":"compose-attachments","$v":{"few":["Bashkëngjitje (",{"t":"idOrVar","v":"n"},")"],"many":["Bashkëngjitje (",{"t":"idOrVar","v":"n"},")"],"one":["Bashkëngjitje (",{"t":"idOrVar","v":"n"},")"],"other":["Bashkëngjitje (",{"t":"idOrVar","v":"n"},")"],"two":["Bashkëngjitje (",{"t":"idOrVar","v":"n"},")"],"zero":"Bashkëngjitje"},"$x":[{"t":"idOrVar","v":"plural"},"n"]},{"$i":"compose-text","ariaLabel":"Modifiko"},{"$i":"compose-attachment-still-working","$v":"Një moment, po punohet ende me bashkëngjitjen e mëparshme..."},{"$i":"compose-attachment-loading","$v":"Shtojca e ngarkimit ..."},{"$i":"compose-attachments-loading","$v":"Ngarkimi i bashkëngjitjeve ..."},{"$i":"compose-forward-attachment-error-title","$v":"Shkarkimi nuk u krye."},{"$i":"compose-forward-attachment-error-title2","$v":"Gabim"},{"$i":"compose-forward-attachment-unable-load","$v":"I pamundur ngarkimi i bashkëngjitjes."},{"$i":"compose-forward-attachments-unable-load","$v":"I pamundur ngarkimi i bashkëngjitjeve."},{"$i":"compose-forward-attachment-load-error","$v":"Disa bashkëngjitje nuk mund të ngarkoheshin."},{"$i":"confirmation-title","$v":"Konfirmimi"},{"$i":"compose-subject","$v":"Subjekti"},{"$i":"compose-draft-save","$v":"Të ruhet te draftet lokale?"},{"$i":"compose-discard-confirm","$v":"Skarto"},{"$i":"compose-draft-dialog-cancel","$v":"Anulo"},{"$i":"compose-draft-dialog-save","$v":"Ruaj"},{"$i":"composer-draft-saved","$v":"Drafti i ruajtur."},{"$i":"attention","$v":"Kujdes"},{"$i":"compose-send-message-failed","$v":"Emaili nuk u dërgua dot"},{"$i":"compose-attchment-size-exceeded","$v":"Shtojcë shumë e madhe për të dërguar me mesazh."},{"$i":"compose-attchments-size-exceeded","$v":"Shtojcat shumë të mëdha për t'i dërguar me mesazh."},{"$i":"composer-attachment-large-title","$v":"Skedari shumë i madh"},{"$i":"default-attachment-filename","$v":["bashkëngjitje",{"t":"idOrVar","v":"n"}]},{"$i":"attachment-size-meb","$v":[{"t":"idOrVar","v":"megabytes"}," MB"]},{"$i":"attachment-size-kib","$v":[{"t":"idOrVar","v":"kilobytes"}," KB"]},{"$i":"attachment-size-byte","$v":[{"t":"idOrVar","v":"bytes"}," B"]},{"$i":"message-attachment-view","$v":"Shfaq"},{"$i":"message-attachment-did-not-open-label","$v":"Nuk e hap dot"},{"$i":"message-attachment-did-not-open-body","$v":"Pajisja nuk ka aplikacion që mund të hapë bashkëngjitjen."},{"$i":"message-attachment-too-large","$v":"Ky skedar është shumë i madh për t’u shkarkuar."},{"$i":"message-attachment-not-found","$v":"Skedari i bashkëngjitur nuk u gjet, shkarkoni përsëri?"},{"$i":"message-attachment-download-fail","$v":[{"t":"idOrVar","v":"fileName"}," -Shkarkimi nuk u krye"]},{"$i":"message-no-subject","$v":"(nuk ka subjekt)"},{"$i":"message-edit-menu-edit","$v":"Modifiko"},{"$i":"message-edit-menu-delete","$v":"Fshi"},{"$i":"message-edit-delete-confirm","$v":"Të fshihet mesazhi i emailit?"},{"$i":"message-forward-attachment-title","$v":"Bashkëngjitje"},{"$i":"message-forward-attachment","$v":"Të përcillet edhe bashkëngjitja?"},{"$i":"message-forward-attachments","$v":"Të përcillen edhe bashkëngjitjet?"},{"$i":"message-multiedit-header","$v":{"few":[{"t":"idOrVar","v":"n"}," zgjedhur"],"many":[{"t":"idOrVar","v":"n"}," zgjedhur"],"one":[{"t":"idOrVar","v":"n"}," zgjedhur"],"other":[{"t":"idOrVar","v":"n"}," zgjedhur"],"two":[{"t":"idOrVar","v":"n"}," zgjedhur"],"zero":[{"t":"idOrVar","v":"n"}," zgjedhur"]},"$x":[{"t":"idOrVar","v":"plural"},"n"]},{"$i":"message-multiedit-search-header","$v":{"few":[{"t":"idOrVar","v":"n"}," zgjedhur"],"many":[{"t":"idOrVar","v":"n"}," zgjedhur"],"one":[{"t":"idOrVar","v":"n"}," zgjedhur"],"other":[{"t":"idOrVar","v":"n"}," zgjedhur"],"two":[{"t":"idOrVar","v":"n"}," zgjedhur"],"zero":"0 zgjedhur"},"$x":[{"t":"idOrVar","v":"plural"},"n"]},{"$i":"browse-to-url-prompt","$v":["Të kalohet tek adresa URL?: ",{"t":"idOrVar","v":"url"}]},{"$i":"message-download-images-tap","$v":{"few":["Ky email përmban ",{"t":"idOrVar","v":"n"}," figura. Prek për t’i shkarkuar."],"many":["Ky email përmban ",{"t":"idOrVar","v":"n"}," figura. Prek për t’i shkarkuar."],"one":"Ky email përmban një figurë. Prek për ta shkarkuar.","other":["Ky email përmban ",{"t":"idOrVar","v":"n"}," figura. Prek për t’i shkarkuar."],"two":["Ky email përmban ",{"t":"idOrVar","v":"n"}," figura. Prek për t’i shkarkuar."]},"$x":[{"t":"idOrVar","v":"plural"},"n"]},{"$i":"message-show-external-images","$v":"Shfaq figura nga jashtë"},{"$i":"message-delete-cancel","$v":"Anulo"},{"$i":"message-multiedit-delete-confirm","$v":{"few":["Të fshihen ",{"t":"idOrVar","v":"n"}," mesazhe?"],"many":["Të fshihen ",{"t":"idOrVar","v":"n"}," mesazhe?"],"one":"Të fshihet mesazhi i zgjedhur?","other":["Të fshihen ",{"t":"idOrVar","v":"n"}," mesazhe?"],"two":["Të fshihen ",{"t":"idOrVar","v":"n"}," mesazhe?"]},"$x":[{"t":"idOrVar","v":"plural"},"n"]},{"$i":"message-large-message-cancel","$v":"Anulo"},{"$i":"message-large-message-ok","$v":"Vazhdo"},{"$i":"message-large-message-confirm","$v":"Ky mesazh është i madh dhe mund të kërkojë kohë për t’u shkarkuar."},{"$i":"message-large-message-warning","$v":"Mesazhi është shumë i madh për t'u ngarkuar."},{"$i":"message-search-header","$v":"Kërko"},{"$i":"search-result","$v":["Emailet (",{"t":"idOrVar","v":"num"},")"]},{"$i":"message-search-from","$v":"Nga"},{"$i":"message-search-to","$v":"Për"},{"$i":"message-search-subject","$v":"Subjekti"},{"$i":"message-search-body","$v":"Trupi"},{"$i":"message-search-all","$v":"Të gjitha"},{"$i":"message-search-input","placeholder":"Kërko emailet"},{"$i":"message-search-cancel","$v":"Anulo"},{"$i":"messages-syncing","$v":"Mesazhet po ngarkohen"},{"$i":"messages-syncing-progressbar","ariaValueText":"Mesazhet po ngarkohen"},{"$i":"messages-load-more","$v":"Ngarko mesazhe të tjera"},{"$i":"messages-folder-empty","$v":"Asnjë email në këtë dosje"},{"$i":"messages-search-empty","$v":"Nuk ka rezultate në mesazhet e memories specifike lokale"},{"$i":"messages-folder-select","$v":"Lëvize në dosje"},{"$i":"messages-folder-unread-max","$v":"999+"},{"$i":"message-contact-menu-create","$v":"Krijo kontakt të ri"},{"$i":"message-contact-menu-add-existing","$v":"Shtoja kontaktit ekzistues"},{"$i":"message-contact-menu-view","$v":"Shfaq kontaktin"},{"$i":"message-contact-menu-reply","$v":"Përgjigju"},{"$i":"message-contact-menu-new","$v":"Dërgo email të ri"},{"$i":"message-reply-menu-reply","$v":"Përgjigju"},{"$i":"message-reply-menu-reply-all","$v":"Përgjigje të gjithëve"},{"$i":"message-reply-menu-forward","$v":"Përcill"},{"$i":"message-reply-menu-cancel","$v":"Anulo"},{"$i":"reply-quoting-wrote","$v":"{name} shkroi"},{"$i":"forward-original-message","$v":"Mesazhi origjinal"},{"$i":"forward-header-subject","$v":"Subjekti"},{"$i":"forward-header-date","$v":"Data"},{"$i":"forward-header-from","$v":"Nga"},{"$i":"forward-header-reply-to","$v":"Përgjigje për"},{"$i":"forward-header-to","$v":"Për"},{"$i":"forward-header-cc","$v":"Cc"},{"$i":"folder-inbox","$v":"Kutia hyrëse"},{"$i":"folder-sent","$v":"Të dërguara"},{"$i":"folder-drafts","$v":"Draftet"},{"$i":"folder-trash","$v":"Koshi"},{"$i":"folder-queue","$v":"Të padërguara"},{"$i":"folder-junk","$v":"Të padëshiruara"},{"$i":"folder-archives","$v":"Arkivat"},{"$i":"folder-localdrafts","$v":"Draftet lokale"},{"$i":"folder-outbox","$v":"Kutia dalëse"},{"$i":"drawer-back","$v":"Prapa"},{"$i":"drawer-accounts-header","$v":"Llogaritë"},{"$i":"drawer-settings-link","$v":"Cilësimet"},{"$i":"folder-last-synced-label","$v":"Sinkronizimi i fundit:"},{"$i":"messages-refresh-progress","ariaValueText":"Po rifreskohet"},{"$i":"no-internet-connection","$v":"Nuk ka lidhje me internetin."},{"$i":"toaster-undo","$v":"Zhbëj"},{"$i":"toaster-message-star","$v":{"one":"E-mail me flamur.","few":[{"t":"idOrVar","v":"n"}," emaile u shënuan si të raportuara."],"many":[{"t":"idOrVar","v":"n"}," emaile u shënuan si të raportuara."],"other":[{"t":"idOrVar","v":"n"}," emaile u shënuan si të raportuara."],"two":[{"t":"idOrVar","v":"n"}," emaile u shënuan si të raportuara."]},"$x":[{"t":"idOrVar","v":"plural"},"n"]},{"$i":"toaster-message-unstar","$v":{"one":"Flamuri i postës elektronike u hoq.","few":[{"t":"idOrVar","v":"n"}," raportime emailesh u hoqën."],"many":[{"t":"idOrVar","v":"n"}," raportime emailesh u hoqën."],"other":[{"t":"idOrVar","v":"n"}," raportime emailesh u hoqën."],"two":[{"t":"idOrVar","v":"n"}," raportime emailesh u hoqën."]},"$x":[{"t":"idOrVar","v":"plural"},"n"]},{"$i":"toaster-message-read","$v":{"one":"Email shënuar si i lexuar.","few":[{"t":"idOrVar","v":"n"}," mesazhe u shënuan si të lexuara."],"many":[{"t":"idOrVar","v":"n"}," mesazhe u shënuan si të lexuara."],"other":[{"t":"idOrVar","v":"n"}," mesazhe u shënuan si të lexuara."],"two":[{"t":"idOrVar","v":"n"}," mesazhe u shënuan si të lexuara."]},"$x":[{"t":"idOrVar","v":"plural"},"n"]},{"$i":"toaster-message-unread","$v":{"one":"Email shënuar si i palexuar.","few":[{"t":"idOrVar","v":"n"}," emaile u shënuan si të palexuara."],"many":[{"t":"idOrVar","v":"n"}," emaile u shënuan si të palexuara."],"other":[{"t":"idOrVar","v":"n"}," emaile u shënuan si të palexuara."],"two":[{"t":"idOrVar","v":"n"}," emaile u shënuan si të palexuara."]},"$x":[{"t":"idOrVar","v":"plural"},"n"]},{"$i":"toaster-message-move","$v":{"one":"Emaili u zhvendos në dosje","few":[{"t":"idOrVar","v":"n"}," emaile u zhvendosën te dosja"],"many":[{"t":"idOrVar","v":"n"}," emaile u zhvendosën te dosja"],"other":[{"t":"idOrVar","v":"n"}," emaile u zhvendosën te dosja"],"two":[{"t":"idOrVar","v":"n"}," emaile u zhvendosën te dosja"]},"$x":[{"t":"idOrVar","v":"plural"},"n"]},{"$i":"toaster-message-delete","$v":{"one":"Emaili u fshi.","few":["U fshinë ",{"t":"idOrVar","v":"n"}," emaile."],"many":["U fshinë ",{"t":"idOrVar","v":"n"}," emaile."],"other":["U fshinë ",{"t":"idOrVar","v":"n"}," emaile."],"two":["U fshinë ",{"t":"idOrVar","v":"n"}," emaile."]},"$x":[{"t":"idOrVar","v":"plural"},"n"]},{"$i":"toaster-sync-failed","$v":"E pamundur të lidhet me serverin."},{"$i":"compose-invalid-addresses-title","$v":"Adresa të pavlefshme"},{"$i":"compose-invalid-addresses-description","$v":"Mesazhi yt përmban një a më shumë adresa të pavlefshme emaili. Korrigjoji para se të dërgosh."},{"$i":"background-send-pending","$v":"Asnjë lidhje interneti. Emaili u ruajt në Outbox."},{"$i":"background-send-sending","$v":"Po dërgohet…"},{"$i":"background-send-success","$v":"Emaili u dërgua."},{"$i":"background-send-error","$v":"Dërgimi i gabimit. Emaili u ruajt në Outbox."},{"$i":"background-send-error-recipients","$v":"Gabim i marrësit. Emaili u ruajt te kutia dalëse."},{"$i":"background-send-error-title","$v":"Emaili nuk u dërgua dot"},{"$i":"send-failure-recipients","$v":"Kontrollo shkrimin e adresave më sipër. Serveri i emailit raporton që një ose më shumë nga adresat më sipër janë të pasakta."},{"$i":"send-failure-unknown","$v":"Mesazhi nuk u dërgua dot."},{"$i":"form-clear-input","$v":"Hiq tekstin"},{"$i":"confirm-dialog-title","$v":"Konfirmimi"},{"$i":"confirm-dialog-ok","$v":"OK"},{"$i":"msg-display-subject","$v":"Subjekti"},{"$i":"msg-reader-display-attachments","$v":"Bashkëngjitje"},{"$i":"msg-reader-display-attachment","$v":"Bashkëngjitje"},{"$i":"msg-reader-download-external-images","$v":["Shkarko figurat e jashtme (",{"t":"idOrVar","v":"n"}," MB)"]},{"$i":"msg-reader-sender-header","$v":"dërgues"},{"$i":"msg-reader-recipients-header","$v":"Marrësit"},{"$i":"msg-reader-cc-header","$v":"Cc"},{"$i":"msg-reader-bcc-header","$v":"Bcc"},{"$i":"msg-reader-message-flagged","$v":"Mesazhi u raportua"},{"$i":"msg-reader-flag-removed","$v":"Raportimi u hoq"},{"$i":"external-image-downloading","$v":"Duke shkarkuar..."},{"$i":"senders-separation-sign","$v":", "},{"$i":"new-messages","$v":{"few":[{"t":"idOrVar","v":"n"}," mesazhe të reja"],"many":[{"t":"idOrVar","v":"n"}," mesazhe të reja"],"one":"1 mesazh i ri","other":[{"t":"idOrVar","v":"n"}," mesazhe të reja"],"two":[{"t":"idOrVar","v":"n"}," mesazhe të reja"]},"$x":[{"t":"idOrVar","v":"plural"},"n"]},{"$i":"new-emails-notify-one-account","$v":{"few":[{"t":"idOrVar","v":"n"}," emaile të reja"],"many":[{"t":"idOrVar","v":"n"}," emaile të reja"],"one":"1 email i ri","other":[{"t":"idOrVar","v":"n"}," emaile të reja"],"two":[{"t":"idOrVar","v":"n"}," emaile të reja"]},"$x":[{"t":"idOrVar","v":"plural"},"n"]},{"$i":"new-emails-notify-multiple-accounts","$v":{"few":[{"t":"idOrVar","v":"n"}," emaile të reja (",{"t":"idOrVar","v":"accountName"},")"],"many":[{"t":"idOrVar","v":"n"}," emaile të reja (",{"t":"idOrVar","v":"accountName"},")"],"one":["1 Email i ri (",{"t":"idOrVar","v":"accountName"},")"],"other":[{"t":"idOrVar","v":"n"}," emaile të reja (",{"t":"idOrVar","v":"accountName"},")"],"two":[{"t":"idOrVar","v":"n"}," emaile të reja (",{"t":"idOrVar","v":"accountName"},")"]},"$x":[{"t":"idOrVar","v":"plural"},"n"]},{"$i":"new-emails-notify-multiple-accounts-body","$v":[{"t":"idOrVar","v":"from"}," “",{"t":"idOrVar","v":"subject"},"”"]},{"$i":"tng-plain-socket-warning-title","$v":"Je i sigurt?"},{"$i":"tng-plain-socket-warning-message","$v":"Të tjerët mund të të shikojnë fjalëkalimet dhe emailet ose të të kontrollojnë llogarinë."},{"$i":"tng-plain-socket-warning-message-options","$v":"Ka shumë ofrues emaili falas që ofrojnë lidhje më të sigurta dhe të enkriptuara."},{"$i":"tng-plain-socket-warning-ok","$v":"E kuptoj"},{"$i":"message-reader-date-received","ariaLabel":"Të marra"},{"$i":"sort-by-title","$v":"Rendit sipas"},{"$i":"sort-by-date","$v":"Data"},{"$i":"sort-by-from","$v":"Nga"},{"$i":"sort-by-to","$v":"Për"},{"$i":"sort-by-subject","$v":"Subjekti"},{"$i":"softkey-options","$v":"Opsionet"},{"$i":"opt-compose","$v":"Shkruaj"},{"$i":"opt-reply","$v":"Përgjigju"},{"$i":"opt-reply-all","$v":"Përgjigjju të gjithëve"},{"$i":"opt-forward","$v":"Përcill"},{"$i":"opt-mark-read","$v":"Shënoje të lexuar"},{"$i":"opt-mark-unread","$v":"Shënoje të palexuar"},{"$i":"opt-add-flag","$v":"Shto raportim"},{"$i":"opt-remove-flag","$v":"Hiq raportimin"},{"$i":"opt-move-message","$v":"Lëvize në dosje"},{"$i":"opt-delete-message","$v":"Fshi"},{"$i":"opt-multi-select","$v":"Zgjidh disa"},{"$i":"opt-search","$v":"Kërko"},{"$i":"opt-folders","$v":"Shfaq dosjet"},{"$i":"opt-sort","$v":"Rendit"},{"$i":"opt-sync","$v":"Sinkronizo"},{"$i":"opt-account","$v":"Ndrysho llogarinë"},{"$i":"opt-settings","$v":"Cilësimet"},{"$i":"opt-edit","$v":"Modifiko"},{"$i":"opt-cancel","$v":"Anulo"},{"$i":"opt-save","$v":"Ruaj"},{"$i":"opt-move","$v":"Lëviz"},{"$i":"opt-view","$v":"Shfaq"},{"$i":"opt-empty-trash","$v":"Spastro koshin"},{"$i":"opt-call-number","$v":"Thirrje"},{"$i":"opt-compose-mail","$v":"Shkruaj"},{"$i":"opt-open-url","$v":"Hap"},{"$i":"select-option-on","$v":"Aktiv"},{"$i":"select-option-off","$v":"Joaktiv"},{"$i":"select-option-imap-smtp","$v":"IMAP+SMTP"},{"$i":"select-option-pop3-smtp","$v":"POP3+SMTP"},{"$i":"select-option-activesync","$v":"ActiveSync"},{"$i":"toaster-switch-account","$v":"Llogaria e emailit kaloi në:"},{"$i":"toaster-sorted-by","$v":"E-mail të renditura nga"},{"$i":"cmp-reply","$v":"Përgjigju"},{"$i":"cmp-reply-all","$v":"Përgjigjju të gjithëve"},{"$i":"cmp-forward","$v":"Përcill mesazhin"},{"$i":"cmp-remove-attach","$v":"Bashkëngjitja u hoq"},{"$i":"select","$v":"Zgjidh"},{"$i":"deselect","$v":"Çzgjidh"},{"$i":"cancel","$v":"Anulo"},{"$i":"enter","$v":"Jep"},{"$i":"remove-attachment","$v":"Hiq bashkëngjitjen"},{"$i":"replace-attachment","$v":"Zëvendëso bashkëngjitjen"},{"$i":"add-attachment","$v":"Shto bashkëngjitje"},{"$i":"add-contact","$v":"Shto kontakt"},{"$i":"add-cc","$v":"Shto Cc"},{"$i":"remove-cc","$v":"Hiq Cc"},{"$i":"add-bcc","$v":"Shto Bcc"},{"$i":"remove-bcc","$v":"Hiq Bcc"},{"$i":"attachment-download","$v":"Shkarko"},{"$i":"attachment-share","$v":"Ndaj"},{"$i":"send-new-mail","$v":"Dërgo email të ri"},{"$i":"view-contact","$v":"Shfaq kontaktin"},{"$i":"save-new-contact","$v":"Krijo kontakt të ri"},{"$i":"add-to-exsiting-contact","$v":"Shtoja kontaktit ekzistues"},{"$i":"no","$v":"Jo"},{"$i":"yes","$v":"Po"},{"$i":"retry","$v":"Riprovo"},{"$i":"empty","$v":"Bosh"},{"$i":"empty-trash-confirm","$v":"Të spastrohet koshi?"},{"$i":"trash-emptied","$v":"Koshi u spastrua"},{"$i":"next","$v":"Tjetër"},{"$i":"welcome-header","$v":"Emaili"},{"$i":"welcome-msg","$v":"Mirë se erdhe tek emaili!"},{"$i":"welcome-msg-setup","$v":"Shtyp \"Tjetër\" për të konfiguruar llogarinë e emailit."},{"$i":"discard","$v":"Skarto"},{"$i":"leave-this-page-warning-message","$v":"Hidh informacionin?"},{"$i":"finish","$v":"Përfundo"},{"$i":"setup-done-msg","$v":"Identifikimi me sukses. Të shtohet llogari tjetër?"},{"$i":"save-as-draft","$v":"Ruaje si draft"},{"$i":"show-password","$v":"Shfaq fjalëkalimin"},{"$i":"account-label","$v":"Emri i llogarisë"},{"$i":"folders","$v":"Dosjet"},{"$i":"security","$v":"Siguria"},{"$i":"port-number","$v":"Numri i portës"},{"$i":"domain-username","$v":"Domeni\\emri i përdoruesit"},{"$i":"synchronizing","$v":"Po sinkronizohet..."},{"$i":"browse-mail","$v":"Shfleto emailin"},{"$i":"never-sync","$v":"Dosja lokale nuk sinkronizohet dot"},{"$i":"emptyDownloadFile","$v":"Skedari nuk mund të shkarkohet; mund të jetë bosh"},{"$i":"sync","$v":"Sinkronizim"},{"$i":"outbox-unsent-label","$v":{"few":[{"t":"idOrVar","v":"n"}," mesazhe të padërguara te \"Kutia dalëse"],"many":[{"t":"idOrVar","v":"n"}," mesazhe të padërguara te \"Kutia dalëse"],"one":"1 mesazh i padërguar te \"Kutia dalëse","other":[{"t":"idOrVar","v":"n"}," mesazhe të padërguara te \"Kutia dalëse"],"two":"2 mesazhe të padërguara te \"Kutia dalëse"},"$x":[{"t":"idOrVar","v":"plural"},"n"]},{"$i":"storage-full-title","$v":"Memoria është plot"},{"$i":"storage-full-warning","$v":"Mund të fshish disa skedarë multimedia ose të menaxhosh të dhënat e aplikacioneve për më tepër hapësirë të lirë."},{"$i":"storage-full","$v":"Memoria e telefonit plot."},{"$i":"storage-sdcard-full","$v":"Karta SD është plot."},{"$i":"view-address","$v":"Shfaq adresën"},{"$i":"mail-address-title","$v":"Adresa e postës elektronike"},{"$i":"mail-address","$v":[{"t":"idOrVar","v":"address"}]},{"$i":"value-name","$v":[{"t":"idOrVar","v":"name"}]},{"$i":"account-deleted","$v":"Llogaria u fshi."},{"$i":"account-reEnable","$v":"Llogaria tashmë ekziston. Sinkronizo llogarinë?"},{"$i":"setup-account-usedInfo","$v":"Kjo llogari do të përdoret nga aplikacionet e mëposhtme. Mund ta ndryshosh këtë te Cilësimet>Llogaria."},{"$i":"setup-account-settingsInfo","$v":"Çdo aplikacion ka intervale të ndryshme standarde sinkronizimi. Kontrollo në cilësimet e aplikacionit."},{"$i":"app-calendar","$v":"Kalendari"},{"$i":"app-contacts","$v":"Kontaktet"},{"$i":"app-email","$v":"Emaili"},{"$i":"sync-account-guide","$v":"Aktivizoni sinkronizimin e llogarisë në Cilësimet për të parë emailin."},{"$i":"settings-account-sync","$v":"Sinkronizo llogarinë"},{"$i":"weekday-0-long","$v":"E diel"},{"$i":"weekday-1-long","$v":"E hënë"},{"$i":"weekday-2-long","$v":"E martë"},{"$i":"weekday-3-long","$v":"E mërkurë"},{"$i":"weekday-4-long","$v":"E enjte"},{"$i":"weekday-5-long","$v":"E premte"},{"$i":"weekday-6-long","$v":"E shtunë"},{"$i":"weekday-0-short","$v":"Die"},{"$i":"weekday-1-short","$v":"Hën"},{"$i":"weekday-2-short","$v":"Mar"},{"$i":"weekday-3-short","$v":"Mër"},{"$i":"weekday-4-short","$v":"Enj"},{"$i":"weekday-5-short","$v":"Pre"},{"$i":"weekday-6-short","$v":"Sht"},{"$i":"month-0-long","$v":"Janar"},{"$i":"month-1-long","$v":"Shkurt"},{"$i":"month-2-long","$v":"Mars"},{"$i":"month-3-long","$v":"Prill"},{"$i":"month-4-long","$v":"Maj"},{"$i":"month-5-long","$v":"Qershor"},{"$i":"month-6-long","$v":"Korrik"},{"$i":"month-7-long","$v":"Gusht"},{"$i":"month-8-long","$v":"Shtator"},{"$i":"month-9-long","$v":"Tetor"},{"$i":"month-10-long","$v":"Nëntor"},{"$i":"month-11-long","$v":"Dhjetor"},{"$i":"month-0-genitive","$v":"Janar"},{"$i":"month-1-genitive","$v":"Shkurt"},{"$i":"month-2-genitive","$v":"Mars"},{"$i":"month-3-genitive","$v":"Prill"},{"$i":"month-4-genitive","$v":"Maj"},{"$i":"month-5-genitive","$v":"Qershor"},{"$i":"month-6-genitive","$v":"Korrik"},{"$i":"month-7-genitive","$v":"Gusht"},{"$i":"month-8-genitive","$v":"Shtator"},{"$i":"month-9-genitive","$v":"Tetor"},{"$i":"month-10-genitive","$v":"Nëntor"},{"$i":"month-11-genitive","$v":"Dhjetor"},{"$i":"month-0-short","$v":"Jan"},{"$i":"month-1-short","$v":"Shku"},{"$i":"month-2-short","$v":"Mar"},{"$i":"month-3-short","$v":"Pri"},{"$i":"month-4-short","$v":"Maj"},{"$i":"month-5-short","$v":"Qer"},{"$i":"month-6-short","$v":"Korr"},{"$i":"month-7-short","$v":"Gush"},{"$i":"month-8-short","$v":"Shta"},{"$i":"month-9-short","$v":"Tet"},{"$i":"month-10-short","$v":"Nën"},{"$i":"month-11-short","$v":"Dhj"},{"$i":"minutes-ago-long","$v":{"few":[{"t":"idOrVar","v":"value"}," minuta më parë"],"many":[{"t":"idOrVar","v":"value"}," minuta më parë"],"other":[{"t":"idOrVar","v":"value"}," minuta më parë"],"two":[{"t":"idOrVar","v":"value"}," minuta më parë"],"one":"një minutë më parë","zero":"sapo"},"$x":[{"t":"idOrVar","v":"plural"},"value"]},{"$i":"hours-ago-long","$v":{"few":[{"t":"idOrVar","v":"value"}," orë më parë"],"many":[{"t":"idOrVar","v":"value"}," orë më parë"],"other":[{"t":"idOrVar","v":"value"}," orë më parë"],"two":[{"t":"idOrVar","v":"value"}," orë më parë"],"one":"1 orë më parë","zero":"sapo"},"$x":[{"t":"idOrVar","v":"plural"},"value"]},{"$i":"days-ago-long","$v":{"few":[{"t":"idOrVar","v":"value"}," ditë më parë"],"many":[{"t":"idOrVar","v":"value"}," ditë më parë"],"one":"dje","other":[{"t":"idOrVar","v":"value"}," ditë më parë"],"two":[{"t":"idOrVar","v":"value"}," ditë më parë"],"zero":"sot"},"$x":[{"t":"idOrVar","v":"plural"},"value"]},{"$i":"weeks-ago-long","$v":{"few":[{"t":"idOrVar","v":"value"}," javë më parë"],"many":[{"t":"idOrVar","v":"value"}," javë më parë"],"one":"javën e kaluar","other":[{"t":"idOrVar","v":"value"}," javë më parë"],"two":[{"t":"idOrVar","v":"value"}," javë më parë"],"zero":"këtë javë"},"$x":[{"t":"idOrVar","v":"plural"},"value"]},{"$i":"months-ago-long","$v":{"few":[{"t":"idOrVar","v":"value"}," muaj më parë"],"many":[{"t":"idOrVar","v":"value"}," muaj më parë"],"one":"muajin e kaluar","other":[{"t":"idOrVar","v":"value"}," muaj më parë"],"two":[{"t":"idOrVar","v":"value"}," muaj më parë"],"zero":"këtë muaj"},"$x":[{"t":"idOrVar","v":"plural"},"value"]},{"$i":"years-ago-long","$v":{"few":[{"t":"idOrVar","v":"value"}," vite më parë"],"many":[{"t":"idOrVar","v":"value"}," vite më parë"],"one":"vitin e kaluar","other":[{"t":"idOrVar","v":"value"}," vite më parë"],"two":[{"t":"idOrVar","v":"value"}," vite më parë"],"zero":"këtë vit"},"$x":[{"t":"idOrVar","v":"plural"},"value"]},{"$i":"minutes-until-long","$v":{"few":["për ",{"t":"idOrVar","v":"value"}," minuta"],"many":["për ",{"t":"idOrVar","v":"value"}," minuta"],"other":["për ",{"t":"idOrVar","v":"value"}," minuta"],"two":["për ",{"t":"idOrVar","v":"value"}," minuta"],"zero":"tani","one":"në 1 minutë"},"$x":[{"t":"idOrVar","v":"plural"},"value"]},{"$i":"hours-until-long","$v":{"few":["për ",{"t":"idOrVar","v":"value"}," orë"],"many":["për ",{"t":"idOrVar","v":"value"}," orë"],"other":["për ",{"t":"idOrVar","v":"value"}," orë"],"two":["për ",{"t":"idOrVar","v":"value"}," orë"],"zero":"tani","one":"në 1 orë"},"$x":[{"t":"idOrVar","v":"plural"},"value"]},{"$i":"days-until-long","$v":{"few":["për ",{"t":"idOrVar","v":"value"}," ditë"],"many":["për ",{"t":"idOrVar","v":"value"}," ditë"],"one":"nesër","other":["për ",{"t":"idOrVar","v":"value"}," ditë"],"two":["për ",{"t":"idOrVar","v":"value"}," ditë"],"zero":"sot"},"$x":[{"t":"idOrVar","v":"plural"},"value"]},{"$i":"weeks-until-long","$v":{"few":["për ",{"t":"idOrVar","v":"value"}," javë"],"many":["për ",{"t":"idOrVar","v":"value"}," javë"],"one":"javën tjetër","other":["për ",{"t":"idOrVar","v":"value"}," javë"],"two":["për ",{"t":"idOrVar","v":"value"}," javë"],"zero":"këtë javë"},"$x":[{"t":"idOrVar","v":"plural"},"value"]},{"$i":"months-until-long","$v":{"few":["për ",{"t":"idOrVar","v":"value"}," muaj"],"many":["për ",{"t":"idOrVar","v":"value"}," muaj"],"one":"muajin tjetër","other":["për ",{"t":"idOrVar","v":"value"}," muaj"],"two":["për ",{"t":"idOrVar","v":"value"}," muaj"],"zero":"këtë muaj"},"$x":[{"t":"idOrVar","v":"plural"},"value"]},{"$i":"years-until-long","$v":{"few":["për ",{"t":"idOrVar","v":"value"}," vjet"],"many":["për ",{"t":"idOrVar","v":"value"}," vjet"],"one":"vitin tjetër","other":["për ",{"t":"idOrVar","v":"value"}," vjet"],"two":["për ",{"t":"idOrVar","v":"value"}," vjet"],"zero":"këtë vit"},"$x":[{"t":"idOrVar","v":"plural"},"value"]},{"$i":"minutes-ago-short","$v":{"other":[{"t":"idOrVar","v":"value"}," min më parë"],"zero":"sapo"},"$x":[{"t":"idOrVar","v":"plural"},"value"]},{"$i":"hours-ago-short","$v":{"other":[{"t":"idOrVar","v":"value"}," orë më parë"],"zero":"sapo"},"$x":[{"t":"idOrVar","v":"plural"},"value"]},{"$i":"days-ago-short","$v":{"other":[{"t":"idOrVar","v":"value"}," ditë më parë"],"zero":"sot"},"$x":[{"t":"idOrVar","v":"plural"},"value"]},{"$i":"minutes-until-short","$v":{"other":["për ",{"t":"idOrVar","v":"value"}," min"],"zero":"tani"},"$x":[{"t":"idOrVar","v":"plural"},"value"]},{"$i":"hours-until-short","$v":{"other":["për ",{"t":"idOrVar","v":"value"}," orë"],"zero":"tani"},"$x":[{"t":"idOrVar","v":"plural"},"value"]},{"$i":"days-until-short","$v":{"other":["për ",{"t":"idOrVar","v":"value"}," ditë"],"zero":"sot"},"$x":[{"t":"idOrVar","v":"plural"},"value"]},{"$i":"incorrectDate","$v":"(datë e pasaktë)"},{"$i":"dateTimeFormat_%c","$v":"%a %b %e %Y %I:%M:%S %p"},{"$i":"dateTimeFormat_%x","$v":"%m/%d/%Y"},{"$i":"dateTimeFormat_%X","$v":"%I:%M:%S %p"},{"$i":"shortTimeFormat","$v":"%I:%M %p"},{"$i":"shortTimeFormat12","$v":"%I:%M %p"},{"$i":"shortTimeFormat24","$v":"%H:%M"},{"$i":"shortDateTimeFormat","$v":"%x %I:%M %p"},{"$i":"weekStartsOnMonday","$v":"0.0"},{"$i":"firstDayOfTheWeek","$v":"1.0"},{"$i":"time_am","$v":"p.d."},{"$i":"time_pm","$v":"m.d."}]