[{"$i":"setup-app-name-header","$v":"E-post"},{"$i":"setup-empty-account-message","$v":"Du är inte konfigurerad för att skicka eller ta emot e-post. Ställ in ett konto för att slutföra åtgärden."},{"$i":"setup-pick-service","$v":"För att skicka och ta emot e-post måste du konfigurera ett konto."},{"$i":"setup-account-header3","$v":"Kontoinloggning"},{"$i":"setup-account-password","$v":"Lösenord"},{"$i":"setup-info-next","$v":"Nästa"},{"$i":"setup-progress-wait-msg","$v":"Konfigurera konto"},{"$i":"setup-sync-progress-wait-msg","$v":"Synkronisera konto"},{"$i":"setup-completed-header","$v":"Gratulerar!"},{"$i":"setup-completed-label","$v":"Helt klar!"},{"$i":"setup-add-another-account","$v":"Lägg till ett annat konto"},{"$i":"setup-show-mail","$v":"Fortsätt till E-post"},{"$i":"setup-done-add","$v":"Lägg till konto"},{"$i":"setup-error-offline","$v":"Ingen internetanslutning."},{"$i":"setup-error-bad-user-or-pass2","$v":"E-postadress eller lösenord är felaktigt."},{"$i":"setup-error-bad-address","$v":"E-postadressen är felaktig."},{"$i":"setup-error-not-authorized","$v":"Inte behörig att skapa konto."},{"$i":"setup-error-pop-server-not-great","$v":"POP3-server stöder inte nödvändiga funktioner."},{"$i":"setup-error-unknown2","$v":"Ett okänt fel uppstod. Kontrollera nätverksanslutningen eller prova alternativet för manuell konfiguration."},{"$i":"setup-error-needs-app-pass","$v":"Du måste använda ett applikationsspecifikt lösenord för tvåfaktors Gmail-konton."},{"$i":"setup-error-imap-disabled","$v":"Du måste aktivera IMAP för ditt Gmail-konto."},{"$i":"setup-error-pop3-disabled","$v":"Du måste aktivera POP3 för ditt Gmail-konto."},{"$i":"setup-error-bad-security","$v":["Det gick inte att skapa en säker anslutning till ”",{"t":"idOrVar","v":"server"},"”. Det kan finnas problem med nätverket eller servern."]},{"$i":"setup-error-unresponsive-server","$v":["Det går inte att skapa anslutning med \"",{"t":"idOrVar","v":"server"},"\". Det kan finnas problem med nätverket."]},{"$i":"setup-error-server-problem","$v":["Det finns ett problem med servern \"",{"t":"idOrVar","v":"server"},"\". Försök igen senare."]},{"$i":"setup-error-no-config-info","$v":"Konfigurationen misslyckades. Kontrollera e-postadressen eller prova manuellt konfigurationsalternativ."},{"$i":"setup-error-server-maintenance","$v":["Servern \"",{"t":"idOrVar","v":"server"},"\" är offline för underhåll. Försök igen senare."]},{"$i":"setup-error-account-already-exists","$v":"Det här kontot finns redan."},{"$i":"setup-manual-config2","$v":"Avancerat"},{"$i":"setup-manual-config-header","$v":"Kontoinloggning"},{"$i":"setup-manual-account-type-header","$v":"Kontotyp"},{"$i":"setup-manual-account-type","$v":"Kontotyp"},{"$i":"setup-manual-account-type-select","ariaLabel":"Kontotyp"},{"$i":"setup-manual-imap-header","$v":"IMAP-inställningar"},{"$i":"setup-manual-pop3-header","$v":"POP3-Inställningar"},{"$i":"setup-manual-smtp-header","$v":"SMTP-inställningar"},{"$i":"setup-manual-activesync-header","$v":"ActiveSync-inställningar"},{"$i":"setup-manual-next","$v":"Nästa"},{"$i":"setup-manual-socket","$v":"Typ av uttag"},{"$i":"setup-manual-socket-ssl","$v":"SSL"},{"$i":"setup-manual-socket-starttls","$v":"STARTTLS"},{"$i":"setup-manual-socket-select","ariaLabel":"Anslutningssäkerhet"},{"$i":"setup-manual-socket-plain","$v":"Okrypterad"},{"$i":"setup-bad-password-header","$v":"Felaktigt lösenord!"},{"$i":"setup-bad-password","$v":"Det gick inte att logga in på servern. Försök att ange lösenordet igen."},{"$i":"setup-new-password","placeholder":"Nytt lösenord"},{"$i":"setup-fix-password","$v":"Försök igen med nytt lösenord"},{"$i":"setup-gmail-twofactor-header","$v":"Tvåfaktor aktiverad"},{"$i":"setup-gmail-twofactor-message","$v":"Du måste ange ett programspecifikt lösenord nedan."},{"$i":"setup-gmail-imap-header","$v":"IMAP inaktiverad"},{"$i":"setup-gmail-imap-message","$v":"Du måste aktivera IMAP på Gmail-kontot"},{"$i":"setup-gmail-retry","$v":"Försök igen"},{"$i":"setup-gmail-pop3-header","$v":"POP3 inaktiverad"},{"$i":"setup-gmail-pop3-message","$v":"Du måste aktivera POP3 på Gmail-kontot"},{"$i":"setup-fix-oauth2-header","$v":"Godkänn e-posten igen"},{"$i":"setup-fix-oauth2-description","$v":"E-posten måste godkännas igen för att få åtkomst till följande konto:"},{"$i":"setup-fix-oauth2-reauthorize","$v":"Godkänn igen"},{"$i":"settings-main-header","$v":"E-postinställningar"},{"$i":"settings-sub-header-account","$v":"Konto"},{"$i":"settings-account-group","ariaLabel":"Konto"},{"$i":"settings-account-name","$v":"Ditt namn"},{"$i":"settings-account-label","$v":"Kontonamn"},{"$i":"settings-account-display-notifications","$v":"Visa nya e-postmeddelanden"},{"$i":"settings-account-play-sound-onsend","$v":"Spela ljud efter att meddelandet har skickats"},{"$i":"settings-account-signature-label","$v":"Signatur"},{"$i":"settings-sub-header-data","$v":"Data"},{"$i":"settings-data-group","ariaLabel":"Data"},{"$i":"settings-account-check-mail","$v":"Kontrollera efter nya meddelanden"},{"$i":"settings-account-check-mail-select","ariaLabel":"Kontrollera efter nya meddelanden"},{"$i":"settings-sub-header-server","$v":"Serverinställningar"},{"$i":"settings-server-group","ariaLabel":"Serverinställningar"},{"$i":"settings-account-userpass","$v":"Användarnamn och lösenord"},{"$i":"settings-account-useroauth2","$v":"Användarnamn"},{"$i":"settings-default-signature-2","$v":"Skickat från min telefon"},{"$i":"settings-done","$v":"Klart"},{"$i":"settings-account-section","$v":"Konton"},{"$i":"settings-account-listbox","ariaLabel":"Konton"},{"$i":"settings-account-add","$v":"Lägg till"},{"$i":"settings-account-delete","$v":"Ta bort konto"},{"$i":"settings-account-delete-prompt","$v":"Om du tar bort det här kontot påverkas även appar som kontot används av."},{"$i":"settings-account-delete-desc","$v":"Du måste ladda ner e-postmeddelandet igen om du upprepar kontoskapandet."},{"$i":"settings-account-delete-cancel","$v":"Avbryt"},{"$i":"settings-account-delete-confirm","$v":"Ta bort"},{"$i":"settings-account-clarify","$v":[{"t":"idOrVar","v":"account-name"}]},{"$i":"settings-account-clarify-imap","$v":[{"t":"idOrVar","v":"account-name"}," (IMAP)"]},{"$i":"settings-account-clarify-pop3","$v":[{"t":"idOrVar","v":"account-name"}," (POP3)"]},{"$i":"settings-account-clarify-smtp","$v":[{"t":"idOrVar","v":"account-name"}," (SMTP)"]},{"$i":"settings-general-section","$v":"Allmänna inställningar"},{"$i":"settings-show-images","$v":"Visa alltid bilder"},{"$i":"settings-download-attachments","$v":"Ladda ner bilagor"},{"$i":"settings-check-every-5min","$v":"Var 5:e minut"},{"$i":"settings-check-every-10min","$v":"Var 10:e minut"},{"$i":"settings-check-every-15min","$v":"Var 15:e minut"},{"$i":"settings-check-every-30min","$v":"Var 30:e minut"},{"$i":"settings-check-every-60min","$v":"Varje timme"},{"$i":"settings-check-every-manual","$v":"Manuellt"},{"$i":"settings-check-dynamic","$v":{"few":[{"t":"idOrVar","v":"n"}," sekunder"],"many":[{"t":"idOrVar","v":"n"}," sekunder"],"one":[{"t":"idOrVar","v":"n"}," sekund"],"other":[{"t":"idOrVar","v":"n"}," sekunder"],"two":[{"t":"idOrVar","v":"n"}," sekunder"],"zero":"inaktiverad"},"$x":[{"t":"idOrVar","v":"plural"},"n"]},{"$i":"settings-default-account","$v":"Ange som standard e-post"},{"$i":"settings-account-type","$v":"Kontotyp"},{"$i":"settings-account-credentials","$v":"Referenser"},{"$i":"settings-activesync-label","$v":"Information om ActiveSync-inställningar"},{"$i":"settings-imap-label","$v":"Information om IMAP-inställningar"},{"$i":"settings-pop3-label","$v":"Information om POP3-inställningar"},{"$i":"settings-smtp-label","$v":"Information om SMTP-inställningar"},{"$i":"settings-hostname","$v":"Värdnamn"},{"$i":"settings-port","$v":"Port"},{"$i":"settings-username","$v":"Användarnamn"},{"$i":"settings-password","$v":"Lösenord"},{"$i":"settings-save","$v":"Spara"},{"$i":"password-saved","$v":"Lösenordet sparat."},{"$i":"settings-reauth","$v":"Godkänn igen"},{"$i":"settings-account-synchronize-window","$v":"Dagar att synkronisera"},{"$i":"settings-account-synchronize-window-select","ariaLabel":"Dagar att synkronisera"},{"$i":"settings-synchronize-auto","$v":"Automatiskt"},{"$i":"settings-synchronize-one-day","$v":"1 dag"},{"$i":"settings-synchronize-three-days","$v":"3 dagar"},{"$i":"settings-synchronize-one-week","$v":"1 vecka"},{"$i":"settings-synchronize-two-weeks","$v":"2 veckor"},{"$i":"settings-synchronize-one-month","$v":"1 månad"},{"$i":"settings-synchronize-all","$v":"Alla meddelanden"},{"$i":"envelope-from","$v":"Från"},{"$i":"envelope-to","$v":"För att"},{"$i":"envelope-cc","$v":"Kopia"},{"$i":"envelope-bcc","$v":"Hemlig kopia"},{"$i":"message-header-state-sending","ariaLabel":"Skicka"},{"$i":"message-header-state-error","ariaLabel":"Det gick inte att skicka"},{"$i":"message-header-unread","ariaLabel":"Oläst"},{"$i":"message-header-reply","ariaLabel":"Svara"},{"$i":"message-header-forward","ariaLabel":"Vidarebefordra"},{"$i":"message-header-starred","ariaLabel":"Har stjärna"},{"$i":"message-header-attachments","ariaLabel":"Har bifogade filer"},{"$i":"message-body-container","ariaLabel":"Meddelandetext"},{"$i":"message-body-container-progress","ariaValueText":"Läser in"},{"$i":"subject","ariaLabel":"Ämne"},{"$i":"attachments-container","ariaLabel":"Bilagor"},{"$i":"from-group","ariaLabel":"Från"},{"$i":"to-group","ariaLabel":"För att"},{"$i":"cc-group","ariaLabel":"Kopia"},{"$i":"bcc-group","ariaLabel":"Hemlig kopia"},{"$i":"compose-header","$v":"Skriv meddelande"},{"$i":"compose-header-short","$v":"Skriv"},{"$i":"compose-send","$v":"Skicka"},{"$i":"compose-send-button","ariaLabel":"Skicka"},{"$i":"compose-to","$v":"Till"},{"$i":"compose-cc","$v":"Kopia"},{"$i":"compose-bcc","$v":"Hemlig kopia"},{"$i":"compose-cc-remove","$v":"Listan för kopia har tagits bort."},{"$i":"compose-bcc-remove","$v":"Listan för hemlig kopia har tagits bort."},{"$i":"compose-contact-add","ariaLabel":"Lägg till kontakt"},{"$i":"compose-attachments","$v":{"few":["Bilagor (",{"t":"idOrVar","v":"n"},")"],"many":["Bilagor (",{"t":"idOrVar","v":"n"},")"],"one":["Bilaga (",{"t":"idOrVar","v":"n"},")"],"other":["Bilagor (",{"t":"idOrVar","v":"n"},")"],"two":["Bilagor (",{"t":"idOrVar","v":"n"},")"],"zero":"Bilaga"},"$x":[{"t":"idOrVar","v":"plural"},"n"]},{"$i":"compose-text","ariaLabel":"Redigera"},{"$i":"compose-attachment-still-working","$v":"Ett ögonblick arbetar fortfarande med föregående bilaga ..."},{"$i":"compose-attachment-loading","$v":"Läser in bilagan ..."},{"$i":"compose-attachments-loading","$v":"Laddar bilagor ..."},{"$i":"compose-forward-attachment-error-title","$v":"Nedladdning misslyckades."},{"$i":"compose-forward-attachment-error-title2","$v":"Fel"},{"$i":"compose-forward-attachment-unable-load","$v":"Bilagan kan inte läsas in."},{"$i":"compose-forward-attachments-unable-load","$v":"Bilagorna kan inte läsas in."},{"$i":"compose-forward-attachment-load-error","$v":"Vissa bilagor kunde inte läsas in."},{"$i":"confirmation-title","$v":"Bekräftelse"},{"$i":"compose-subject","$v":"Ämne"},{"$i":"compose-draft-save","$v":"Spara till Lokala utkast?"},{"$i":"compose-discard-confirm","$v":"Kasta bort"},{"$i":"compose-draft-dialog-cancel","$v":"Avbryt"},{"$i":"compose-draft-dialog-save","$v":"Spara"},{"$i":"composer-draft-saved","$v":"Utkast sparat."},{"$i":"attention","$v":"Obs!"},{"$i":"compose-send-message-failed","$v":"Det gick inte att skicka e-post"},{"$i":"compose-attchment-size-exceeded","$v":"Bilagan är för stor för att skicka med meddelandet."},{"$i":"compose-attchments-size-exceeded","$v":"Bilagor för stora för att skicka med meddelande."},{"$i":"composer-attachment-large-title","$v":"Filen är för stor"},{"$i":"default-attachment-filename","$v":["bilaga",{"t":"idOrVar","v":"n"}]},{"$i":"attachment-size-meb","$v":[{"t":"idOrVar","v":"megabytes"}," MB"]},{"$i":"attachment-size-kib","$v":[{"t":"idOrVar","v":"kilobytes"}," KB"]},{"$i":"attachment-size-byte","$v":[{"t":"idOrVar","v":"bytes"}," B"]},{"$i":"message-attachment-view","$v":"Visa"},{"$i":"message-attachment-did-not-open-label","$v":"Det går inte att öppna"},{"$i":"message-attachment-did-not-open-body","$v":"Enheten har inte en app som kan öppna bilagan."},{"$i":"message-attachment-too-large","$v":"Den här filen är för stor att ladda ner."},{"$i":"message-attachment-not-found","$v":"Bilagefilen hittades inte, ladda ner igen?"},{"$i":"message-attachment-download-fail","$v":[{"t":"idOrVar","v":"fileName"}," -Nedladdning misslyckades"]},{"$i":"message-no-subject","$v":"(inget ämne)"},{"$i":"message-edit-menu-edit","$v":"Redigera"},{"$i":"message-edit-menu-delete","$v":"Ta bort"},{"$i":"message-edit-delete-confirm","$v":"Ta bort e-postmeddelande?"},{"$i":"message-forward-attachment-title","$v":"Bilaga"},{"$i":"message-forward-attachment","$v":"Vill du även vidarebefordra bilagan?"},{"$i":"message-forward-attachments","$v":"Vill du även vidarebefordra bilagorna?"},{"$i":"message-multiedit-header","$v":{"few":[{"t":"idOrVar","v":"n"}," valda"],"many":[{"t":"idOrVar","v":"n"}," valda"],"one":[{"t":"idOrVar","v":"n"}," valda"],"other":[{"t":"idOrVar","v":"n"}," valda"],"two":[{"t":"idOrVar","v":"n"}," valda"],"zero":[{"t":"idOrVar","v":"n"}," valda"]},"$x":[{"t":"idOrVar","v":"plural"},"n"]},{"$i":"message-multiedit-search-header","$v":{"few":[{"t":"idOrVar","v":"n"}," valda"],"many":[{"t":"idOrVar","v":"n"}," valda"],"one":[{"t":"idOrVar","v":"n"}," valda"],"other":[{"t":"idOrVar","v":"n"}," valda"],"two":[{"t":"idOrVar","v":"n"}," valda"],"zero":"0 vald"},"$x":[{"t":"idOrVar","v":"plural"},"n"]},{"$i":"browse-to-url-prompt","$v":["Bläddra till URL?: ",{"t":"idOrVar","v":"url"}]},{"$i":"message-download-images-tap","$v":{"few":["Det här e-postmeddelandet innehåller ",{"t":"idOrVar","v":"n"}," bilder. Tryck för att ladda ner."],"many":["Det här e-postmeddelandet innehåller ",{"t":"idOrVar","v":"n"}," bilder. Tryck för att ladda ner."],"one":"Det här e-postmeddelandet innehåller en bild. Tryck för att ladda ner.","other":["Det här e-postmeddelandet innehåller ",{"t":"idOrVar","v":"n"}," bilder. Tryck för att ladda ner."],"two":["Det här e-postmeddelandet innehåller ",{"t":"idOrVar","v":"n"}," bilder. Tryck för att ladda ner."]},"$x":[{"t":"idOrVar","v":"plural"},"n"]},{"$i":"message-show-external-images","$v":"Visa externa bilder"},{"$i":"message-delete-cancel","$v":"Avbryt"},{"$i":"message-multiedit-delete-confirm","$v":{"few":["Ta bort ",{"t":"idOrVar","v":"n"}," meddelanden?"],"many":["Ta bort ",{"t":"idOrVar","v":"n"}," meddelanden?"],"one":"Ta bort valt meddelande?","other":["Ta bort ",{"t":"idOrVar","v":"n"}," meddelanden?"],"two":["Ta bort ",{"t":"idOrVar","v":"n"}," meddelanden?"]},"$x":[{"t":"idOrVar","v":"plural"},"n"]},{"$i":"message-large-message-cancel","$v":"Avbryt"},{"$i":"message-large-message-ok","$v":"Fortsätt"},{"$i":"message-large-message-confirm","$v":"Det här meddelandet är stort och det kan ta lite tid att ladda ner."},{"$i":"message-large-message-warning","$v":"Meddelandet är för stort för att ladda."},{"$i":"message-search-header","$v":"Sök"},{"$i":"search-result","$v":["E-postmeddelanden(",{"t":"idOrVar","v":"num"},")"]},{"$i":"message-search-from","$v":"Från"},{"$i":"message-search-to","$v":"För att"},{"$i":"message-search-subject","$v":"Ämne"},{"$i":"message-search-body","$v":"Brödtext"},{"$i":"message-search-all","$v":"Alla"},{"$i":"message-search-input","placeholder":"Sök i e-post"},{"$i":"message-search-cancel","$v":"Avbryt"},{"$i":"messages-syncing","$v":"Läser in meddelanden"},{"$i":"messages-syncing-progressbar","ariaValueText":"Läser in meddelanden"},{"$i":"messages-load-more","$v":"Ladda fler meddelanden"},{"$i":"messages-folder-empty","$v":"Ingen e-post i den här mappen"},{"$i":"messages-search-empty","$v":"Inga träffar i lokalt cachelagrade meddelanden"},{"$i":"messages-folder-select","$v":"Flytta till mapp"},{"$i":"messages-folder-unread-max","$v":"999+"},{"$i":"message-contact-menu-create","$v":"Skapa ny kontakt"},{"$i":"message-contact-menu-add-existing","$v":"Lägg till i befintlig kontakt"},{"$i":"message-contact-menu-view","$v":"Visa kontakt"},{"$i":"message-contact-menu-reply","$v":"Svara"},{"$i":"message-contact-menu-new","$v":"Skicka nytt e-postmeddelande"},{"$i":"message-reply-menu-reply","$v":"Svara"},{"$i":"message-reply-menu-reply-all","$v":"Svara alla"},{"$i":"message-reply-menu-forward","$v":"Vidarebefordra"},{"$i":"message-reply-menu-cancel","$v":"Avbryt"},{"$i":"reply-quoting-wrote","$v":"{name} skrev"},{"$i":"forward-original-message","$v":"Ursprungligt meddelande"},{"$i":"forward-header-subject","$v":"Ämne"},{"$i":"forward-header-date","$v":"Datum"},{"$i":"forward-header-from","$v":"Från"},{"$i":"forward-header-reply-to","$v":"Svara till"},{"$i":"forward-header-to","$v":"För att"},{"$i":"forward-header-cc","$v":"Kopia"},{"$i":"folder-inbox","$v":"Inkorg"},{"$i":"folder-sent","$v":"Skickat"},{"$i":"folder-drafts","$v":"Utkast"},{"$i":"folder-trash","$v":"Papperskorg"},{"$i":"folder-queue","$v":"Ej skickat"},{"$i":"folder-junk","$v":"Skräp"},{"$i":"folder-archives","$v":"Arkiv"},{"$i":"folder-localdrafts","$v":"Lokala utkast"},{"$i":"folder-outbox","$v":"Utkorg"},{"$i":"drawer-back","$v":"Tillbaka"},{"$i":"drawer-accounts-header","$v":"Konton"},{"$i":"drawer-settings-link","$v":"Inställningar"},{"$i":"folder-last-synced-label","$v":"Senaste synkronisering:"},{"$i":"messages-refresh-progress","ariaValueText":"Uppdatera"},{"$i":"no-internet-connection","$v":"Ingen internetanslutning."},{"$i":"toaster-undo","$v":"Ångra"},{"$i":"toaster-message-star","$v":{"one":"E-post markerad.","few":[{"t":"idOrVar","v":"n"}," e-postmeddelanden har flaggats."],"many":[{"t":"idOrVar","v":"n"}," e-postmeddelanden har flaggats."],"other":[{"t":"idOrVar","v":"n"}," e-postmeddelanden har flaggats."],"two":[{"t":"idOrVar","v":"n"}," e-postmeddelanden har flaggats."]},"$x":[{"t":"idOrVar","v":"plural"},"n"]},{"$i":"toaster-message-unstar","$v":{"one":"E-postflaggan har tagits bort.","few":[{"t":"idOrVar","v":"n"}," e-postflaggor borttagna."],"many":[{"t":"idOrVar","v":"n"}," e-postflaggor borttagna."],"other":[{"t":"idOrVar","v":"n"}," e-postflaggor borttagna."],"two":[{"t":"idOrVar","v":"n"}," e-postflaggor borttagna."]},"$x":[{"t":"idOrVar","v":"plural"},"n"]},{"$i":"toaster-message-read","$v":{"one":"E-post markerad som läst.","few":[{"t":"idOrVar","v":"n"}," e-postmeddelanden har markerats som lästa."],"many":[{"t":"idOrVar","v":"n"}," e-postmeddelanden har markerats som lästa."],"other":[{"t":"idOrVar","v":"n"}," e-postmeddelanden har markerats som lästa."],"two":[{"t":"idOrVar","v":"n"}," e-postmeddelanden har markerats som lästa."]},"$x":[{"t":"idOrVar","v":"plural"},"n"]},{"$i":"toaster-message-unread","$v":{"one":"E-post markerad som oläst.","few":[{"t":"idOrVar","v":"n"}," e-postmeddelanden har markerats som olästa."],"many":[{"t":"idOrVar","v":"n"}," e-postmeddelanden har markerats som olästa."],"other":[{"t":"idOrVar","v":"n"}," e-postmeddelanden har markerats som olästa."],"two":[{"t":"idOrVar","v":"n"}," e-postmeddelanden har markerats som olästa."]},"$x":[{"t":"idOrVar","v":"plural"},"n"]},{"$i":"toaster-message-move","$v":{"one":"E-post flyttas till mappen","few":[{"t":"idOrVar","v":"n"}," e-postmeddelanden flyttades till mappen"],"many":[{"t":"idOrVar","v":"n"}," e-postmeddelanden flyttades till mappen"],"other":[{"t":"idOrVar","v":"n"}," e-postmeddelanden flyttades till mappen"],"two":[{"t":"idOrVar","v":"n"}," e-postmeddelanden flyttades till mappen"]},"$x":[{"t":"idOrVar","v":"plural"},"n"]},{"$i":"toaster-message-delete","$v":{"one":"E-post raderad.","few":[{"t":"idOrVar","v":"n"}," e-postmeddelanden raderade."],"many":[{"t":"idOrVar","v":"n"}," e-postmeddelanden raderade."],"other":[{"t":"idOrVar","v":"n"}," e-postmeddelanden raderade."],"two":[{"t":"idOrVar","v":"n"}," e-postmeddelanden raderade."]},"$x":[{"t":"idOrVar","v":"plural"},"n"]},{"$i":"toaster-sync-failed","$v":"Det går inte att ansluta till servern."},{"$i":"compose-invalid-addresses-title","$v":"Ogiltiga adresser"},{"$i":"compose-invalid-addresses-description","$v":"Ditt meddelande innehåller en eller flera ogiltiga e-postadresser. Korrigera dem innan de skickas."},{"$i":"background-send-pending","$v":"Ingen internetanslutning. E-post sparad i utkorgen."},{"$i":"background-send-sending","$v":"Skickar…"},{"$i":"background-send-success","$v":"E-post skickad."},{"$i":"background-send-error","$v":"Sändningsfel. E-post sparad i utkorgen."},{"$i":"background-send-error-recipients","$v":"Mottagarfel. E-post sparad i utkorgen."},{"$i":"background-send-error-title","$v":"Det gick inte att skicka e-posten"},{"$i":"send-failure-recipients","$v":"Kontrollera stavningen på adresserna ovan. E-postservern angav att en eller flera av adresserna ovan är felaktiga."},{"$i":"send-failure-unknown","$v":"Meddelandet kunde inte skickas."},{"$i":"form-clear-input","$v":"Ta bort text"},{"$i":"confirm-dialog-title","$v":"Bekräftelse"},{"$i":"confirm-dialog-ok","$v":"OK"},{"$i":"msg-display-subject","$v":"Ämne"},{"$i":"msg-reader-display-attachments","$v":"Bilagor"},{"$i":"msg-reader-display-attachment","$v":"Bilaga"},{"$i":"msg-reader-download-external-images","$v":["Ladda ner externa bilder (",{"t":"idOrVar","v":"n"}," MB)"]},{"$i":"msg-reader-sender-header","$v":"Avsändare"},{"$i":"msg-reader-recipients-header","$v":"Mottagare"},{"$i":"msg-reader-cc-header","$v":"Kopia"},{"$i":"msg-reader-bcc-header","$v":"Hemlig kopia"},{"$i":"msg-reader-message-flagged","$v":"Meddelandet flaggades"},{"$i":"msg-reader-flag-removed","$v":"Flaggan borttagen"},{"$i":"external-image-downloading","$v":"Hämtar ..."},{"$i":"senders-separation-sign","$v":", "},{"$i":"new-messages","$v":{"few":[{"t":"idOrVar","v":"n"}," Nya meddelanden"],"many":[{"t":"idOrVar","v":"n"}," Nya meddelanden"],"one":"1 nytt meddelande","other":[{"t":"idOrVar","v":"n"}," Nya meddelanden"],"two":[{"t":"idOrVar","v":"n"}," Nya meddelanden"]},"$x":[{"t":"idOrVar","v":"plural"},"n"]},{"$i":"new-emails-notify-one-account","$v":{"few":[{"t":"idOrVar","v":"n"}," Nya e-postmeddelanden"],"many":[{"t":"idOrVar","v":"n"}," Nya e-postmeddelanden"],"one":"1 nytt e-postmeddelande","other":[{"t":"idOrVar","v":"n"}," Nya e-postmeddelanden"],"two":[{"t":"idOrVar","v":"n"}," Nya e-postmeddelanden"]},"$x":[{"t":"idOrVar","v":"plural"},"n"]},{"$i":"new-emails-notify-multiple-accounts","$v":{"few":[{"t":"idOrVar","v":"n"}," Nya e-postmeddelanden (",{"t":"idOrVar","v":"accountName"},")"],"many":[{"t":"idOrVar","v":"n"}," Nya e-postmeddelanden (",{"t":"idOrVar","v":"accountName"},")"],"one":["1 nytt e-postmeddelande (",{"t":"idOrVar","v":"accountName"},")"],"other":[{"t":"idOrVar","v":"n"}," Nya e-postmeddelanden (",{"t":"idOrVar","v":"accountName"},")"],"two":[{"t":"idOrVar","v":"n"}," Nya e-postmeddelanden (",{"t":"idOrVar","v":"accountName"},")"]},"$x":[{"t":"idOrVar","v":"plural"},"n"]},{"$i":"new-emails-notify-multiple-accounts-body","$v":[{"t":"idOrVar","v":"from"}," “",{"t":"idOrVar","v":"subject"},"”"]},{"$i":"tng-plain-socket-warning-title","$v":"Är du säker?"},{"$i":"tng-plain-socket-warning-message","$v":"Andra personer kan kanske se dina lösenord och e-postmeddelanden eller kontrollera ditt konto."},{"$i":"tng-plain-socket-warning-message-options","$v":"Det finns flera e-postleverantörer gratis som erbjuder säkrare, krypterade anslutningar."},{"$i":"tng-plain-socket-warning-ok","$v":"Jag förstår"},{"$i":"message-reader-date-received","ariaLabel":"Mottaget"},{"$i":"sort-by-title","$v":"Sortera via"},{"$i":"sort-by-date","$v":"Datum"},{"$i":"sort-by-from","$v":"Från"},{"$i":"sort-by-to","$v":"För att"},{"$i":"sort-by-subject","$v":"Ämne"},{"$i":"softkey-options","$v":"Alternativ"},{"$i":"opt-compose","$v":"Skriv"},{"$i":"opt-reply","$v":"Svara"},{"$i":"opt-reply-all","$v":"Svara alla"},{"$i":"opt-forward","$v":"Vidarebefordra"},{"$i":"opt-mark-read","$v":"Markera som läst"},{"$i":"opt-mark-unread","$v":"Markera som oläst"},{"$i":"opt-add-flag","$v":"Lägg till flagga"},{"$i":"opt-remove-flag","$v":"Ta bort flaggan"},{"$i":"opt-move-message","$v":"Flytta till mapp"},{"$i":"opt-delete-message","$v":"Ta bort"},{"$i":"opt-multi-select","$v":"Markera flera"},{"$i":"opt-search","$v":"Sök"},{"$i":"opt-folders","$v":"Visa mappar"},{"$i":"opt-sort","$v":"Sortera"},{"$i":"opt-sync","$v":"Synkronisera"},{"$i":"opt-account","$v":"Byt konto"},{"$i":"opt-settings","$v":"Inställningar"},{"$i":"opt-edit","$v":"Redigera"},{"$i":"opt-cancel","$v":"Avbryt"},{"$i":"opt-save","$v":"Spara"},{"$i":"opt-move","$v":"Flytta"},{"$i":"opt-view","$v":"Visa"},{"$i":"opt-empty-trash","$v":"Töm papperskorgen"},{"$i":"opt-call-number","$v":"Ringa"},{"$i":"opt-compose-mail","$v":"Skriv"},{"$i":"opt-open-url","$v":"Öppna"},{"$i":"select-option-on","$v":"På"},{"$i":"select-option-off","$v":"Av"},{"$i":"select-option-imap-smtp","$v":"IMAP+SMTP"},{"$i":"select-option-pop3-smtp","$v":"POP3+SMTP"},{"$i":"select-option-activesync","$v":"ActiveSync"},{"$i":"toaster-switch-account","$v":"E-postkontot byttes till:"},{"$i":"toaster-sorted-by","$v":"E-postmeddelanden sorterade efter"},{"$i":"cmp-reply","$v":"Svara"},{"$i":"cmp-reply-all","$v":"Svara alla"},{"$i":"cmp-forward","$v":"Vidarebefordra meddelande"},{"$i":"cmp-remove-attach","$v":"Den bifogade filen har tagits bort"},{"$i":"select","$v":"Markera"},{"$i":"deselect","$v":"Avmarkera"},{"$i":"cancel","$v":"Avbryt"},{"$i":"enter","$v":"Ange"},{"$i":"remove-attachment","$v":"Ta bort bilaga"},{"$i":"replace-attachment","$v":"Ersätt bilaga"},{"$i":"add-attachment","$v":"Lägg till bilaga"},{"$i":"add-contact","$v":"Lägg till kontakt"},{"$i":"add-cc","$v":"Lägg till kopia"},{"$i":"remove-cc","$v":"Ta bort kopia"},{"$i":"add-bcc","$v":"Lägg till hemlig kopia"},{"$i":"remove-bcc","$v":"Ta bort hemlig kopia"},{"$i":"attachment-download","$v":"Ladda ned"},{"$i":"attachment-share","$v":"Dela"},{"$i":"send-new-mail","$v":"Skicka nytt e-postmeddelande"},{"$i":"view-contact","$v":"Visa kontakt"},{"$i":"save-new-contact","$v":"Skapa ny kontakt"},{"$i":"add-to-exsiting-contact","$v":"Lägg till i befintlig kontakt"},{"$i":"no","$v":"Nej"},{"$i":"yes","$v":"Ja"},{"$i":"retry","$v":"Försök igen"},{"$i":"empty","$v":"Tomt"},{"$i":"empty-trash-confirm","$v":"Vill du tömma papperskorgen?"},{"$i":"trash-emptied","$v":"Papperskorgen tömdes"},{"$i":"next","$v":"Nästa"},{"$i":"welcome-header","$v":"E-post"},{"$i":"welcome-msg","$v":"Välkommen till E-post."},{"$i":"welcome-msg-setup","$v":"Tryck på Nästa för att ställa in ditt e-postkonto."},{"$i":"discard","$v":"Kasta bort"},{"$i":"leave-this-page-warning-message","$v":"Kassera information?"},{"$i":"finish","$v":"Slutför"},{"$i":"setup-done-msg","$v":"Du är nu inloggad. Vill du lägga till ett annat konto?"},{"$i":"save-as-draft","$v":"Spara som utkast"},{"$i":"show-password","$v":"Visa lösenord"},{"$i":"account-label","$v":"Kontonamn"},{"$i":"folders","$v":"Mappar"},{"$i":"security","$v":"Säkerhet"},{"$i":"port-number","$v":"Portnummer"},{"$i":"domain-username","$v":"Domän\\användarnamn"},{"$i":"synchronizing","$v":"Synkroniserar …"},{"$i":"browse-mail","$v":"Bläddra E-post"},{"$i":"never-sync","$v":"Lokal mapp kan inte synkronisera"},{"$i":"emptyDownloadFile","$v":"Kan inte ladda ned denna fil, den kan vara tom"},{"$i":"sync","$v":"Synkr."},{"$i":"outbox-unsent-label","$v":{"few":[{"t":"idOrVar","v":"n"}," oskickade meddelanden i Utkorgen"],"many":[{"t":"idOrVar","v":"n"}," oskickade meddelanden i Utkorgen"],"one":"1 oskickat meddelande i Utkorgen","other":[{"t":"idOrVar","v":"n"}," oskickade meddelanden i Utkorgen"],"two":"2 oskickade meddelande i Utkorgen"},"$x":[{"t":"idOrVar","v":"plural"},"n"]},{"$i":"storage-full-title","$v":"Lagringsutrymme fullt"},{"$i":"storage-full-warning","$v":"Du kan ta bort vissa multimediefiler eller hantera programdata för att skapa mer ledigt utrymme."},{"$i":"storage-full","$v":"Telefonens minne fullt."},{"$i":"storage-sdcard-full","$v":"SD-kortet är fullt."},{"$i":"view-address","$v":"Visa adress"},{"$i":"mail-address-title","$v":"E-postadress"},{"$i":"mail-address","$v":[{"t":"idOrVar","v":"address"}]},{"$i":"value-name","$v":[{"t":"idOrVar","v":"name"}]},{"$i":"account-deleted","$v":"Konto raderat."},{"$i":"account-reEnable","$v":"Kontot finns redan. Synkronisera konto?"},{"$i":"setup-account-usedInfo","$v":"Det här kontot kommer att användas av apparna nedan. Du kan ändra detta i Inställningar>Konto."},{"$i":"setup-account-settingsInfo","$v":"Alla appar har olika synkroniseringsintervall som standard. Kontrollera detta under appinställningarna."},{"$i":"app-calendar","$v":"Kalender"},{"$i":"app-contacts","$v":"Kontakter"},{"$i":"app-email","$v":"E-post"},{"$i":"sync-account-guide","$v":"Aktivera kontosynkronisering i Inställningar för att se e-post."},{"$i":"settings-account-sync","$v":"Synkronisera konto"},{"$i":"weekday-0-long","$v":"Söndag"},{"$i":"weekday-1-long","$v":"Måndag"},{"$i":"weekday-2-long","$v":"Tisdag"},{"$i":"weekday-3-long","$v":"Onsdag"},{"$i":"weekday-4-long","$v":"Torsdag"},{"$i":"weekday-5-long","$v":"Fredag"},{"$i":"weekday-6-long","$v":"Lördag"},{"$i":"weekday-0-short","$v":"Sön"},{"$i":"weekday-1-short","$v":"Mån"},{"$i":"weekday-2-short","$v":"Tis"},{"$i":"weekday-3-short","$v":"Ons"},{"$i":"weekday-4-short","$v":"Tor"},{"$i":"weekday-5-short","$v":"Fre"},{"$i":"weekday-6-short","$v":"Lör"},{"$i":"month-0-long","$v":"Januari"},{"$i":"month-1-long","$v":"Februari"},{"$i":"month-2-long","$v":"Mars"},{"$i":"month-3-long","$v":"April"},{"$i":"month-4-long","$v":"Maj"},{"$i":"month-5-long","$v":"Juni"},{"$i":"month-6-long","$v":"Juli"},{"$i":"month-7-long","$v":"Augusti"},{"$i":"month-8-long","$v":"September"},{"$i":"month-9-long","$v":"Oktober"},{"$i":"month-10-long","$v":"November"},{"$i":"month-11-long","$v":"December"},{"$i":"month-0-genitive","$v":"Januari"},{"$i":"month-1-genitive","$v":"Februari"},{"$i":"month-2-genitive","$v":"Mars"},{"$i":"month-3-genitive","$v":"April"},{"$i":"month-4-genitive","$v":"Maj"},{"$i":"month-5-genitive","$v":"Juni"},{"$i":"month-6-genitive","$v":"Juli"},{"$i":"month-7-genitive","$v":"Augusti"},{"$i":"month-8-genitive","$v":"September"},{"$i":"month-9-genitive","$v":"Oktober"},{"$i":"month-10-genitive","$v":"November"},{"$i":"month-11-genitive","$v":"December"},{"$i":"month-0-short","$v":"Jan"},{"$i":"month-1-short","$v":"Feb"},{"$i":"month-2-short","$v":"Mar"},{"$i":"month-3-short","$v":"Apr"},{"$i":"month-4-short","$v":"Maj"},{"$i":"month-5-short","$v":"Jun"},{"$i":"month-6-short","$v":"Jul"},{"$i":"month-7-short","$v":"Aug"},{"$i":"month-8-short","$v":"Sep"},{"$i":"month-9-short","$v":"Okt"},{"$i":"month-10-short","$v":"Nov"},{"$i":"month-11-short","$v":"Dec"},{"$i":"minutes-ago-long","$v":{"few":[{"t":"idOrVar","v":"value"}," minuter sedan"],"many":[{"t":"idOrVar","v":"value"}," minuter sedan"],"other":[{"t":"idOrVar","v":"value"}," minuter sedan"],"two":[{"t":"idOrVar","v":"value"}," minuter sedan"],"one":"en minut sedan","zero":"just nu"},"$x":[{"t":"idOrVar","v":"plural"},"value"]},{"$i":"hours-ago-long","$v":{"few":[{"t":"idOrVar","v":"value"}," timmar sedan"],"many":[{"t":"idOrVar","v":"value"}," timmar sedan"],"other":[{"t":"idOrVar","v":"value"}," timmar sedan"],"two":[{"t":"idOrVar","v":"value"}," timmar sedan"],"one":"1 timme sedan","zero":"just nu"},"$x":[{"t":"idOrVar","v":"plural"},"value"]},{"$i":"days-ago-long","$v":{"few":[{"t":"idOrVar","v":"value"}," dagar sedan"],"many":[{"t":"idOrVar","v":"value"}," dagar sedan"],"one":"igår","other":[{"t":"idOrVar","v":"value"}," dagar sedan"],"two":[{"t":"idOrVar","v":"value"}," dagar sedan"],"zero":"idag"},"$x":[{"t":"idOrVar","v":"plural"},"value"]},{"$i":"weeks-ago-long","$v":{"few":[{"t":"idOrVar","v":"value"}," veckor sedan"],"many":[{"t":"idOrVar","v":"value"}," veckor sedan"],"one":"förra veckan","other":[{"t":"idOrVar","v":"value"}," veckor sedan"],"two":[{"t":"idOrVar","v":"value"}," veckor sedan"],"zero":"den här veckan"},"$x":[{"t":"idOrVar","v":"plural"},"value"]},{"$i":"months-ago-long","$v":{"few":[{"t":"idOrVar","v":"value"}," månader sedan"],"many":[{"t":"idOrVar","v":"value"}," månader sedan"],"one":"förra månaden","other":[{"t":"idOrVar","v":"value"}," månader sedan"],"two":[{"t":"idOrVar","v":"value"}," månader sedan"],"zero":"den här månaden"},"$x":[{"t":"idOrVar","v":"plural"},"value"]},{"$i":"years-ago-long","$v":{"few":[{"t":"idOrVar","v":"value"}," år sedan"],"many":[{"t":"idOrVar","v":"value"}," år sedan"],"one":"förra året","other":[{"t":"idOrVar","v":"value"}," år sedan"],"two":[{"t":"idOrVar","v":"value"}," år sedan"],"zero":"det här året"},"$x":[{"t":"idOrVar","v":"plural"},"value"]},{"$i":"minutes-until-long","$v":{"few":["om ",{"t":"idOrVar","v":"value"}," minuter"],"many":["om ",{"t":"idOrVar","v":"value"}," minuter"],"other":["om ",{"t":"idOrVar","v":"value"}," minuter"],"two":["om ",{"t":"idOrVar","v":"value"}," minuter"],"zero":"nu","one":"på 1 minut"},"$x":[{"t":"idOrVar","v":"plural"},"value"]},{"$i":"hours-until-long","$v":{"few":["om ",{"t":"idOrVar","v":"value"}," timmar"],"many":["om ",{"t":"idOrVar","v":"value"}," timmar"],"other":["om ",{"t":"idOrVar","v":"value"}," timmar"],"two":["om ",{"t":"idOrVar","v":"value"}," timmar"],"zero":"nu","one":"om 1 timme"},"$x":[{"t":"idOrVar","v":"plural"},"value"]},{"$i":"days-until-long","$v":{"few":["om ",{"t":"idOrVar","v":"value"}," dagar"],"many":["om ",{"t":"idOrVar","v":"value"}," dagar"],"one":"imorgon","other":["om ",{"t":"idOrVar","v":"value"}," dagar"],"two":["om ",{"t":"idOrVar","v":"value"}," dagar"],"zero":"idag"},"$x":[{"t":"idOrVar","v":"plural"},"value"]},{"$i":"weeks-until-long","$v":{"few":["om ",{"t":"idOrVar","v":"value"}," veckor"],"many":["om ",{"t":"idOrVar","v":"value"}," veckor"],"one":"nästa vecka","other":["om ",{"t":"idOrVar","v":"value"}," veckor"],"two":["om ",{"t":"idOrVar","v":"value"}," veckor"],"zero":"den här veckan"},"$x":[{"t":"idOrVar","v":"plural"},"value"]},{"$i":"months-until-long","$v":{"few":["om ",{"t":"idOrVar","v":"value"}," månader"],"many":["om ",{"t":"idOrVar","v":"value"}," månader"],"one":"nästa månad","other":["om ",{"t":"idOrVar","v":"value"}," månader"],"two":["om ",{"t":"idOrVar","v":"value"}," månader"],"zero":"den här månaden"},"$x":[{"t":"idOrVar","v":"plural"},"value"]},{"$i":"years-until-long","$v":{"few":["om ",{"t":"idOrVar","v":"value"}," år"],"many":["om ",{"t":"idOrVar","v":"value"}," år"],"one":"nästa år","other":["om ",{"t":"idOrVar","v":"value"}," år"],"two":["om ",{"t":"idOrVar","v":"value"}," år"],"zero":"det här året"},"$x":[{"t":"idOrVar","v":"plural"},"value"]},{"$i":"minutes-ago-short","$v":{"other":[{"t":"idOrVar","v":"value"}," m sedan"],"zero":"just nu"},"$x":[{"t":"idOrVar","v":"plural"},"value"]},{"$i":"hours-ago-short","$v":{"other":[{"t":"idOrVar","v":"value"}," tim. sedan"],"zero":"just nu"},"$x":[{"t":"idOrVar","v":"plural"},"value"]},{"$i":"days-ago-short","$v":{"other":[{"t":"idOrVar","v":"value"}," d sedan"],"zero":"idag"},"$x":[{"t":"idOrVar","v":"plural"},"value"]},{"$i":"minutes-until-short","$v":{"other":["om ",{"t":"idOrVar","v":"value"}," min."],"zero":"nu"},"$x":[{"t":"idOrVar","v":"plural"},"value"]},{"$i":"hours-until-short","$v":{"other":["om ",{"t":"idOrVar","v":"value"}," tim."],"zero":"nu"},"$x":[{"t":"idOrVar","v":"plural"},"value"]},{"$i":"days-until-short","$v":{"other":["om ",{"t":"idOrVar","v":"value"}," dag"],"zero":"idag"},"$x":[{"t":"idOrVar","v":"plural"},"value"]},{"$i":"incorrectDate","$v":"(fel datum)"},{"$i":"dateTimeFormat_%c","$v":"%a %b %e %Y %I:%M:%S %p"},{"$i":"dateTimeFormat_%x","$v":"%m/%d/%Y"},{"$i":"dateTimeFormat_%X","$v":"%I:%M:%S %p"},{"$i":"shortTimeFormat","$v":"%I:%M %p"},{"$i":"shortTimeFormat12","$v":"%I:%M %p"},{"$i":"shortTimeFormat24","$v":"%H:%M"},{"$i":"shortDateTimeFormat","$v":"%x %I:%M %p"},{"$i":"weekStartsOnMonday","$v":"0.0"},{"$i":"firstDayOfTheWeek","$v":"1.0"},{"$i":"time_am","$v":"am"},{"$i":"time_pm","$v":"PM"}]