[{"$i":"setup-app-name-header","$v":"மெயில்"},{"$i":"setup-empty-account-message","$v":"இமெயில்-ஐ அனுப்ப அல்லது பெற நீங்கள் அமைக்கப்படவில்லை.செயலை முடிக்க ஒரு அக்கவுண்ட்-ஐ அமைக்கவும்."},{"$i":"setup-pick-service","$v":"இமெயில் அனுப்ப மற்றும் பெற, நீங்கள் ஒரு அக்கவுண்ட்-ஐ அமைக்க வேண்டும்."},{"$i":"setup-account-header3","$v":"கணக்கு உள்நுழைவு"},{"$i":"setup-account-password","$v":"பாஸ்வெர்ட்"},{"$i":"setup-info-next","$v":"அடுத்த"},{"$i":"setup-progress-wait-msg","$v":"அக்கவுண்ட்-ஐ அமைத்தல்"},{"$i":"setup-sync-progress-wait-msg","$v":"கணக்கை சின்க் செய்கிறது"},{"$i":"setup-completed-header","$v":"வாழ்த்துக்கள்!"},{"$i":"setup-completed-label","$v":"அனைத்தும் முடிந்தது!"},{"$i":"setup-add-another-account","$v":"மற்றொரு அக்கவுண்ட்-ஐ சேர்க்கவும்"},{"$i":"setup-show-mail","$v":"மெயில்-ஐ தொடரவும்"},{"$i":"setup-done-add","$v":"அக்கவுண்ட் சேர்"},{"$i":"setup-error-offline","$v":"இன்டர்நெட் இணைப்பு இல்லை."},{"$i":"setup-error-bad-user-or-pass2","$v":"தவறான மின்னஞ்சல் முகவரி அல்லது கடவுச்சொல்."},{"$i":"setup-error-bad-address","$v":"தவறான மின்னஞ்சல் முகவரி."},{"$i":"setup-error-not-authorized","$v":"கணக்கை உருவாக்க அங்கீகரிக்கப்படவில்லை."},{"$i":"setup-error-pop-server-not-great","$v":"POP3 சர்வர் தேவையான அம்சங்களை ஆதரிக்கவில்லை."},{"$i":"setup-error-unknown2","$v":"ஒரு அறியப்படாத பிழை ஏற்பட்டுள்ளது.நெட்வொர்க் இணைப்பைச் சரிபார்க்கவும் அல்லது மேனுவல் கட்டமைப்பு விருப்பத்தை முயற்சிக்கவும்."},{"$i":"setup-error-needs-app-pass","$v":"இரு-காரணி ஜிமெயில் கணக்குகளுக்கு அப்ளிகேஷன் சார்ந்த கடவுச்சொல்லைப் பயன்படுத்த வேண்டும்."},{"$i":"setup-error-imap-disabled","$v":"உங்கள் ஜிமெயில் கணக்கிற்கு IMAP -ஐ கட்டாயமாக இயக்க வேண்டும்."},{"$i":"setup-error-pop3-disabled","$v":"உங்கள் ஜிமெயில் கணக்கிற்கு POP3 -ஐ கட்டாயமாக இயக்க வேண்டும்."},{"$i":"setup-error-bad-security","$v":[{"t":"idOrVar","v":"server"},"\" உடன் பாதுகாப்பான இணைப்பை ஏற்படுத்த முடியவில்லை. உங்கள் நெட்வொர்க் அல்லது சர்வரில் சிக்கல் இருக்கக்கூடும்."]},{"$i":"setup-error-unresponsive-server","$v":[{"t":"idOrVar","v":"server"},"\" உடன் இணைப்பை ஏற்படுத்த முடியவில்லை. நெட்வொர்க்கில் சிக்கல் இருக்கக்கூடும்."]},{"$i":"setup-error-server-problem","$v":[{"t":"idOrVar","v":"server"},"\" சர்வர்-இல் ஒரு பிரச்சனை உள்ளது. பின்னர் மீண்டும் முயற்சிக்கவும்."]},{"$i":"setup-error-no-config-info","$v":"கட்டமைப்பு தோல்வியடைந்தது. இமெயில் முகவரியை சரிபார்க்கவும் அல்லது மேனுவல் கட்டமைப்பு விருப்பத்தை முயற்சிக்கவும்."},{"$i":"setup-error-server-maintenance","$v":["சர்வர் \"",{"t":"idOrVar","v":"server"},"\" பராமரிப்புக்காக ஆஃப்லைனில் உள்ளது. பின்னர் மீண்டும் முயற்சிக்கவும்."]},{"$i":"setup-error-account-already-exists","$v":"கணக்கு ஏற்கனவே உள்ளது."},{"$i":"setup-manual-config2","$v":"மேம்பட்டது"},{"$i":"setup-manual-config-header","$v":"கணக்கு உள்நுழைவு"},{"$i":"setup-manual-account-type-header","$v":"அக்கவுண்ட் வகை"},{"$i":"setup-manual-account-type","$v":"அக்கவுண்ட் வகை"},{"$i":"setup-manual-account-type-select","ariaLabel":"அக்கவுண்ட் வகை"},{"$i":"setup-manual-imap-header","$v":"IMAP செட்டிங்ஸ்"},{"$i":"setup-manual-pop3-header","$v":"POP3 செட்டிங்ஸ்"},{"$i":"setup-manual-smtp-header","$v":"SMTP செட்டிங்ஸ்"},{"$i":"setup-manual-activesync-header","$v":"ActiveSync செட்டிங்ஸ்"},{"$i":"setup-manual-next","$v":"அடுத்த"},{"$i":"setup-manual-socket","$v":"சாகேட் வகை"},{"$i":"setup-manual-socket-ssl","$v":"SSL"},{"$i":"setup-manual-socket-starttls","$v":"STARTTLS"},{"$i":"setup-manual-socket-select","ariaLabel":"கனெக்ஷன் செக்யூரிட்டி"},{"$i":"setup-manual-socket-plain","$v":"அன்என்கிரிப்டட்"},{"$i":"setup-bad-password-header","$v":"தவறான பாஸ்வெர்ட்"},{"$i":"setup-bad-password","$v":"சர்வர்-இல் உள்நுழைய முடியவில்லை, தயவுசெய்து உங்கள் பாஸ்வோர்ட் சரியானதா என்பதை உறுதிப்படுத்தவும்."},{"$i":"setup-new-password","placeholder":"புதிய பாஸ்வோர்ட்"},{"$i":"setup-fix-password","$v":"புதிய பாஸ்வோர்ட்-ஐ கொண்டு மீண்டும் முயற்சிக்கவும்"},{"$i":"setup-gmail-twofactor-header","$v":"டூ -பேக்டர் செயல்படுத்தப்பட்டது"},{"$i":"setup-gmail-twofactor-message","$v":"நீங்கள் கீழே அப்ளிகேஷன்-ஸ்பெசிபிக் பாஸ்வோர்ட்-ஐ உள்ளிடவும்."},{"$i":"setup-gmail-imap-header","$v":"IMAP முடக்கப்பட்டது"},{"$i":"setup-gmail-imap-message","$v":"நீங்கள் கண்டிப்பாக உங்கள் ஜிமெயில் அக்கவுண்ட்-இல் IMAP-ஐ செயல்படுத்த வேண்டும்"},{"$i":"setup-gmail-retry","$v":"மீண்டும் முயலவும்"},{"$i":"setup-gmail-pop3-header","$v":"POP3 முடக்கப்பட்டது"},{"$i":"setup-gmail-pop3-message","$v":"உங்கள் ஜிமெயில் அக்கவுண்ட்-இல் POP3 -ஐ நீங்கள் கண்டிப்பாக செயல்படுத்த வேண்டும்"},{"$i":"setup-fix-oauth2-header","$v":"இமெயில்-ஐ மீண்டும் அங்கீகரிக்கவும்"},{"$i":"setup-fix-oauth2-description","$v":"பின்வரும் அக்கவுண்ட்-ஐ அக்சஸ் செய்ய இமெயில் மீண்டும் அங்கீகாரம் பெற வேண்டும்:"},{"$i":"setup-fix-oauth2-reauthorize","$v":"மறுஅங்கீகாரம்"},{"$i":"settings-main-header","$v":"இமெயில் செட்டிங்ஸ்"},{"$i":"settings-sub-header-account","$v":"அக்கவுண்ட்"},{"$i":"settings-account-group","ariaLabel":"அக்கவுண்ட்"},{"$i":"settings-account-name","$v":"உங்கள் பெயர்"},{"$i":"settings-account-label","$v":"அக்கவுண்ட் பெயர்"},{"$i":"settings-account-display-notifications","$v":"புதிய இமெயில் அறிவிப்புகளை காண்பிக்கவும்"},{"$i":"settings-account-play-sound-onsend","$v":"செய்தியை அனுப்பிய பிறகு ஒலியை இயக்கவும்"},{"$i":"settings-account-signature-label","$v":"கையொப்பம்"},{"$i":"settings-sub-header-data","$v":"டேட்டா"},{"$i":"settings-data-group","ariaLabel":"டேட்டா"},{"$i":"settings-account-check-mail","$v":"புதிய செய்திகளை சரிபார்க்கவும்"},{"$i":"settings-account-check-mail-select","ariaLabel":"புதிய செய்திகளை சரிபார்க்கவும்"},{"$i":"settings-sub-header-server","$v":"சர்வர் செட்டிங்ஸ்"},{"$i":"settings-server-group","ariaLabel":"சர்வர் செட்டிங்ஸ்"},{"$i":"settings-account-userpass","$v":"யூசர்நேம் மற்றும் பாஸ்வோர்ட்"},{"$i":"settings-account-useroauth2","$v":"யூசர்நேம்"},{"$i":"settings-default-signature-2","$v":"என் போன்-இலிருந்து அனுப்பப்பட்டது"},{"$i":"settings-done","$v":"முடிந்தது"},{"$i":"settings-account-section","$v":"அக்கவுண்ட்கள்"},{"$i":"settings-account-listbox","ariaLabel":"அக்கவுண்ட்கள்"},{"$i":"settings-account-add","$v":"சேர்க்கவும்"},{"$i":"settings-account-delete","$v":"அக்கவுண்ட்-ஐ நீக்குகவும்"},{"$i":"settings-account-delete-prompt","$v":"நீங்கள் இந்தக் கணக்கை நீக்கினால், அதைப் பயன்படுத்தும் ஆப்களும் பாதிக்கப்படும்."},{"$i":"settings-account-delete-desc","$v":"நீங்கள் அக்கவுண்ட்-ஐ மீண்டும் உருவாக்கினால், உங்கள் மெயில்-ஐ நீங்கள் மீண்டும் டவுன்லோட் செய்ய வேண்டியிருக்கும்."},{"$i":"settings-account-delete-cancel","$v":"ரத்து செய்க"},{"$i":"settings-account-delete-confirm","$v":"நீக்கு"},{"$i":"settings-account-clarify","$v":[{"t":"idOrVar","v":"account-name"}]},{"$i":"settings-account-clarify-imap","$v":[{"t":"idOrVar","v":"account-name"}," (IMAP)"]},{"$i":"settings-account-clarify-pop3","$v":[{"t":"idOrVar","v":"account-name"}," (POP3)"]},{"$i":"settings-account-clarify-smtp","$v":[{"t":"idOrVar","v":"account-name"}," (SMTP)"]},{"$i":"settings-general-section","$v":"பொதுவான செட்டிங்ஸ்"},{"$i":"settings-show-images","$v":"எப்போதும் படங்களை காண்பிக்கவும்"},{"$i":"settings-download-attachments","$v":"அட்டாச்மெண்ட்-களை டவுன்லோட் செய்யவும்"},{"$i":"settings-check-every-5min","$v":"ஒவ்வொரு 5 நிமிடங்கள்"},{"$i":"settings-check-every-10min","$v":"ஒவ்வொரு 10 நிமிடங்கள்"},{"$i":"settings-check-every-15min","$v":"ஒவ்வொரு 15 நிமிடமும்"},{"$i":"settings-check-every-30min","$v":"ஒவ்வொரு 30 நிமிடமும்"},{"$i":"settings-check-every-60min","$v":"ஒவ்வொரு மணிநேரமும்"},{"$i":"settings-check-every-manual","$v":"மேனுவலி"},{"$i":"settings-check-dynamic","$v":{"few":[{"t":"idOrVar","v":"n"}," விநாடிகள்"],"many":[{"t":"idOrVar","v":"n"}," விநாடிகள்"],"one":[{"t":"idOrVar","v":"n"}," விநாடி"],"other":[{"t":"idOrVar","v":"n"}," விநாடிகள்"],"two":[{"t":"idOrVar","v":"n"}," விநாடிகள்"],"zero":"முடக்கப்பட்டது"},"$x":[{"t":"idOrVar","v":"plural"},"n"]},{"$i":"settings-default-account","$v":"டீஃபால்ட் இமெயில் என அமைக்கவும்"},{"$i":"settings-account-type","$v":"அக்கவுண்ட் வகை"},{"$i":"settings-account-credentials","$v":"சான்றுகள்"},{"$i":"settings-activesync-label","$v":"ActiveSync செட்டிங்ஸ் தகவல்"},{"$i":"settings-imap-label","$v":"IMAP செட்டிங்ஸ் தகவல்"},{"$i":"settings-pop3-label","$v":"POP3 செட்டிங்ஸ் தகவல்"},{"$i":"settings-smtp-label","$v":"SMTP செட்டிங்ஸ் தகவல்"},{"$i":"settings-hostname","$v":"ஹோஸ்ட்பெயர்"},{"$i":"settings-port","$v":"போர்ட்"},{"$i":"settings-username","$v":"யூசர்நேம்"},{"$i":"settings-password","$v":"பாஸ்வெர்ட்"},{"$i":"settings-save","$v":"சேமி"},{"$i":"password-saved","$v":"பாஸ்வோர்டு சேமிக்கப்பட்டது."},{"$i":"settings-reauth","$v":"மறுஅங்கீகாரம்"},{"$i":"settings-account-synchronize-window","$v":"ஒத்திசைவுக்கான நாட்கள்"},{"$i":"settings-account-synchronize-window-select","ariaLabel":"ஒத்திசைவுக்கான நாட்கள்"},{"$i":"settings-synchronize-auto","$v":"தானியங்கு"},{"$i":"settings-synchronize-one-day","$v":"1 நாள்"},{"$i":"settings-synchronize-three-days","$v":"3 நாட்கள்"},{"$i":"settings-synchronize-one-week","$v":"1 வாரம்"},{"$i":"settings-synchronize-two-weeks","$v":"2 வாரங்கள்"},{"$i":"settings-synchronize-one-month","$v":"1 மாதம்"},{"$i":"settings-synchronize-all","$v":"அனைத்து செய்திகள்"},{"$i":"envelope-from","$v":"அனுப்புநர்"},{"$i":"envelope-to","$v":"பெறுநர்"},{"$i":"envelope-cc","$v":"CC"},{"$i":"envelope-bcc","$v":"BCC"},{"$i":"message-header-state-sending","ariaLabel":"அனுப்புகிறது"},{"$i":"message-header-state-error","ariaLabel":"அனுப்புவதில் பிழை"},{"$i":"message-header-unread","ariaLabel":"படிக்கப்படாதவை"},{"$i":"message-header-reply","ariaLabel":"பதிலளிக்கவும்"},{"$i":"message-header-forward","ariaLabel":"ஃபார்வர்டு"},{"$i":"message-header-starred","ariaLabel":"நட்சத்திரம் உள்ளது"},{"$i":"message-header-attachments","ariaLabel":"அட்டாச்மெண்ட்-கள் உள்ளது"},{"$i":"message-body-container","ariaLabel":"செய்தியின் முக்கிய பகுதி"},{"$i":"message-body-container-progress","ariaValueText":"லோட் செய்கிறது"},{"$i":"subject","ariaLabel":"பொருள்"},{"$i":"attachments-container","ariaLabel":"அட்டாச்மெண்ட்-கள்"},{"$i":"from-group","ariaLabel":"அனுப்புநர்"},{"$i":"to-group","ariaLabel":"பெறுநர்"},{"$i":"cc-group","ariaLabel":"CC"},{"$i":"bcc-group","ariaLabel":"BCC"},{"$i":"compose-header","$v":"செய்தியை உருவாக்கவும்"},{"$i":"compose-header-short","$v":"உருவாக்கு"},{"$i":"compose-send","$v":"அனுப்பு"},{"$i":"compose-send-button","ariaLabel":"அனுப்பு"},{"$i":"compose-to","$v":"பெறுநர்"},{"$i":"compose-cc","$v":"CC"},{"$i":"compose-bcc","$v":"BCC"},{"$i":"compose-cc-remove","$v":"சி.சி பட்டியல் நீக்கப்பட்டது."},{"$i":"compose-bcc-remove","$v":"பி.சி.சி பட்டியல் நீக்கப்பட்டது."},{"$i":"compose-contact-add","ariaLabel":"தொடர்பை சேர்"},{"$i":"compose-attachments","$v":{"few":["அட்டாச்மெண்ட்-கள் (",{"t":"idOrVar","v":"n"},")"],"many":["அட்டாச்மெண்ட்-கள் (",{"t":"idOrVar","v":"n"},")"],"one":["அட்டாச்மெண்ட் (",{"t":"idOrVar","v":"n"},")"],"other":["அட்டாச்மெண்ட்-கள் (",{"t":"idOrVar","v":"n"},")"],"two":["அட்டாச்மெண்ட்-கள் (",{"t":"idOrVar","v":"n"},")"],"zero":"அட்டாச்மெண்ட்"},"$x":[{"t":"idOrVar","v":"plural"},"n"]},{"$i":"compose-text","ariaLabel":"திருத்து"},{"$i":"compose-attachment-still-working","$v":"ஒரு கணம், இன்னும் முந்தைய அட்டாச்மெண்ட்-இல் வேலை செய்து கொண்டிருக்கிறது..."},{"$i":"compose-attachment-loading","$v":"இணைப்பை ஏற்றுகிறது..."},{"$i":"compose-attachments-loading","$v":"இணைப்புகளை ஏற்றுகிறது..."},{"$i":"compose-forward-attachment-error-title","$v":"டவுன்லோட் தோல்வியடைந்தது"},{"$i":"compose-forward-attachment-error-title2","$v":"பிழை"},{"$i":"compose-forward-attachment-unable-load","$v":"இணைப்பை ஏற்ற முடியவில்லை."},{"$i":"compose-forward-attachments-unable-load","$v":"இணைப்புகளை ஏற்ற முடியவில்லை."},{"$i":"compose-forward-attachment-load-error","$v":"சில இணைப்புகளை ஏற்ற முடியவில்லை."},{"$i":"confirmation-title","$v":"உறுதிப்படுத்துதல்"},{"$i":"compose-subject","$v":"பொருள்"},{"$i":"compose-draft-save","$v":"லோக்கல் ட்ராப்ட்ஸ் -இல் சேமிக்கவா?"},{"$i":"compose-discard-confirm","$v":"நிராகரி"},{"$i":"compose-draft-dialog-cancel","$v":"ரத்து செய்க"},{"$i":"compose-draft-dialog-save","$v":"சேமி"},{"$i":"composer-draft-saved","$v":"வரைவு சேமிக்கப்பட்டது."},{"$i":"attention","$v":"கவனத்திற்கு"},{"$i":"compose-send-message-failed","$v":"இமெயில் அனுப்புவது தோல்வியடைந்தது"},{"$i":"compose-attchment-size-exceeded","$v":"செய்தியுடன் அனுப்புவதற்கு இணைப்பு மிகப் பெரிதாக உள்ளது."},{"$i":"compose-attchments-size-exceeded","$v":"செய்தியுடன் அனுப்புவதற்கு இணைப்புகள் மிகப் பெரிதாக உள்ளன."},{"$i":"composer-attachment-large-title","$v":"கோப்பு அளவு மிகப் பெரியது"},{"$i":"default-attachment-filename","$v":["அட்டாச்மெண்ட்",{"t":"idOrVar","v":"n"}]},{"$i":"attachment-size-meb","$v":[{"t":"idOrVar","v":"megabytes"}," MB"]},{"$i":"attachment-size-kib","$v":[{"t":"idOrVar","v":"kilobytes"}," KB"]},{"$i":"attachment-size-byte","$v":[{"t":"idOrVar","v":"bytes"}," B"]},{"$i":"message-attachment-view","$v":"காட்டு"},{"$i":"message-attachment-did-not-open-label","$v":"திறக்க இயலவில்லை"},{"$i":"message-attachment-did-not-open-body","$v":"அட்டாச்மெண்ட்-ஐ திறக்கக்கூடிய ஆப் சாதனத்தில் இல்லை."},{"$i":"message-attachment-too-large","$v":"இந்த ஃபைல் டவுன்லோட் செய்ய மிகவும் பெரியதாக உள்ளது."},{"$i":"message-attachment-not-found","$v":"இணைப்பு ஃபைல் காணப்படவில்லை, மீண்டும் டவுன்லோடு செய்ய வேண்டுமா?"},{"$i":"message-attachment-download-fail","$v":[{"t":"idOrVar","v":"fileName"}," - டவுன்லோடு  செய்வது தோல்வியடைந்தது"]},{"$i":"message-no-subject","$v":"(தலைப்பு இல்லை)"},{"$i":"message-edit-menu-edit","$v":"திருத்து"},{"$i":"message-edit-menu-delete","$v":"நீக்கு"},{"$i":"message-edit-delete-confirm","$v":"இமெயில் செய்தியை நீக்கவா?"},{"$i":"message-forward-attachment-title","$v":"அட்டாச்மெண்ட்"},{"$i":"message-forward-attachment","$v":"இணைப்பையும் பகிரவா?"},{"$i":"message-forward-attachments","$v":"இணைப்புகளையும் பகிரவா?"},{"$i":"message-multiedit-header","$v":{"few":[{"t":"idOrVar","v":"n"}," தேர்ந்தெடுக்கப்பட்டது"],"many":[{"t":"idOrVar","v":"n"}," தேர்ந்தெடுக்கப்பட்டது"],"one":[{"t":"idOrVar","v":"n"}," தேர்ந்தெடுக்கப்பட்டது"],"other":[{"t":"idOrVar","v":"n"}," தேர்ந்தெடுக்கப்பட்டது"],"two":[{"t":"idOrVar","v":"n"}," தேர்ந்தெடுக்கப்பட்டது"],"zero":[{"t":"idOrVar","v":"n"}," தேர்ந்தெடுக்கப்பட்டது"]},"$x":[{"t":"idOrVar","v":"plural"},"n"]},{"$i":"message-multiedit-search-header","$v":{"few":[{"t":"idOrVar","v":"n"}," தேர்ந்தெடுக்கப்பட்டது"],"many":[{"t":"idOrVar","v":"n"}," தேர்ந்தெடுக்கப்பட்டது"],"one":[{"t":"idOrVar","v":"n"}," தேர்ந்தெடுக்கப்பட்டது"],"other":[{"t":"idOrVar","v":"n"}," தேர்ந்தெடுக்கப்பட்டது"],"two":[{"t":"idOrVar","v":"n"}," தேர்ந்தெடுக்கப்பட்டது"],"zero":"0 தேர்ந்தெடுக்கப்பட்டது"},"$x":[{"t":"idOrVar","v":"plural"},"n"]},{"$i":"browse-to-url-prompt","$v":["URL-ஐ பிரௌஸ் செய்ய வேண்டுமா?: ",{"t":"idOrVar","v":"url"}]},{"$i":"message-download-images-tap","$v":{"few":["இந்த இமெயில்-இல் ",{"t":"idOrVar","v":"n"}," படங்கள் உள்ளது. டவுன்லோட் செய்ய தட்டவும்."],"many":["இந்த இமெயில்-இல் ",{"t":"idOrVar","v":"n"}," படங்கள் உள்ளது. டவுன்லோட் செய்ய தட்டவும்."],"one":"இந்த இமெயில்-இல் ஒரு படம் உள்ளது. டவுன்லோட் செய்ய தட்டவும்.","other":["இந்த இமெயில்-இல் ",{"t":"idOrVar","v":"n"}," படங்கள் உள்ளது. டவுன்லோட் செய்ய தட்டவும்."],"two":["இந்த இமெயில்-இல் ",{"t":"idOrVar","v":"n"}," படங்கள் உள்ளது. டவுன்லோட் செய்ய தட்டவும்."]},"$x":[{"t":"idOrVar","v":"plural"},"n"]},{"$i":"message-show-external-images","$v":"வெளிப்புற படங்களை காண்பிக்கவும்"},{"$i":"message-delete-cancel","$v":"ரத்து செய்க"},{"$i":"message-multiedit-delete-confirm","$v":{"few":[{"t":"idOrVar","v":"n"}," செய்திகளை நீக்கவா?"],"many":[{"t":"idOrVar","v":"n"}," செய்திகளை நீக்கவா?"],"one":"தேர்ந்தெடுத்த செய்திகளை நீக்கவா","other":[{"t":"idOrVar","v":"n"}," செய்திகளை நீக்கவா?"],"two":[{"t":"idOrVar","v":"n"}," செய்திகளை நீக்கவா?"]},"$x":[{"t":"idOrVar","v":"plural"},"n"]},{"$i":"message-large-message-cancel","$v":"ரத்து செய்க"},{"$i":"message-large-message-ok","$v":"தொடர்"},{"$i":"message-large-message-confirm","$v":"இந்த செய்தி பெரியது மற்றும் டவுன்லோட் செய்ய சில மணிநேரம் ஆகலாம்."},{"$i":"message-large-message-warning","$v":"செய்தி லோட் செய்ய மிகவும் பெரிதாக உள்ளது."},{"$i":"message-search-header","$v":"தேடு"},{"$i":"search-result","$v":["மின்னஞ்சல்கள்(",{"t":"idOrVar","v":"num"},")"]},{"$i":"message-search-from","$v":"அனுப்புநர்"},{"$i":"message-search-to","$v":"பெறுநர்"},{"$i":"message-search-subject","$v":"பொருள்"},{"$i":"message-search-body","$v":"முக்கிய செய்தி"},{"$i":"message-search-all","$v":"எல்லாம்"},{"$i":"message-search-input","placeholder":"மெயில்-ஐ தேடவும்"},{"$i":"message-search-cancel","$v":"ரத்து செய்க"},{"$i":"messages-syncing","$v":"செய்திகளை லோட் செய்கிறது"},{"$i":"messages-syncing-progressbar","ariaValueText":"செய்திகளை லோட் செய்கிறது"},{"$i":"messages-load-more","$v":"மேலும் செய்திகளை லோட் செய்யவும்"},{"$i":"messages-folder-empty","$v":"இந்த ஃபோல்டரில் இமெயில் எதுவுமில்லை"},{"$i":"messages-search-empty","$v":"லோக்கலி கேச்சுடு செய்திகளில் பொருத்தங்கள் இல்லை"},{"$i":"messages-folder-select","$v":"ஃபோல்டர்-க்கு நகர்த்தவும்"},{"$i":"messages-folder-unread-max","$v":"999+"},{"$i":"message-contact-menu-create","$v":"புதிய தொடர்பை உருவாக்கு"},{"$i":"message-contact-menu-add-existing","$v":"ஏற்கனவே உள்ள தொடர்பில் சேர்"},{"$i":"message-contact-menu-view","$v":"தொடர்பை காட்டவும்"},{"$i":"message-contact-menu-reply","$v":"பதிலளிக்கவும்"},{"$i":"message-contact-menu-new","$v":"புதிய மெயில்-ஐ அனுப்பவும்"},{"$i":"message-reply-menu-reply","$v":"பதிலளிக்கவும்"},{"$i":"message-reply-menu-reply-all","$v":"அனைவருக்கும் பதிலளிக்கவும்"},{"$i":"message-reply-menu-forward","$v":"ஃபார்வர்டு"},{"$i":"message-reply-menu-cancel","$v":"ரத்து செய்க"},{"$i":"reply-quoting-wrote","$v":"{name} எழுதியது"},{"$i":"forward-original-message","$v":"அசல் செய்தி"},{"$i":"forward-header-subject","$v":"பொருள்"},{"$i":"forward-header-date","$v":"தேதி"},{"$i":"forward-header-from","$v":"அனுப்புநர்"},{"$i":"forward-header-reply-to","$v":"க்கு-பதிலளிக்கவும்"},{"$i":"forward-header-to","$v":"பெறுநர்"},{"$i":"forward-header-cc","$v":"CC"},{"$i":"folder-inbox","$v":"இன்பாக்ஸ்"},{"$i":"folder-sent","$v":"அனுப்பப்பட்டது"},{"$i":"folder-drafts","$v":"ட்ராப்ட்ஸ்"},{"$i":"folder-trash","$v":"டிரஷ்"},{"$i":"folder-queue","$v":"அனுப்பப்படவில்லை"},{"$i":"folder-junk","$v":"ஜன்க்"},{"$i":"folder-archives","$v":"ஆர்கைவ்ஸ்"},{"$i":"folder-localdrafts","$v":"லோக்கல் ட்ராப்ட்ஸ்"},{"$i":"folder-outbox","$v":"அவுட்பாக்ஸ்"},{"$i":"drawer-back","$v":"பின் செல்"},{"$i":"drawer-accounts-header","$v":"அக்கவுண்ட்கள்"},{"$i":"drawer-settings-link","$v":"செட்டிங்ஸ்"},{"$i":"folder-last-synced-label","$v":"கடைசி ஒத்திசைவு:"},{"$i":"messages-refresh-progress","ariaValueText":"புதுப்பிக்கிறது"},{"$i":"no-internet-connection","$v":"இன்டர்நெட் இணைப்பு இல்லை."},{"$i":"toaster-undo","$v":"அன்டு"},{"$i":"toaster-message-star","$v":{"one":"செய்தி ஃபிளாக் செய்யப்பட்டுள்ளது.","few":[{"t":"idOrVar","v":"n"}," செய்திகள் ஃபிளாக் செய்யப்பட்டுள்ளது."],"many":[{"t":"idOrVar","v":"n"}," செய்திகள் ஃபிளாக் செய்யப்பட்டுள்ளது."],"other":[{"t":"idOrVar","v":"n"}," செய்திகள் ஃபிளாக் செய்யப்பட்டுள்ளது."],"two":[{"t":"idOrVar","v":"n"}," செய்திகள் ஃபிளாக் செய்யப்பட்டுள்ளது."]},"$x":[{"t":"idOrVar","v":"plural"},"n"]},{"$i":"toaster-message-unstar","$v":{"one":"செய்தி பிளாக் அகற்றப்பட்டது.","few":[{"t":"idOrVar","v":"n"}," செய்தி ஃபிளாக்-கள் அகற்றப்பட்டது."],"many":[{"t":"idOrVar","v":"n"}," செய்தி ஃபிளாக்-கள் அகற்றப்பட்டது."],"other":[{"t":"idOrVar","v":"n"}," செய்தி ஃபிளாக்-கள் அகற்றப்பட்டது."],"two":[{"t":"idOrVar","v":"n"}," செய்தி ஃபிளாக்-கள் அகற்றப்பட்டது."]},"$x":[{"t":"idOrVar","v":"plural"},"n"]},{"$i":"toaster-message-read","$v":{"one":"வாசிக்கப்பட்டது என குறிக்கப்பட்டது.","few":[{"t":"idOrVar","v":"n"}," செய்திகள் வாசிக்கப்பட்டதாக குறிக்கப்பட்டுள்ளது."],"many":[{"t":"idOrVar","v":"n"}," செய்திகள் வாசிக்கப்பட்டதாக குறிக்கப்பட்டுள்ளது."],"other":[{"t":"idOrVar","v":"n"}," செய்திகள் வாசிக்கப்பட்டதாக குறிக்கப்பட்டுள்ளது."],"two":[{"t":"idOrVar","v":"n"}," செய்திகள் வாசிக்கப்பட்டதாக குறிக்கப்பட்டுள்ளது."]},"$x":[{"t":"idOrVar","v":"plural"},"n"]},{"$i":"toaster-message-unread","$v":{"one":"வாசிக்கப்படாதது என குறிக்கப்பட்டது.","few":[{"t":"idOrVar","v":"n"}," செய்திகள் படிக்காதவை என குறிக்கப்பட்டுள்ளது."],"many":[{"t":"idOrVar","v":"n"}," செய்திகள் படிக்காதவை என குறிக்கப்பட்டுள்ளது."],"other":[{"t":"idOrVar","v":"n"}," செய்திகள் படிக்காதவை என குறிக்கப்பட்டுள்ளது."],"two":[{"t":"idOrVar","v":"n"}," செய்திகள் படிக்காதவை என குறிக்கப்பட்டுள்ளது."]},"$x":[{"t":"idOrVar","v":"plural"},"n"]},{"$i":"toaster-message-move","$v":{"one":"செய்தி ஃபோல்டர்-க்கு நகர்த்தப்பட்டது:","few":[{"t":"idOrVar","v":"n"}," செய்திகள் ஃபோல்டர்-க்கு நகர்த்தப்பட்டது:"],"many":[{"t":"idOrVar","v":"n"}," செய்திகள் ஃபோல்டர்-க்கு நகர்த்தப்பட்டது:"],"other":[{"t":"idOrVar","v":"n"}," செய்திகள் ஃபோல்டர்-க்கு நகர்த்தப்பட்டது:"],"two":[{"t":"idOrVar","v":"n"}," செய்திகள் ஃபோல்டர்-க்கு நகர்த்தப்பட்டது:"]},"$x":[{"t":"idOrVar","v":"plural"},"n"]},{"$i":"toaster-message-delete","$v":{"one":"1 மெயில் நீக்கப்பட்டது.","few":[{"t":"idOrVar","v":"n"}," மெயில்-கள் நீக்கப்பட்டது."],"many":[{"t":"idOrVar","v":"n"}," மெயில்-கள் நீக்கப்பட்டது."],"other":[{"t":"idOrVar","v":"n"}," மெயில்-கள் நீக்கப்பட்டது."],"two":[{"t":"idOrVar","v":"n"}," மெயில்-கள் நீக்கப்பட்டது."]},"$x":[{"t":"idOrVar","v":"plural"},"n"]},{"$i":"toaster-sync-failed","$v":"சர்வர் உடன் இணைக்க முடியவில்லை."},{"$i":"compose-invalid-addresses-title","$v":"தவறான முகவரிகள்"},{"$i":"compose-invalid-addresses-description","$v":"உங்கள் செய்தியில் ஒன்று அல்லது அதற்கு மேற்பட்ட தவறான இமெயில் முகவரிகள் உள்ளன. அனுப்பும் முன் தயவுசெய்து அவற்றை சரிசெய்யவும்."},{"$i":"background-send-pending","$v":"இணைய இணைப்பு இல்லை. அவுட்பாக்ஸில் இமெயில் சேமிக்கப்பட்டது."},{"$i":"background-send-sending","$v":"அனுப்புகிறது…"},{"$i":"background-send-success","$v":"இமெயில் அனுப்பப்பட்டது."},{"$i":"background-send-error","$v":"பிழை ஏற்பட்டுவிட்டது. அவுட்பாக்ஸில் இமெயில் சேமிக்கப்பட்டது."},{"$i":"background-send-error-recipients","$v":"பெறுநர் பிழை. அவுட்பாக்ஸில் இமெயில் சேமிக்கப்பட்டது."},{"$i":"background-send-error-title","$v":"மெயில் அனுப்புவது தோல்வியடைந்தது"},{"$i":"send-failure-recipients","$v":"மேலே உள்ள முகவரிகளுக்கு எழுத்துக் கூட்டுதலை சரிபார்க்கவும். உங்கள் மெயில் சர்வர் மேலே உள்ள முகவரிகளில் ஒன்று அல்லது அதற்கு மேற்பட்டது தவறு என சுட்டிக்காட்டுகிறது."},{"$i":"send-failure-unknown","$v":"செய்தியை அனுப்ப முடியவில்லை."},{"$i":"form-clear-input","$v":"உரையை அகற்றவும்"},{"$i":"confirm-dialog-title","$v":"உறுதிப்படுத்துதல்"},{"$i":"confirm-dialog-ok","$v":"சரி"},{"$i":"msg-display-subject","$v":"பொருள்"},{"$i":"msg-reader-display-attachments","$v":"அட்டாச்மெண்ட்-கள்"},{"$i":"msg-reader-display-attachment","$v":"அட்டாச்மெண்ட்"},{"$i":"msg-reader-download-external-images","$v":["(",{"t":"idOrVar","v":"n"}," MB) வெளிப்புறப் படங்களை டவுன்லோட் செய்யவும்"]},{"$i":"msg-reader-sender-header","$v":"அனுப்புநர்"},{"$i":"msg-reader-recipients-header","$v":"பெறுநர்கள்"},{"$i":"msg-reader-cc-header","$v":"CC"},{"$i":"msg-reader-bcc-header","$v":"BCC"},{"$i":"msg-reader-message-flagged","$v":"செய்தி ஃபிளாக் செய்யப்பட்டுள்ளது"},{"$i":"msg-reader-flag-removed","$v":"ஃபிளாக் அகற்றப்பட்டது"},{"$i":"external-image-downloading","$v":"டவுன்லோட் ஆகுகிறது..."},{"$i":"senders-separation-sign","$v":",#"},{"$i":"new-messages","$v":{"few":[{"t":"idOrVar","v":"n"}," புதிய செய்திகள்"],"many":[{"t":"idOrVar","v":"n"}," புதிய செய்திகள்"],"one":"1 புதிய செய்தி","other":[{"t":"idOrVar","v":"n"}," புதிய செய்திகள்"],"two":[{"t":"idOrVar","v":"n"}," புதிய செய்திகள்"]},"$x":[{"t":"idOrVar","v":"plural"},"n"]},{"$i":"new-emails-notify-one-account","$v":{"few":[{"t":"idOrVar","v":"n"}," புதிய இமெயில்கள்"],"many":[{"t":"idOrVar","v":"n"}," புதிய இமெயில்கள்"],"one":"1 புதிய இமெயில்","other":[{"t":"idOrVar","v":"n"}," புதிய இமெயில்கள்"],"two":[{"t":"idOrVar","v":"n"}," புதிய இமெயில்கள்"]},"$x":[{"t":"idOrVar","v":"plural"},"n"]},{"$i":"new-emails-notify-multiple-accounts","$v":{"few":[{"t":"idOrVar","v":"n"}," புதிய இமெயில்கள் (",{"t":"idOrVar","v":"accountName"},")"],"many":[{"t":"idOrVar","v":"n"}," புதிய இமெயில்கள் (",{"t":"idOrVar","v":"accountName"},")"],"one":["1 புதிய இமெயில் (",{"t":"idOrVar","v":"accountName"},")"],"other":[{"t":"idOrVar","v":"n"}," புதிய இமெயில்கள் (",{"t":"idOrVar","v":"accountName"},")"],"two":[{"t":"idOrVar","v":"n"}," புதிய இமெயில்கள் (",{"t":"idOrVar","v":"accountName"},")"]},"$x":[{"t":"idOrVar","v":"plural"},"n"]},{"$i":"new-emails-notify-multiple-accounts-body","$v":[{"t":"idOrVar","v":"from"}," “",{"t":"idOrVar","v":"subject"},"”"]},{"$i":"tng-plain-socket-warning-title","$v":"நீங்கள் உறுதியாக இருக்கிறீர்களா?"},{"$i":"tng-plain-socket-warning-message","$v":"மற்றவர்கள் உங்கள் பாஸ்வோர்ட்-கள் மற்றும் இமெயில்-களை பார்க்க முடியும் அல்லது உங்கள் அக்கவுண்ட்-ஐ கட்டுப்படுத்தவும்."},{"$i":"tng-plain-socket-warning-message-options","$v":"மிகவும் பாதுகாப்பான, என்கிரிப்ட் செய்யப்பட்ட கனெக்ஷன்-களை வழங்கும் பல இலவச இமெயில் வழங்குநர்கள் உள்ளனர்."},{"$i":"tng-plain-socket-warning-ok","$v":"எனக்கு புரிகிறது"},{"$i":"message-reader-date-received","ariaLabel":"பெறப்பட்டது"},{"$i":"sort-by-title","$v":"இதன்படி வரிசைப்படுத்தவும்"},{"$i":"sort-by-date","$v":"தேதி"},{"$i":"sort-by-from","$v":"அனுப்புநர்"},{"$i":"sort-by-to","$v":"பெறுநர்"},{"$i":"sort-by-subject","$v":"பொருள்"},{"$i":"softkey-options","$v":"விருப்பங்கள்"},{"$i":"opt-compose","$v":"உருவாக்கு"},{"$i":"opt-reply","$v":"பதிலளிக்கவும்"},{"$i":"opt-reply-all","$v":"அனைவருக்கும் பதிலளிக்கவும்"},{"$i":"opt-forward","$v":"ஃபார்வர்டு"},{"$i":"opt-mark-read","$v":"வாசிக்கப்பட்டதாக குறிப்பிடவும்"},{"$i":"opt-mark-unread","$v":"வாசிக்கப்படாததாக குறிப்பிடவும்"},{"$i":"opt-add-flag","$v":"ஃபிளாக்-ஐ சேர்க்கவும்"},{"$i":"opt-remove-flag","$v":"ஃபிளாக் அகற்றவும்"},{"$i":"opt-move-message","$v":"ஃபோல்டர்-க்கு நகர்த்தவும்"},{"$i":"opt-delete-message","$v":"நீக்கு"},{"$i":"opt-multi-select","$v":"ஒன்றுக்கு மேற்பட்டதை தேர்ந்தெடு"},{"$i":"opt-search","$v":"தேடு"},{"$i":"opt-folders","$v":"ஃபோல்டர்ஸ் -ஐ காண்க"},{"$i":"opt-sort","$v":"வரிசைப்படுத்து"},{"$i":"opt-sync","$v":"ஒத்திசை"},{"$i":"opt-account","$v":"அக்கவுண்ட்-ஐ மாற்றவும்."},{"$i":"opt-settings","$v":"செட்டிங்ஸ்"},{"$i":"opt-edit","$v":"திருத்து"},{"$i":"opt-cancel","$v":"ரத்து செய்க"},{"$i":"opt-save","$v":"சேமி"},{"$i":"opt-move","$v":"நகர்த்தவும்"},{"$i":"opt-view","$v":"காட்டு"},{"$i":"opt-empty-trash","$v":"டிரஷ் காலியாக உள்ளது"},{"$i":"opt-call-number","$v":"கால்"},{"$i":"opt-compose-mail","$v":"உருவாக்கு"},{"$i":"opt-open-url","$v":"திற"},{"$i":"select-option-on","$v":"ஆன்"},{"$i":"select-option-off","$v":"ஆஃப்"},{"$i":"select-option-imap-smtp","$v":"IMAP+SMTP"},{"$i":"select-option-pop3-smtp","$v":"POP3+SMTP"},{"$i":"select-option-activesync","$v":"ActiveSync"},{"$i":"toaster-switch-account","$v":"இமெயில் அக்கவுண்ட் இதற்கு மாற்றப்பட்டது:"},{"$i":"toaster-sorted-by","$v":"இமெயில்கள் இதன் மூலம் வரிசைபடுத்தப்பட்டுள்ளது"},{"$i":"cmp-reply","$v":"பதிலளிக்கவும்"},{"$i":"cmp-reply-all","$v":"அனைவருக்கும் பதிலளிக்கவும்"},{"$i":"cmp-forward","$v":"செய்தியை ஃபார்வேர்ட் செய்யவும்"},{"$i":"cmp-remove-attach","$v":"அட்டாச்மெண்ட் அகற்றப்பட்டது"},{"$i":"select","$v":"தேர்ந்தெடு"},{"$i":"deselect","$v":"தேர்வுநீக்கு"},{"$i":"cancel","$v":"ரத்து செய்க"},{"$i":"enter","$v":"உள்ளிடு"},{"$i":"remove-attachment","$v":"அட்டாச்மெண்ட்-ஐ அகற்று"},{"$i":"replace-attachment","$v":"அட்டாச்மெண்ட்-ஐ மாற்றவும்"},{"$i":"add-attachment","$v":"அட்டாச்மெண்ட்-ஐ சேர்"},{"$i":"add-contact","$v":"தொடர்பை சேர்"},{"$i":"add-cc","$v":"Cc-ஐ சேர்க்கவும்"},{"$i":"remove-cc","$v":"Cc-ஐ அகற்றவும்"},{"$i":"add-bcc","$v":"Bcc-ஐ சேர்க்கவும்"},{"$i":"remove-bcc","$v":"Bcc-ஐ அகற்றவும்"},{"$i":"attachment-download","$v":"டவுன்லோட்"},{"$i":"attachment-share","$v":"பகிர்"},{"$i":"send-new-mail","$v":"புதிய மெயில்-ஐ அனுப்பவும்"},{"$i":"view-contact","$v":"தொடர்பை காட்டவும்"},{"$i":"save-new-contact","$v":"புதிய தொடர்பை உருவாக்கு"},{"$i":"add-to-exsiting-contact","$v":"ஏற்கனவே உள்ள தொடர்பில் சேர்"},{"$i":"no","$v":"அனுமதிக்கப்படவில்லை"},{"$i":"yes","$v":"ஆம்"},{"$i":"retry","$v":"மீண்டும் முயலவும்"},{"$i":"empty","$v":"காலி"},{"$i":"empty-trash-confirm","$v":"நீங்கள் டிரஷ்-ஐ காலி செய்ய விரும்புகிறீர்களா?"},{"$i":"trash-emptied","$v":"டிரஷ் காலியாக உள்ளது"},{"$i":"next","$v":"அடுத்த"},{"$i":"welcome-header","$v":"இமெயில்"},{"$i":"welcome-msg","$v":"இமெயில்-க்கு வரவேற்கிறோம்."},{"$i":"welcome-msg-setup","$v":"உங்கள் இமெயில் அக்கவுண்ட்-ஐ அமைக்க அடுத்து என்பதை அழுத்தவும்."},{"$i":"discard","$v":"நிராகரி"},{"$i":"leave-this-page-warning-message","$v":"தகவலை நிராகரிக்கவா?"},{"$i":"finish","$v":"நிறைவேற்று"},{"$i":"setup-done-msg","$v":"நீங்கள் வெற்றிகரமாக உள்நுழைந்துள்ளீர்கள். நீங்கள் மற்றொரு அக்கவுண்ட்-ஐ சேர்க்க விரும்புகிறீர்களா?"},{"$i":"save-as-draft","$v":"ட்ராப்டாக சேமிக்கவும்"},{"$i":"show-password","$v":"பாஸ்வெர்ட்-ஐ காட்டவும்"},{"$i":"account-label","$v":"அக்கவுண்ட் பெயர்"},{"$i":"folders","$v":"ஃபோல்டர்ஸ்"},{"$i":"security","$v":"பாதுகாப்பு"},{"$i":"port-number","$v":"போர்ட் எண்"},{"$i":"domain-username","$v":"டொமைன்\\யூசர்நேம்"},{"$i":"synchronizing","$v":"ஒத்திசைக்கிறது..."},{"$i":"browse-mail","$v":"பிரௌசர் மெயில்"},{"$i":"never-sync","$v":"லோக்கல் டிராப்ட்ஸ் சர்வர்-க்கு ஒத்திசைக்கப்படவில்லை."},{"$i":"emptyDownloadFile","$v":"இந்த ஃபைல்-ஐ டவுன்லோட் செய்ய முடியவில்லை, அது காலியாக இருக்கலாம்"},{"$i":"sync","$v":"சின்க்"},{"$i":"outbox-unsent-label","$v":{"few":["அவுட்பாக்ஸ்-இல் ",{"t":"idOrVar","v":"n"}," அனுப்பப்படாத செய்திகள் உள்ளது"],"many":["அவுட்பாக்ஸ்-இல் ",{"t":"idOrVar","v":"n"}," அனுப்பப்படாத செய்திகள் உள்ளது"],"one":"அவுட்பாக்ஸ்-இல் 1 அனுப்பப்படாத செய்தி உள்ளது","other":["அவுட்பாக்ஸ்-இல் ",{"t":"idOrVar","v":"n"}," அனுப்பப்படாத செய்திகள் உள்ளது"],"two":"அவுட்பாக்ஸ்-இல் 2 அனுப்பப்படாத செய்திகள் உள்ளது"},"$x":[{"t":"idOrVar","v":"plural"},"n"]},{"$i":"storage-full-title","$v":"ஸ்டோரேஜ் நிரைந்தது"},{"$i":"storage-full-warning","$v":"மேலும் காலியான இடத்தை பெற சில மீடியா ஃபைல்-கள் அல்லது மேனேஜ் அப்ளிகேஷன் டேட்டாவை நீக்கலாம்."},{"$i":"storage-full","$v":"போன் ஸ்டோரேஜ் நிரம்பியது."},{"$i":"storage-sdcard-full","$v":"SD கார்டு நிரம்பியுள்ளது."},{"$i":"view-address","$v":"முகவரியை காண்க"},{"$i":"mail-address-title","$v":"இமெயில் அட்ரஸ்"},{"$i":"mail-address","$v":[{"t":"idOrVar","v":"address"}]},{"$i":"value-name","$v":[{"t":"idOrVar","v":"name"}]},{"$i":"account-deleted","$v":"அக்கவுன்ட் நீக்கப்பட்டது."},{"$i":"account-reEnable","$v":"அக்கவுண்ட் ஏற்கனவே உள்ளது.அக்கவுண்ட்டை சின்க் செய்யவா?"},{"$i":"setup-account-usedInfo","$v":"பின்வரும் ஆப்கள் இந்தக் கணக்கைப் பயன்படுத்தும். இதை அமைப்புகள்>கணக்கு என்பதில் நீங்கள் மாற்றலாம்."},{"$i":"setup-account-settingsInfo","$v":"ஒவ்வொரு ஆப்பும் வெவ்வேறு டிஃபால்ட் சின்க்கிங் இடைவெளிகளைக் கொண்டுள்ளன, தயவுசெய்து ஆப் செட்டிங்ஸில் சரிபார்க்கவும்."},{"$i":"app-calendar","$v":"காலண்டர்"},{"$i":"app-contacts","$v":"தொடர்புகள்"},{"$i":"app-email","$v":"இமெயில்"},{"$i":"sync-account-guide","$v":"இமெயிலை காண, அக்கவுண்ட் சின்கிங்கை செட்டிங்ஸில்  ஆன் செய்யவும்."},{"$i":"settings-account-sync","$v":"அக்கவுண்ட்டை சின்க் செய்யவும்"},{"$i":"weekday-0-long","$v":"ஞாயிறுக்கிழமை"},{"$i":"weekday-1-long","$v":"திங்கள்"},{"$i":"weekday-2-long","$v":"செவ்வாய்க்கிழமை"},{"$i":"weekday-3-long","$v":"புதன்கிழமை"},{"$i":"weekday-4-long","$v":"வியாழக்கிழமை"},{"$i":"weekday-5-long","$v":"வெள்ளி"},{"$i":"weekday-6-long","$v":"சனிக்கிழமை"},{"$i":"weekday-0-short","$v":"ஞாயிறுக்கிழமை"},{"$i":"weekday-1-short","$v":"திங்கள்"},{"$i":"weekday-2-short","$v":"செவ்வாய்க்கிழமை"},{"$i":"weekday-3-short","$v":"புதன்கிழமை"},{"$i":"weekday-4-short","$v":"வியாழன்"},{"$i":"weekday-5-short","$v":"வெள்ளி"},{"$i":"weekday-6-short","$v":"சனிக்கிழமை"},{"$i":"month-0-long","$v":"ஜனவரி"},{"$i":"month-1-long","$v":"பிப்ரவரி"},{"$i":"month-2-long","$v":"மார்ச்"},{"$i":"month-3-long","$v":"ஏப்ரல்"},{"$i":"month-4-long","$v":"மே"},{"$i":"month-5-long","$v":"ஜூன்"},{"$i":"month-6-long","$v":"ஜூலை"},{"$i":"month-7-long","$v":"ஆகஸ்ட்"},{"$i":"month-8-long","$v":"செப்டம்பர்"},{"$i":"month-9-long","$v":"அக்டோபர்"},{"$i":"month-10-long","$v":"நவம்பர்"},{"$i":"month-11-long","$v":"டிசம்பர்"},{"$i":"month-0-genitive","$v":"ஜனவரி"},{"$i":"month-1-genitive","$v":"பிப்ரவரி"},{"$i":"month-2-genitive","$v":"மார்ச்"},{"$i":"month-3-genitive","$v":"ஏப்ரல்"},{"$i":"month-4-genitive","$v":"மே"},{"$i":"month-5-genitive","$v":"ஜூன்"},{"$i":"month-6-genitive","$v":"ஜூலை"},{"$i":"month-7-genitive","$v":"ஆகஸ்ட்"},{"$i":"month-8-genitive","$v":"செப்டம்பர்"},{"$i":"month-9-genitive","$v":"அக்டோபர்"},{"$i":"month-10-genitive","$v":"நவம்பர்"},{"$i":"month-11-genitive","$v":"டிசம்பர்"},{"$i":"month-0-short","$v":"ஜனவரி"},{"$i":"month-1-short","$v":"பிப்ரவரி"},{"$i":"month-2-short","$v":"மார்ச்"},{"$i":"month-3-short","$v":"ஏப்ரல்"},{"$i":"month-4-short","$v":"மே"},{"$i":"month-5-short","$v":"ஜூன்"},{"$i":"month-6-short","$v":"ஜூலை"},{"$i":"month-7-short","$v":"ஆகஸ்ட்"},{"$i":"month-8-short","$v":"செப்டம்பர்"},{"$i":"month-9-short","$v":"அக்டோபர்"},{"$i":"month-10-short","$v":"நவம்பர்"},{"$i":"month-11-short","$v":"டிசம்பர்"},{"$i":"minutes-ago-long","$v":{"few":[{"t":"idOrVar","v":"value"}," நிமிடங்களுக்கு முன்பு"],"many":[{"t":"idOrVar","v":"value"}," நிமிடங்களுக்கு முன்பு"],"other":[{"t":"idOrVar","v":"value"}," நிமிடங்களுக்கு முன்பு"],"two":[{"t":"idOrVar","v":"value"}," நிமிடங்களுக்கு முன்பு"],"one":"ஒரு நிமிடம் முன்பாக","zero":"Just now"},"$x":[{"t":"idOrVar","v":"plural"},"value"]},{"$i":"hours-ago-long","$v":{"few":[{"t":"idOrVar","v":"value"}," மணிநேரங்களுக்கு முன்பு"],"many":[{"t":"idOrVar","v":"value"}," மணிநேரங்களுக்கு முன்பு"],"other":[{"t":"idOrVar","v":"value"}," மணிநேரங்களுக்கு முன்பு"],"two":[{"t":"idOrVar","v":"value"}," மணிநேரங்களுக்கு முன்பு"],"one":"ஒரு மணிநேரம் முன்பாக","zero":"Just now"},"$x":[{"t":"idOrVar","v":"plural"},"value"]},{"$i":"days-ago-long","$v":{"few":[{"t":"idOrVar","v":"value"}," நாட்களுக்கு முன்பு"],"many":[{"t":"idOrVar","v":"value"}," நாட்களுக்கு முன்பு"],"one":"நேற்று","other":[{"t":"idOrVar","v":"value"}," நாட்களுக்கு முன்பு"],"two":[{"t":"idOrVar","v":"value"}," நாட்களுக்கு முன்பு"],"zero":"இன்று"},"$x":[{"t":"idOrVar","v":"plural"},"value"]},{"$i":"weeks-ago-long","$v":{"few":[{"t":"idOrVar","v":"value"}," வாரங்களுக்கு முன்பு"],"many":[{"t":"idOrVar","v":"value"}," வாரங்களுக்கு முன்பு"],"one":"கடந்த வாரம்","other":[{"t":"idOrVar","v":"value"}," வாரங்களுக்கு முன்பு"],"two":[{"t":"idOrVar","v":"value"}," வாரங்களுக்கு முன்பு"],"zero":"இந்த வாரம்"},"$x":[{"t":"idOrVar","v":"plural"},"value"]},{"$i":"months-ago-long","$v":{"few":[{"t":"idOrVar","v":"value"}," மாதங்களுக்கு முன்பு"],"many":[{"t":"idOrVar","v":"value"}," மாதங்களுக்கு முன்பு"],"one":"கடந்த மாதம்","other":[{"t":"idOrVar","v":"value"}," மாதங்களுக்கு முன்பு"],"two":[{"t":"idOrVar","v":"value"}," மாதங்களுக்கு முன்பு"],"zero":"இந்த மாதம்"},"$x":[{"t":"idOrVar","v":"plural"},"value"]},{"$i":"years-ago-long","$v":{"few":[{"t":"idOrVar","v":"value"}," வருடங்களுக்கு முன்பு"],"many":[{"t":"idOrVar","v":"value"}," வருடங்களுக்கு முன்பு"],"one":"கடந்த வருடம்","other":[{"t":"idOrVar","v":"value"}," வருடங்களுக்கு முன்பு"],"two":[{"t":"idOrVar","v":"value"}," வருடங்களுக்கு முன்பு"],"zero":"இந்த வருடம்"},"$x":[{"t":"idOrVar","v":"plural"},"value"]},{"$i":"minutes-until-long","$v":{"few":[{"t":"idOrVar","v":"value"}," நிமிடங்களில்"],"many":[{"t":"idOrVar","v":"value"}," நிமிடங்களில்"],"other":[{"t":"idOrVar","v":"value"}," நிமிடங்களில்"],"two":[{"t":"idOrVar","v":"value"}," நிமிடங்களில்"],"zero":"இப்போதே","one":"ஒரு நிமிடத்தில்"},"$x":[{"t":"idOrVar","v":"plural"},"value"]},{"$i":"hours-until-long","$v":{"few":[{"t":"idOrVar","v":"value"}," மணிநேரங்களில்"],"many":[{"t":"idOrVar","v":"value"}," மணிநேரங்களில்"],"other":[{"t":"idOrVar","v":"value"}," மணிநேரங்களில்"],"two":[{"t":"idOrVar","v":"value"}," மணிநேரங்களில்"],"zero":"இப்போதே","one":"ஒரு மணிநேரத்தில்"},"$x":[{"t":"idOrVar","v":"plural"},"value"]},{"$i":"days-until-long","$v":{"few":[{"t":"idOrVar","v":"value"}," நாட்களில்"],"many":[{"t":"idOrVar","v":"value"}," நாட்களில்"],"one":"நாளை","other":[{"t":"idOrVar","v":"value"}," நாட்களில்"],"two":[{"t":"idOrVar","v":"value"}," நாட்களில்"],"zero":"இன்று"},"$x":[{"t":"idOrVar","v":"plural"},"value"]},{"$i":"weeks-until-long","$v":{"few":[{"t":"idOrVar","v":"value"}," வாரங்களில்"],"many":[{"t":"idOrVar","v":"value"}," வாரங்களில்"],"one":"அடுத்த வாரம்","other":[{"t":"idOrVar","v":"value"}," வாரங்களில்"],"two":[{"t":"idOrVar","v":"value"}," வாரங்களில்"],"zero":"இந்த வாரம்"},"$x":[{"t":"idOrVar","v":"plural"},"value"]},{"$i":"months-until-long","$v":{"few":[{"t":"idOrVar","v":"value"}," மாதங்களில்"],"many":[{"t":"idOrVar","v":"value"}," மாதங்களில்"],"one":"அடுத்த மாதம்","other":[{"t":"idOrVar","v":"value"}," மாதங்களில்"],"two":[{"t":"idOrVar","v":"value"}," மாதங்களில்"],"zero":"இந்த மாதம்"},"$x":[{"t":"idOrVar","v":"plural"},"value"]},{"$i":"years-until-long","$v":{"few":[{"t":"idOrVar","v":"value"}," வருடங்களில்"],"many":[{"t":"idOrVar","v":"value"}," வருடங்களில்"],"one":"அடுத்த ஆண்டு","other":[{"t":"idOrVar","v":"value"}," வருடங்களில்"],"two":[{"t":"idOrVar","v":"value"}," வருடங்களில்"],"zero":"இந்த வருடம்"},"$x":[{"t":"idOrVar","v":"plural"},"value"]},{"$i":"minutes-ago-short","$v":{"other":[{"t":"idOrVar","v":"value"},"நிமிடம் முன்பு"],"zero":"Just now"},"$x":[{"t":"idOrVar","v":"plural"},"value"]},{"$i":"hours-ago-short","$v":{"other":[{"t":"idOrVar","v":"value"},"மணிநேரம் முன்பு"],"zero":"Just now"},"$x":[{"t":"idOrVar","v":"plural"},"value"]},{"$i":"days-ago-short","$v":{"other":[{"t":"idOrVar","v":"value"},"நாள் முன்பு"],"zero":"இன்று"},"$x":[{"t":"idOrVar","v":"plural"},"value"]},{"$i":"minutes-until-short","$v":{"other":[{"t":"idOrVar","v":"value"},"நிமிடத்தில்"],"zero":"இப்போதே"},"$x":[{"t":"idOrVar","v":"plural"},"value"]},{"$i":"hours-until-short","$v":{"other":[{"t":"idOrVar","v":"value"},"மணிநேரத்தில்"],"zero":"இப்போதே"},"$x":[{"t":"idOrVar","v":"plural"},"value"]},{"$i":"days-until-short","$v":{"other":[{"t":"idOrVar","v":"value"},"நாள் இல்"],"zero":"இன்று"},"$x":[{"t":"idOrVar","v":"plural"},"value"]},{"$i":"incorrectDate","$v":"(தவறான தேதி)"},{"$i":"dateTimeFormat_%c","$v":"%a %b %e %Y %I:%M:%S %p"},{"$i":"dateTimeFormat_%x","$v":"%m/%d/%Y"},{"$i":"dateTimeFormat_%X","$v":"%I:%M:%S %p"},{"$i":"shortTimeFormat","$v":"%I:%M %p"},{"$i":"shortTimeFormat12","$v":"%I:%M %p"},{"$i":"shortTimeFormat24","$v":"%H:%M"},{"$i":"shortDateTimeFormat","$v":"%x %I:%M %p"},{"$i":"weekStartsOnMonday","$v":"0.0"},{"$i":"firstDayOfTheWeek","$v":"0.0"},{"$i":"time_am","$v":"AM"},{"$i":"time_pm","$v":"PM"}]