[{"$i":"setup-app-name-header","$v":"電子郵件"},{"$i":"setup-empty-account-message","$v":"尚未設定傳送或接收電子郵件。請設定一個帳號來完成此動作。"},{"$i":"setup-pick-service","$v":"若要傳送和接收電子郵件，您需要設定一個帳號。"},{"$i":"setup-account-header3","$v":"帳號登錄"},{"$i":"setup-account-password","$v":"密碼"},{"$i":"setup-info-next","$v":"下一步"},{"$i":"setup-progress-wait-msg","$v":"正在設定帳號"},{"$i":"setup-sync-progress-wait-msg","$v":"同步帳戶"},{"$i":"setup-completed-header","$v":"恭喜！"},{"$i":"setup-completed-label","$v":"全部完成！"},{"$i":"setup-add-another-account","$v":"增加其他帳號"},{"$i":"setup-show-mail","$v":"繼續前往電子郵件"},{"$i":"setup-done-add","$v":"增加帳號"},{"$i":"setup-error-offline","$v":"沒有網際網路連線。"},{"$i":"setup-error-bad-user-or-pass2","$v":"電子郵件地址或密碼不正確。"},{"$i":"setup-error-bad-address","$v":"電子郵件地址不正確。"},{"$i":"setup-error-not-authorized","$v":"無權創建帳戶。"},{"$i":"setup-error-pop-server-not-great","$v":"POP3服務器不支持必需的功能。"},{"$i":"setup-error-unknown2","$v":"發生不明錯誤。請檢查您的網路連線或嘗試手動設定選項。"},{"$i":"setup-error-needs-app-pass","$v":"您必須為兩要素Gmail帳戶使用應用程序專用密碼。"},{"$i":"setup-error-imap-disabled","$v":"您必須為您的Gmail帳戶啟用IMAP。"},{"$i":"setup-error-pop3-disabled","$v":"您必須為Gmail帳戶啟用POP3。"},{"$i":"setup-error-bad-security","$v":["無法建立與「",{"t":"idOrVar","v":"server"},"」的安全連線。您的網路或伺服器可能存在問題。"]},{"$i":"setup-error-unresponsive-server","$v":["無法建立與「",{"t":"idOrVar","v":"server"},"」的連線。網路可能存在問題。"]},{"$i":"setup-error-server-problem","$v":["伺服器「",{"t":"idOrVar","v":"server"},"」存在問題。請稍後再試。"]},{"$i":"setup-error-no-config-info","$v":"配置失敗。檢查電子郵件地址或嘗試手動配置選項。"},{"$i":"setup-error-server-maintenance","$v":["伺服器「",{"t":"idOrVar","v":"server"},"」已離線進行維護。請稍後再試。"]},{"$i":"setup-error-account-already-exists","$v":"此帳號已存在。"},{"$i":"setup-manual-config2","$v":"進階"},{"$i":"setup-manual-config-header","$v":"帳號登錄"},{"$i":"setup-manual-account-type-header","$v":"帳號類型"},{"$i":"setup-manual-account-type","$v":"帳號類型"},{"$i":"setup-manual-account-type-select","ariaLabel":"帳號類型"},{"$i":"setup-manual-imap-header","$v":"IMAP設定"},{"$i":"setup-manual-pop3-header","$v":"POP3卡設定"},{"$i":"setup-manual-smtp-header","$v":"SMTP設定"},{"$i":"setup-manual-activesync-header","$v":"ActiveSync設定"},{"$i":"setup-manual-next","$v":"下一步"},{"$i":"setup-manual-socket","$v":"通訊端類型"},{"$i":"setup-manual-socket-ssl","$v":"SSL"},{"$i":"setup-manual-socket-starttls","$v":"STARTTLS"},{"$i":"setup-manual-socket-select","ariaLabel":"連線安全性"},{"$i":"setup-manual-socket-plain","$v":"未加密"},{"$i":"setup-bad-password-header","$v":"密碼錯誤！"},{"$i":"setup-bad-password","$v":"無法登入伺服器。請重試密碼。"},{"$i":"setup-new-password","placeholder":"新密碼"},{"$i":"setup-fix-password","$v":"使用新密碼重試"},{"$i":"setup-gmail-twofactor-header","$v":"已啟用雙因素"},{"$i":"setup-gmail-twofactor-message","$v":"您需要在下方輸入應用程式專屬密碼。"},{"$i":"setup-gmail-imap-header","$v":"IMAP已停用"},{"$i":"setup-gmail-imap-message","$v":"您必須在Gmail帳號上啟用IMAP"},{"$i":"setup-gmail-retry","$v":"重試"},{"$i":"setup-gmail-pop3-header","$v":"POP3已停用"},{"$i":"setup-gmail-pop3-message","$v":"您必須在Gmail帳號上啟用POP3"},{"$i":"setup-fix-oauth2-header","$v":"重新授權電子郵件"},{"$i":"setup-fix-oauth2-description","$v":"電子郵件需要再次重新授權，才能存取下列帳號："},{"$i":"setup-fix-oauth2-reauthorize","$v":"重新授權"},{"$i":"settings-main-header","$v":"電子郵件設定"},{"$i":"settings-sub-header-account","$v":"帳號"},{"$i":"settings-account-group","ariaLabel":"帳號"},{"$i":"settings-account-name","$v":"您的名稱"},{"$i":"settings-account-label","$v":"帳號名稱"},{"$i":"settings-account-display-notifications","$v":"顯示新電子郵件通知"},{"$i":"settings-account-play-sound-onsend","$v":"訊息傳送後播放聲音"},{"$i":"settings-account-signature-label","$v":"簽名"},{"$i":"settings-sub-header-data","$v":"數據"},{"$i":"settings-data-group","ariaLabel":"數據"},{"$i":"settings-account-check-mail","$v":"檢查新訊息"},{"$i":"settings-account-check-mail-select","ariaLabel":"檢查新訊息"},{"$i":"settings-sub-header-server","$v":"伺服器設定"},{"$i":"settings-server-group","ariaLabel":"伺服器設定"},{"$i":"settings-account-userpass","$v":"使用者名稱和密碼"},{"$i":"settings-account-useroauth2","$v":"使用者名稱"},{"$i":"settings-default-signature-2","$v":"已從我的手機傳送"},{"$i":"settings-done","$v":"已完成"},{"$i":"settings-account-section","$v":"帳號"},{"$i":"settings-account-listbox","ariaLabel":"帳號"},{"$i":"settings-account-add","$v":"增加"},{"$i":"settings-account-delete","$v":"刪除帳號"},{"$i":"settings-account-delete-prompt","$v":"如果您刪除此帳號，則使用此帳號的應用程式也會受到影響。"},{"$i":"settings-account-delete-desc","$v":"如果您重複帳號建立，必須重新下載電子郵件。"},{"$i":"settings-account-delete-cancel","$v":"取消"},{"$i":"settings-account-delete-confirm","$v":"刪除"},{"$i":"settings-account-clarify","$v":[{"t":"idOrVar","v":"account-name"}]},{"$i":"settings-account-clarify-imap","$v":[{"t":"idOrVar","v":"account-name"},"(IMAP)"]},{"$i":"settings-account-clarify-pop3","$v":[{"t":"idOrVar","v":"account-name"},"(POP3)"]},{"$i":"settings-account-clarify-smtp","$v":[{"t":"idOrVar","v":"account-name"},"(SMTP)"]},{"$i":"settings-general-section","$v":"一般設定"},{"$i":"settings-show-images","$v":"總是顯示影像"},{"$i":"settings-download-attachments","$v":"下載附件"},{"$i":"settings-check-every-5min","$v":"每5分鐘"},{"$i":"settings-check-every-10min","$v":"每10分鐘"},{"$i":"settings-check-every-15min","$v":"每15分鐘"},{"$i":"settings-check-every-30min","$v":"每30分鐘"},{"$i":"settings-check-every-60min","$v":"每小時"},{"$i":"settings-check-every-manual","$v":"手動"},{"$i":"settings-check-dynamic","$v":{"few":[{"t":"idOrVar","v":"n"},"秒"],"many":[{"t":"idOrVar","v":"n"},"秒"],"one":[{"t":"idOrVar","v":"n"},"秒"],"other":[{"t":"idOrVar","v":"n"},"秒"],"two":[{"t":"idOrVar","v":"n"},"秒"],"zero":"已停用"},"$x":[{"t":"idOrVar","v":"plural"},"n"]},{"$i":"settings-default-account","$v":"設為預設電子郵件"},{"$i":"settings-account-type","$v":"帳號類型"},{"$i":"settings-account-credentials","$v":"認證"},{"$i":"settings-activesync-label","$v":"ActiveSync設定資訊"},{"$i":"settings-imap-label","$v":"IMAP設定資訊"},{"$i":"settings-pop3-label","$v":"POP3設定資訊"},{"$i":"settings-smtp-label","$v":"SMTP設定資訊"},{"$i":"settings-hostname","$v":"主機名稱"},{"$i":"settings-port","$v":"埠"},{"$i":"settings-username","$v":"使用者名稱"},{"$i":"settings-password","$v":"密碼"},{"$i":"settings-save","$v":"儲存"},{"$i":"password-saved","$v":"密碼已保存。"},{"$i":"settings-reauth","$v":"重新授權"},{"$i":"settings-account-synchronize-window","$v":"同步天數"},{"$i":"settings-account-synchronize-window-select","ariaLabel":"同步天數"},{"$i":"settings-synchronize-auto","$v":"自動"},{"$i":"settings-synchronize-one-day","$v":"1天"},{"$i":"settings-synchronize-three-days","$v":"3天"},{"$i":"settings-synchronize-one-week","$v":"1週"},{"$i":"settings-synchronize-two-weeks","$v":"2週"},{"$i":"settings-synchronize-one-month","$v":"1個月"},{"$i":"settings-synchronize-all","$v":"所有訊息"},{"$i":"envelope-from","$v":"來自"},{"$i":"envelope-to","$v":"至"},{"$i":"envelope-cc","$v":"副本"},{"$i":"envelope-bcc","$v":"密件副本"},{"$i":"message-header-state-sending","ariaLabel":"正在傳送"},{"$i":"message-header-state-error","ariaLabel":"傳送時發生錯誤"},{"$i":"message-header-unread","ariaLabel":"未讀取"},{"$i":"message-header-reply","ariaLabel":"回覆"},{"$i":"message-header-forward","ariaLabel":"轉寄"},{"$i":"message-header-starred","ariaLabel":"帶星號"},{"$i":"message-header-attachments","ariaLabel":"含附件"},{"$i":"message-body-container","ariaLabel":"訊息內文"},{"$i":"message-body-container-progress","ariaValueText":"正在載入"},{"$i":"subject","ariaLabel":"主旨"},{"$i":"attachments-container","ariaLabel":"附件"},{"$i":"from-group","ariaLabel":"來自"},{"$i":"to-group","ariaLabel":"至"},{"$i":"cc-group","ariaLabel":"副本"},{"$i":"bcc-group","ariaLabel":"密件副本"},{"$i":"compose-header","$v":"撰寫訊息"},{"$i":"compose-header-short","$v":"撰寫"},{"$i":"compose-send","$v":"傳送"},{"$i":"compose-send-button","ariaLabel":"傳送"},{"$i":"compose-to","$v":"至"},{"$i":"compose-cc","$v":"副本"},{"$i":"compose-bcc","$v":"密件副本"},{"$i":"compose-cc-remove","$v":"已移除副本清單。"},{"$i":"compose-bcc-remove","$v":"已移除密件副本清單。"},{"$i":"compose-contact-add","ariaLabel":"增加連絡人"},{"$i":"compose-attachments","$v":{"few":["附件(",{"t":"idOrVar","v":"n"},")"],"many":["附件(",{"t":"idOrVar","v":"n"},")"],"one":["附件(",{"t":"idOrVar","v":"n"},")"],"other":["附件(",{"t":"idOrVar","v":"n"},")"],"two":["附件(",{"t":"idOrVar","v":"n"},")"],"zero":"附件"},"$x":[{"t":"idOrVar","v":"plural"},"n"]},{"$i":"compose-text","ariaLabel":"編輯"},{"$i":"compose-attachment-still-working","$v":"請稍候，仍在處理上一個附件..."},{"$i":"compose-attachment-loading","$v":"加載附件......"},{"$i":"compose-attachments-loading","$v":"加載附件......"},{"$i":"compose-forward-attachment-error-title","$v":"下載失敗。"},{"$i":"compose-forward-attachment-error-title2","$v":"錯誤"},{"$i":"compose-forward-attachment-unable-load","$v":"無法載入附件。"},{"$i":"compose-forward-attachments-unable-load","$v":"無法載入附件。"},{"$i":"compose-forward-attachment-load-error","$v":"無法載入部分附件。"},{"$i":"confirmation-title","$v":"確認"},{"$i":"compose-subject","$v":"主旨"},{"$i":"compose-draft-save","$v":"儲存至本機草稿？"},{"$i":"compose-discard-confirm","$v":"放棄"},{"$i":"compose-draft-dialog-cancel","$v":"取消"},{"$i":"compose-draft-dialog-save","$v":"儲存"},{"$i":"composer-draft-saved","$v":"草稿已保存。"},{"$i":"attention","$v":"注意"},{"$i":"compose-send-message-failed","$v":"傳送電子郵件失敗"},{"$i":"compose-attchment-size-exceeded","$v":"附件太大，無法與郵件一起發送。"},{"$i":"compose-attchments-size-exceeded","$v":"附件太大，無法隨郵件一起發送。"},{"$i":"composer-attachment-large-title","$v":"檔案大小過大"},{"$i":"default-attachment-filename","$v":["附件",{"t":"idOrVar","v":"n"}]},{"$i":"attachment-size-meb","$v":[{"t":"idOrVar","v":"megabytes"}," MB"]},{"$i":"attachment-size-kib","$v":[{"t":"idOrVar","v":"kilobytes"}," KB"]},{"$i":"attachment-size-byte","$v":[{"t":"idOrVar","v":"bytes"}," B"]},{"$i":"message-attachment-view","$v":"檢視"},{"$i":"message-attachment-did-not-open-label","$v":"無法開啟"},{"$i":"message-attachment-did-not-open-body","$v":"裝置不具有可開啟附件的應用程式。"},{"$i":"message-attachment-too-large","$v":"此檔案太大，無法下載。"},{"$i":"message-attachment-not-found","$v":"找不到附件文件，請重新下載？"},{"$i":"message-attachment-download-fail","$v":[{"t":"idOrVar","v":"fileName"}," -下載失敗"]},{"$i":"message-no-subject","$v":"(無主旨)"},{"$i":"message-edit-menu-edit","$v":"編輯"},{"$i":"message-edit-menu-delete","$v":"刪除"},{"$i":"message-edit-delete-confirm","$v":"刪除電子郵件訊息？"},{"$i":"message-forward-attachment-title","$v":"附件"},{"$i":"message-forward-attachment","$v":"同時轉寄附件？"},{"$i":"message-forward-attachments","$v":"同時轉寄附件？"},{"$i":"message-multiedit-header","$v":{"few":["已選取",{"t":"idOrVar","v":"n"}],"many":["已選取",{"t":"idOrVar","v":"n"}],"one":["已選取",{"t":"idOrVar","v":"n"}],"other":["已選取",{"t":"idOrVar","v":"n"}],"two":["已選取",{"t":"idOrVar","v":"n"}],"zero":["已選取",{"t":"idOrVar","v":"n"}]},"$x":[{"t":"idOrVar","v":"plural"},"n"]},{"$i":"message-multiedit-search-header","$v":{"few":["已選取",{"t":"idOrVar","v":"n"}],"many":["已選取",{"t":"idOrVar","v":"n"}],"one":["已選取",{"t":"idOrVar","v":"n"}],"other":["已選取",{"t":"idOrVar","v":"n"}],"two":["已選取",{"t":"idOrVar","v":"n"}],"zero":"已選取0"},"$x":[{"t":"idOrVar","v":"plural"},"n"]},{"$i":"browse-to-url-prompt","$v":["瀏覽至URL？：",{"t":"idOrVar","v":"url"}]},{"$i":"message-download-images-tap","$v":{"few":["此電子郵件包含",{"t":"idOrVar","v":"n"},"個影像。請點擊以下載。"],"many":["此電子郵件包含",{"t":"idOrVar","v":"n"},"個影像。請點擊以下載。"],"one":"此電子郵件包含1個影像。請點擊以下載。","other":["此電子郵件包含",{"t":"idOrVar","v":"n"},"個影像。請點擊以下載。"],"two":["此電子郵件包含",{"t":"idOrVar","v":"n"},"個影像。請點擊以下載。"]},"$x":[{"t":"idOrVar","v":"plural"},"n"]},{"$i":"message-show-external-images","$v":"顯示外部影像"},{"$i":"message-delete-cancel","$v":"取消"},{"$i":"message-multiedit-delete-confirm","$v":{"few":["刪除",{"t":"idOrVar","v":"n"},"則訊息？"],"many":["刪除",{"t":"idOrVar","v":"n"},"則訊息？"],"one":"刪除所選的訊息？","other":["刪除",{"t":"idOrVar","v":"n"},"則訊息？"],"two":["刪除",{"t":"idOrVar","v":"n"},"則訊息？"]},"$x":[{"t":"idOrVar","v":"plural"},"n"]},{"$i":"message-large-message-cancel","$v":"取消"},{"$i":"message-large-message-ok","$v":"繼續"},{"$i":"message-large-message-confirm","$v":"此訊息較大，可能需要一些時間進行下載。"},{"$i":"message-large-message-warning","$v":"訊息太大，無法載入。"},{"$i":"message-search-header","$v":"搜尋"},{"$i":"search-result","$v":["電子郵件(",{"t":"idOrVar","v":"num"},")"]},{"$i":"message-search-from","$v":"來自"},{"$i":"message-search-to","$v":"至"},{"$i":"message-search-subject","$v":"主旨"},{"$i":"message-search-body","$v":"內文"},{"$i":"message-search-all","$v":"全部"},{"$i":"message-search-input","placeholder":"搜尋電子郵件"},{"$i":"message-search-cancel","$v":"取消"},{"$i":"messages-syncing","$v":"正在載入訊息"},{"$i":"messages-syncing-progressbar","ariaValueText":"正在載入訊息"},{"$i":"messages-load-more","$v":"載入更多訊息"},{"$i":"messages-folder-empty","$v":"此文件夾中沒有電子郵件"},{"$i":"messages-search-empty","$v":"在本機快取的訊息中沒有對應項"},{"$i":"messages-folder-select","$v":"移動至資料夾"},{"$i":"messages-folder-unread-max","$v":"999+"},{"$i":"message-contact-menu-create","$v":"建立新連絡人"},{"$i":"message-contact-menu-add-existing","$v":"增加至現有連絡人"},{"$i":"message-contact-menu-view","$v":"檢視連絡人"},{"$i":"message-contact-menu-reply","$v":"回覆"},{"$i":"message-contact-menu-new","$v":"傳送新電子郵件"},{"$i":"message-reply-menu-reply","$v":"回覆"},{"$i":"message-reply-menu-reply-all","$v":"全部回覆"},{"$i":"message-reply-menu-forward","$v":"轉寄"},{"$i":"message-reply-menu-cancel","$v":"取消"},{"$i":"reply-quoting-wrote","$v":"{name}撰寫"},{"$i":"forward-original-message","$v":"原始訊息"},{"$i":"forward-header-subject","$v":"主旨"},{"$i":"forward-header-date","$v":"日期"},{"$i":"forward-header-from","$v":"來自"},{"$i":"forward-header-reply-to","$v":"回覆到"},{"$i":"forward-header-to","$v":"至"},{"$i":"forward-header-cc","$v":"副本"},{"$i":"folder-inbox","$v":"收件匣"},{"$i":"folder-sent","$v":"已傳送"},{"$i":"folder-drafts","$v":"草稿"},{"$i":"folder-trash","$v":"垃圾桶"},{"$i":"folder-queue","$v":"未傳送"},{"$i":"folder-junk","$v":"垃圾郵件"},{"$i":"folder-archives","$v":"歸檔"},{"$i":"folder-localdrafts","$v":"本機草稿"},{"$i":"folder-outbox","$v":"寄件匣"},{"$i":"drawer-back","$v":"返回"},{"$i":"drawer-accounts-header","$v":"帳號"},{"$i":"drawer-settings-link","$v":"設定"},{"$i":"folder-last-synced-label","$v":"上次同步時間："},{"$i":"messages-refresh-progress","ariaValueText":"正在重新整理"},{"$i":"no-internet-connection","$v":"沒有網際網路連線。"},{"$i":"toaster-undo","$v":"復原"},{"$i":"toaster-message-star","$v":{"one":"電子郵件已標記。","few":[{"t":"idOrVar","v":"n"},"封電子郵件已加上標幟。"],"many":[{"t":"idOrVar","v":"n"},"封電子郵件已加上標幟。"],"other":[{"t":"idOrVar","v":"n"},"封電子郵件已加上標幟。"],"two":[{"t":"idOrVar","v":"n"},"封電子郵件已加上標幟。"]},"$x":[{"t":"idOrVar","v":"plural"},"n"]},{"$i":"toaster-message-unstar","$v":{"one":"電子郵件標記已刪除。","few":[{"t":"idOrVar","v":"n"},"封電子郵件的標幟已移除。"],"many":[{"t":"idOrVar","v":"n"},"封電子郵件的標幟已移除。"],"other":[{"t":"idOrVar","v":"n"},"封電子郵件的標幟已移除。"],"two":[{"t":"idOrVar","v":"n"},"封電子郵件的標幟已移除。"]},"$x":[{"t":"idOrVar","v":"plural"},"n"]},{"$i":"toaster-message-read","$v":{"one":"電子郵件已標記為已讀。","few":[{"t":"idOrVar","v":"n"},"封電子郵件已標記為已讀取。"],"many":[{"t":"idOrVar","v":"n"},"封電子郵件已標記為已讀取。"],"other":[{"t":"idOrVar","v":"n"},"封電子郵件已標記為已讀取。"],"two":[{"t":"idOrVar","v":"n"},"封電子郵件已標記為已讀取。"]},"$x":[{"t":"idOrVar","v":"plural"},"n"]},{"$i":"toaster-message-unread","$v":{"one":"電子郵件標記為未讀。","few":[{"t":"idOrVar","v":"n"},"封電子郵件已標記為未讀取。"],"many":[{"t":"idOrVar","v":"n"},"封電子郵件已標記為未讀取。"],"other":[{"t":"idOrVar","v":"n"},"封電子郵件已標記為未讀取。"],"two":[{"t":"idOrVar","v":"n"},"封電子郵件已標記為未讀取。"]},"$x":[{"t":"idOrVar","v":"plural"},"n"]},{"$i":"toaster-message-move","$v":{"one":"電子郵件已移至資料夾","few":[{"t":"idOrVar","v":"n"},"封電子郵件已移動到資料夾"],"many":[{"t":"idOrVar","v":"n"},"封電子郵件已移動到資料夾"],"other":[{"t":"idOrVar","v":"n"},"封電子郵件已移動到資料夾"],"two":[{"t":"idOrVar","v":"n"},"封電子郵件已移動到資料夾"]},"$x":[{"t":"idOrVar","v":"plural"},"n"]},{"$i":"toaster-message-delete","$v":{"one":"電子郵件已刪除。","few":["已刪除",{"t":"idOrVar","v":"n"},"封電子郵件。"],"many":["已刪除",{"t":"idOrVar","v":"n"},"封電子郵件。"],"other":["已刪除",{"t":"idOrVar","v":"n"},"封電子郵件。"],"two":["已刪除",{"t":"idOrVar","v":"n"},"封電子郵件。"]},"$x":[{"t":"idOrVar","v":"plural"},"n"]},{"$i":"toaster-sync-failed","$v":"無法連接至伺服器。"},{"$i":"compose-invalid-addresses-title","$v":"無效地址"},{"$i":"compose-invalid-addresses-description","$v":"您的訊息包含一或多個無效電子郵件地址。請在傳送之前進行更正。"},{"$i":"background-send-pending","$v":"沒有網絡連接。電子郵件已保存到發件箱。"},{"$i":"background-send-sending","$v":"正在傳送…"},{"$i":"background-send-success","$v":"電子郵件已傳送。"},{"$i":"background-send-error","$v":"正在發送錯誤。電子郵件已保存到發件箱。"},{"$i":"background-send-error-recipients","$v":"收件者錯誤。電子郵件已儲存至寄件匣。"},{"$i":"background-send-error-title","$v":"電子郵件無法傳送"},{"$i":"send-failure-recipients","$v":"請檢查上述地址的拼字。您的電子郵件伺服器指示，上述一或多個地址不正確。"},{"$i":"send-failure-unknown","$v":"無法傳送訊息。"},{"$i":"form-clear-input","$v":"移除文字"},{"$i":"confirm-dialog-title","$v":"確認"},{"$i":"confirm-dialog-ok","$v":"確認"},{"$i":"msg-display-subject","$v":"主旨"},{"$i":"msg-reader-display-attachments","$v":"附件"},{"$i":"msg-reader-display-attachment","$v":"附件"},{"$i":"msg-reader-download-external-images","$v":["下載外部影像(",{"t":"idOrVar","v":"n"}," MB)"]},{"$i":"msg-reader-sender-header","$v":"發件人"},{"$i":"msg-reader-recipients-header","$v":"收件者"},{"$i":"msg-reader-cc-header","$v":"副本"},{"$i":"msg-reader-bcc-header","$v":"密件副本"},{"$i":"msg-reader-message-flagged","$v":"訊息已加上標幟"},{"$i":"msg-reader-flag-removed","$v":"標幟已移除"},{"$i":"external-image-downloading","$v":"正在下載..."},{"$i":"senders-separation-sign","$v":", "},{"$i":"new-messages","$v":{"few":[{"t":"idOrVar","v":"n"},"條新訊息"],"many":[{"t":"idOrVar","v":"n"},"條新訊息"],"one":"1條新訊息","other":[{"t":"idOrVar","v":"n"},"條新訊息"],"two":[{"t":"idOrVar","v":"n"},"條新訊息"]},"$x":[{"t":"idOrVar","v":"plural"},"n"]},{"$i":"new-emails-notify-one-account","$v":{"few":[{"t":"idOrVar","v":"n"},"封新電子郵件"],"many":[{"t":"idOrVar","v":"n"},"封新電子郵件"],"one":"1封新電子郵件","other":[{"t":"idOrVar","v":"n"},"封新電子郵件"],"two":[{"t":"idOrVar","v":"n"},"封新電子郵件"]},"$x":[{"t":"idOrVar","v":"plural"},"n"]},{"$i":"new-emails-notify-multiple-accounts","$v":{"few":[{"t":"idOrVar","v":"n"},"封新電子郵件(",{"t":"idOrVar","v":"accountName"},")"],"many":[{"t":"idOrVar","v":"n"},"封新電子郵件(",{"t":"idOrVar","v":"accountName"},")"],"one":["1封新電子郵件(",{"t":"idOrVar","v":"accountName"},")"],"other":[{"t":"idOrVar","v":"n"},"封新電子郵件(",{"t":"idOrVar","v":"accountName"},")"],"two":[{"t":"idOrVar","v":"n"},"封新電子郵件(",{"t":"idOrVar","v":"accountName"},")"]},"$x":[{"t":"idOrVar","v":"plural"},"n"]},{"$i":"new-emails-notify-multiple-accounts-body","$v":[{"t":"idOrVar","v":"from"},"「",{"t":"idOrVar","v":"subject"},"」"]},{"$i":"tng-plain-socket-warning-title","$v":"確認？"},{"$i":"tng-plain-socket-warning-message","$v":"其他人可以看到您的密碼和電子郵件或控制您的帳號。"},{"$i":"tng-plain-socket-warning-message-options","$v":"存在多個免費的電子郵件提供商，可提供更安全的加密連線。"},{"$i":"tng-plain-socket-warning-ok","$v":"我暸解"},{"$i":"message-reader-date-received","ariaLabel":"已接收"},{"$i":"sort-by-title","$v":"排序依據"},{"$i":"sort-by-date","$v":"日期"},{"$i":"sort-by-from","$v":"來自"},{"$i":"sort-by-to","$v":"至"},{"$i":"sort-by-subject","$v":"主旨"},{"$i":"softkey-options","$v":"選項"},{"$i":"opt-compose","$v":"撰寫"},{"$i":"opt-reply","$v":"回覆"},{"$i":"opt-reply-all","$v":"全部回覆"},{"$i":"opt-forward","$v":"轉寄"},{"$i":"opt-mark-read","$v":"標記為已讀取"},{"$i":"opt-mark-unread","$v":"標記為未讀取"},{"$i":"opt-add-flag","$v":"增加標幟"},{"$i":"opt-remove-flag","$v":"移除標幟"},{"$i":"opt-move-message","$v":"移動至資料夾"},{"$i":"opt-delete-message","$v":"刪除"},{"$i":"opt-multi-select","$v":"多選"},{"$i":"opt-search","$v":"搜尋"},{"$i":"opt-folders","$v":"檢視資料夾"},{"$i":"opt-sort","$v":"排序"},{"$i":"opt-sync","$v":"同步"},{"$i":"opt-account","$v":"切換帳號"},{"$i":"opt-settings","$v":"設定"},{"$i":"opt-edit","$v":"編輯"},{"$i":"opt-cancel","$v":"取消"},{"$i":"opt-save","$v":"儲存"},{"$i":"opt-move","$v":"移動"},{"$i":"opt-view","$v":"檢視"},{"$i":"opt-empty-trash","$v":"清空垃圾桶"},{"$i":"opt-call-number","$v":"撥號"},{"$i":"opt-compose-mail","$v":"撰寫"},{"$i":"opt-open-url","$v":"開啟"},{"$i":"select-option-on","$v":"開"},{"$i":"select-option-off","$v":"關"},{"$i":"select-option-imap-smtp","$v":"IMAP+SMTP"},{"$i":"select-option-pop3-smtp","$v":"POP3+SMTP"},{"$i":"select-option-activesync","$v":"ActiveSync"},{"$i":"toaster-switch-account","$v":"電子郵件帳號已切換至："},{"$i":"toaster-sorted-by","$v":"電子郵件排序方式"},{"$i":"cmp-reply","$v":"回覆"},{"$i":"cmp-reply-all","$v":"全部回覆"},{"$i":"cmp-forward","$v":"轉寄訊息"},{"$i":"cmp-remove-attach","$v":"附件已移除"},{"$i":"select","$v":"選取"},{"$i":"deselect","$v":"取消選取"},{"$i":"cancel","$v":"取消"},{"$i":"enter","$v":"輸入"},{"$i":"remove-attachment","$v":"移除附件"},{"$i":"replace-attachment","$v":"替換附件"},{"$i":"add-attachment","$v":"增加附件"},{"$i":"add-contact","$v":"增加連絡人"},{"$i":"add-cc","$v":"增加副本"},{"$i":"remove-cc","$v":"移除副本"},{"$i":"add-bcc","$v":"增加密件副本"},{"$i":"remove-bcc","$v":"移除密件副本"},{"$i":"attachment-download","$v":"下載"},{"$i":"attachment-share","$v":"分享"},{"$i":"send-new-mail","$v":"傳送新電子郵件"},{"$i":"view-contact","$v":"檢視連絡人"},{"$i":"save-new-contact","$v":"建立新連絡人"},{"$i":"add-to-exsiting-contact","$v":"增加至現有連絡人"},{"$i":"no","$v":"否"},{"$i":"yes","$v":"是"},{"$i":"retry","$v":"重試"},{"$i":"empty","$v":"空白"},{"$i":"empty-trash-confirm","$v":"是否要清空垃圾桶？"},{"$i":"trash-emptied","$v":"垃圾桶已清空"},{"$i":"next","$v":"下一步"},{"$i":"welcome-header","$v":"電子郵件"},{"$i":"welcome-msg","$v":"歡迎使用電子郵件。"},{"$i":"welcome-msg-setup","$v":"按「下一步」設定您的電子郵件帳號。"},{"$i":"discard","$v":"放棄"},{"$i":"leave-this-page-warning-message","$v":"捨棄資訊？"},{"$i":"finish","$v":"完成"},{"$i":"setup-done-msg","$v":"您已成功登入。是否要增加其他帳號？"},{"$i":"save-as-draft","$v":"另存為草稿"},{"$i":"show-password","$v":"顯示密碼"},{"$i":"account-label","$v":"帳號名稱"},{"$i":"folders","$v":"資料夾"},{"$i":"security","$v":"安全"},{"$i":"port-number","$v":"埠號"},{"$i":"domain-username","$v":"網域\\用戶名稱"},{"$i":"synchronizing","$v":"同步中…"},{"$i":"browse-mail","$v":"瀏覽電子郵件"},{"$i":"never-sync","$v":"本地資料夾無法同步"},{"$i":"emptyDownloadFile","$v":"無法下載此檔案，可能為空白"},{"$i":"sync","$v":"同步"},{"$i":"outbox-unsent-label","$v":{"few":["寄件匣中有",{"t":"idOrVar","v":"n"},"條未傳送訊息"],"many":["寄件匣中有",{"t":"idOrVar","v":"n"},"條未傳送訊息"],"one":"寄件匣中有1條未傳送訊息","other":["寄件匣中有",{"t":"idOrVar","v":"n"},"條未傳送訊息"],"two":"寄件匣中有2條未傳送訊息"},"$x":[{"t":"idOrVar","v":"plural"},"n"]},{"$i":"storage-full-title","$v":"儲存空間已滿"},{"$i":"storage-full-warning","$v":"可以刪除部分媒體檔案或管理應用程式數據，以釋放更多可用空間。"},{"$i":"storage-full","$v":"手機儲存空間已滿。"},{"$i":"storage-sdcard-full","$v":"SD卡已滿。"},{"$i":"view-address","$v":"檢視地址"},{"$i":"mail-address-title","$v":"電子郵件地址"},{"$i":"mail-address","$v":[{"t":"idOrVar","v":"address"}]},{"$i":"value-name","$v":[{"t":"idOrVar","v":"name"}]},{"$i":"account-deleted","$v":"帳戶已刪除。"},{"$i":"account-reEnable","$v":"用戶名已經被註冊。同步帳戶？"},{"$i":"setup-account-usedInfo","$v":"此帳號將用於下列應用程式。您可以在「設定」>「帳號」中變更此設定。"},{"$i":"setup-account-settingsInfo","$v":"每個應用程式具有不同的預設同步處理間隔，請在應用程式設定中查看。"},{"$i":"app-calendar","$v":"行事曆"},{"$i":"app-contacts","$v":"連絡人"},{"$i":"app-email","$v":"電子郵件"},{"$i":"sync-account-guide","$v":"在“設定”中打開帳戶同步以查看電子郵件。"},{"$i":"settings-account-sync","$v":"同步帳戶"},{"$i":"weekday-0-long","$v":"星期日"},{"$i":"weekday-1-long","$v":"星期一"},{"$i":"weekday-2-long","$v":"星期二"},{"$i":"weekday-3-long","$v":"星期三"},{"$i":"weekday-4-long","$v":"星期四"},{"$i":"weekday-5-long","$v":"星期五"},{"$i":"weekday-6-long","$v":"星期六"},{"$i":"weekday-0-short","$v":"周日"},{"$i":"weekday-1-short","$v":"周一"},{"$i":"weekday-2-short","$v":"周二"},{"$i":"weekday-3-short","$v":"周三"},{"$i":"weekday-4-short","$v":"周四"},{"$i":"weekday-5-short","$v":"周五"},{"$i":"weekday-6-short","$v":"周六"},{"$i":"month-0-long","$v":"一月"},{"$i":"month-1-long","$v":"二月"},{"$i":"month-2-long","$v":"三月"},{"$i":"month-3-long","$v":"四月"},{"$i":"month-4-long","$v":"五月"},{"$i":"month-5-long","$v":"六月"},{"$i":"month-6-long","$v":"七月"},{"$i":"month-7-long","$v":"八月"},{"$i":"month-8-long","$v":"九月"},{"$i":"month-9-long","$v":"十月"},{"$i":"month-10-long","$v":"十一月"},{"$i":"month-11-long","$v":"十二月"},{"$i":"month-0-genitive","$v":"一月"},{"$i":"month-1-genitive","$v":"二月"},{"$i":"month-2-genitive","$v":"三月"},{"$i":"month-3-genitive","$v":"四月"},{"$i":"month-4-genitive","$v":"五月"},{"$i":"month-5-genitive","$v":"六月"},{"$i":"month-6-genitive","$v":"七月"},{"$i":"month-7-genitive","$v":"八月"},{"$i":"month-8-genitive","$v":"九月"},{"$i":"month-9-genitive","$v":"十月"},{"$i":"month-10-genitive","$v":"十一月"},{"$i":"month-11-genitive","$v":"十二月"},{"$i":"month-0-short","$v":"1月"},{"$i":"month-1-short","$v":"2月"},{"$i":"month-2-short","$v":"3月"},{"$i":"month-3-short","$v":"4月"},{"$i":"month-4-short","$v":"5月"},{"$i":"month-5-short","$v":"6月"},{"$i":"month-6-short","$v":"7月"},{"$i":"month-7-short","$v":"8月"},{"$i":"month-8-short","$v":"9月"},{"$i":"month-9-short","$v":"10月"},{"$i":"month-10-short","$v":"11月"},{"$i":"month-11-short","$v":"12月"},{"$i":"minutes-ago-long","$v":{"few":[{"t":"idOrVar","v":"value"},"分鐘前"],"many":[{"t":"idOrVar","v":"value"},"分鐘前"],"other":[{"t":"idOrVar","v":"value"},"分鐘前"],"two":[{"t":"idOrVar","v":"value"},"分鐘前"],"one":"一分鐘前","zero":"現在"},"$x":[{"t":"idOrVar","v":"plural"},"value"]},{"$i":"hours-ago-long","$v":{"few":[{"t":"idOrVar","v":"value"},"小時前"],"many":[{"t":"idOrVar","v":"value"},"小時前"],"other":[{"t":"idOrVar","v":"value"},"小時前"],"two":[{"t":"idOrVar","v":"value"},"小時前"],"one":"1小時前","zero":"現在"},"$x":[{"t":"idOrVar","v":"plural"},"value"]},{"$i":"days-ago-long","$v":{"few":[{"t":"idOrVar","v":"value"},"天前"],"many":[{"t":"idOrVar","v":"value"},"天前"],"one":"昨天","other":[{"t":"idOrVar","v":"value"},"天前"],"two":[{"t":"idOrVar","v":"value"},"天前"],"zero":"今天"},"$x":[{"t":"idOrVar","v":"plural"},"value"]},{"$i":"weeks-ago-long","$v":{"few":[{"t":"idOrVar","v":"value"},"星期前"],"many":[{"t":"idOrVar","v":"value"},"星期前"],"one":"上週","other":[{"t":"idOrVar","v":"value"},"星期前"],"two":[{"t":"idOrVar","v":"value"},"星期前"],"zero":"本週"},"$x":[{"t":"idOrVar","v":"plural"},"value"]},{"$i":"months-ago-long","$v":{"few":[{"t":"idOrVar","v":"value"},"個月前"],"many":[{"t":"idOrVar","v":"value"},"個月前"],"one":"上個月","other":[{"t":"idOrVar","v":"value"},"個月前"],"two":[{"t":"idOrVar","v":"value"},"個月前"],"zero":"本月"},"$x":[{"t":"idOrVar","v":"plural"},"value"]},{"$i":"years-ago-long","$v":{"few":[{"t":"idOrVar","v":"value"},"年前"],"many":[{"t":"idOrVar","v":"value"},"年前"],"one":"上一年","other":[{"t":"idOrVar","v":"value"},"年前"],"two":[{"t":"idOrVar","v":"value"},"年前"],"zero":"今年"},"$x":[{"t":"idOrVar","v":"plural"},"value"]},{"$i":"minutes-until-long","$v":{"few":["在",{"t":"idOrVar","v":"value"},"分鐘後"],"many":["在",{"t":"idOrVar","v":"value"},"分鐘後"],"other":["在",{"t":"idOrVar","v":"value"},"分鐘後"],"two":["在",{"t":"idOrVar","v":"value"},"分鐘後"],"zero":"現在","one":"1分鐘內"},"$x":[{"t":"idOrVar","v":"plural"},"value"]},{"$i":"hours-until-long","$v":{"few":["在",{"t":"idOrVar","v":"value"},"小時後"],"many":["在",{"t":"idOrVar","v":"value"},"小時後"],"other":["在",{"t":"idOrVar","v":"value"},"小時後"],"two":[{"t":"idOrVar","v":"value"},"小時"],"zero":"現在","one":"1小時內"},"$x":[{"t":"idOrVar","v":"plural"},"value"]},{"$i":"days-until-long","$v":{"few":["在",{"t":"idOrVar","v":"value"},"天後"],"many":["在",{"t":"idOrVar","v":"value"},"天後"],"one":"明天","other":["在",{"t":"idOrVar","v":"value"},"天後"],"two":["在",{"t":"idOrVar","v":"value"},"天後"],"zero":"今天"},"$x":[{"t":"idOrVar","v":"plural"},"value"]},{"$i":"weeks-until-long","$v":{"few":["在",{"t":"idOrVar","v":"value"},"週後"],"many":["在",{"t":"idOrVar","v":"value"},"週後"],"one":"下週","other":["在",{"t":"idOrVar","v":"value"},"週後"],"two":["在",{"t":"idOrVar","v":"value"},"週後"],"zero":"本週"},"$x":[{"t":"idOrVar","v":"plural"},"value"]},{"$i":"months-until-long","$v":{"few":["在",{"t":"idOrVar","v":"value"},"個月後"],"many":["在",{"t":"idOrVar","v":"value"},"個月後"],"one":"下個月","other":["在",{"t":"idOrVar","v":"value"},"個月後"],"two":["在",{"t":"idOrVar","v":"value"},"個月後"],"zero":"本月"},"$x":[{"t":"idOrVar","v":"plural"},"value"]},{"$i":"years-until-long","$v":{"few":["在",{"t":"idOrVar","v":"value"},"年後"],"many":["在",{"t":"idOrVar","v":"value"},"年後"],"one":"明年","other":["在",{"t":"idOrVar","v":"value"},"年後"],"two":["在",{"t":"idOrVar","v":"value"},"年後"],"zero":"今年"},"$x":[{"t":"idOrVar","v":"plural"},"value"]},{"$i":"minutes-ago-short","$v":{"other":[{"t":"idOrVar","v":"value"},"分鐘前"],"zero":"現在"},"$x":[{"t":"idOrVar","v":"plural"},"value"]},{"$i":"hours-ago-short","$v":{"other":[{"t":"idOrVar","v":"value"},"小時前"],"zero":"現在"},"$x":[{"t":"idOrVar","v":"plural"},"value"]},{"$i":"days-ago-short","$v":{"other":[{"t":"idOrVar","v":"value"},"天前"],"zero":"今天"},"$x":[{"t":"idOrVar","v":"plural"},"value"]},{"$i":"minutes-until-short","$v":{"other":["在",{"t":"idOrVar","v":"value"},"分鐘後"],"zero":"現在"},"$x":[{"t":"idOrVar","v":"plural"},"value"]},{"$i":"hours-until-short","$v":{"other":["在",{"t":"idOrVar","v":"value"},"小時後"],"zero":"現在"},"$x":[{"t":"idOrVar","v":"plural"},"value"]},{"$i":"days-until-short","$v":{"other":["在",{"t":"idOrVar","v":"value"},"天後"],"zero":"今天"},"$x":[{"t":"idOrVar","v":"plural"},"value"]},{"$i":"incorrectDate","$v":"(日期不正確)"},{"$i":"dateTimeFormat_%c","$v":"%a %b %e %Y %I:%M:%S %p"},{"$i":"dateTimeFormat_%x","$v":"%m/%d/%Y"},{"$i":"dateTimeFormat_%X","$v":"%p %I:%M:%S"},{"$i":"shortTimeFormat","$v":"%I:%M %p"},{"$i":"shortTimeFormat12","$v":"%I:%M %p"},{"$i":"shortTimeFormat24","$v":"%H:%M"},{"$i":"shortDateTimeFormat","$v":"%x %I:%M %p"},{"$i":"weekStartsOnMonday","$v":"0.0"},{"$i":"firstDayOfTheWeek","$v":"0.0"},{"$i":"time_am","$v":"上午"},{"$i":"time_pm","$v":"下午"}]