﻿<loc>


	<language lang="en">
		<str_level>LEVEL </str_level>
		<str_level_1> </str_level_1>
		<str_mission_ranking>CROSS THE FINISH LINE FIRST</str_mission_ranking>
		<str_mission_ranking_1>1ST PLACE</str_mission_ranking_1>
		<str_mission_knockout>KNOCK OUT </str_mission_knockout>
		<str_mission_knockout_1> VEHICLES</str_mission_knockout_1>
		<str_mission_escape>ESCAPE FROM THE COPS</str_mission_escape>
		<str_coin_collected> </str_coin_collected>
		<str_coin_collected_1> COIN(S) COLLECTED</str_coin_collected_1>
		<str_bigcoin_collected> </str_bigcoin_collected>
		<str_bigcoin_collected_1> BIG COIN(S) COLLECTED</str_bigcoin_collected_1>
		<str_topspeed>TOP SPEED</str_topspeed>
		<str_acceleration>ACCELERATION</str_acceleration>
		<str_nitro>NITRO</str_nitro>
		<str_coinbonus>COIN BONUS</str_coinbonus>
		<str_topspeed_unit> MPH</str_topspeed_unit>
		<str_nitro_unit> SECONDS</str_nitro_unit>
		<str_coinbonus_unit>%</str_coinbonus_unit>
		<str_total> TOTAL</str_total>
		<str_unlock_1>CONGRATULATIONS!</str_unlock_1>
		<str_unlock_2>YOU UNLOCKED A NEW CAR.</str_unlock_2>
		<str_confirm>ARE YOU SURE?</str_confirm>
		<str_tuto>TAP TO START.</str_tuto>
		<str_bonus>BONUS LEVEL!</str_bonus>
		<skip_level>Do you want to skip this level?</skip_level>
		<main_hello>Hello [username]</main_hello>
		<load_success>Save successfully loaded</load_success>
		<load>Loading...</load>
		<save>Saving...</save>
		<saved>Game saved</saved>
		<main_login>Log in to save the game</main_login>
		<logout_popup>Do you want to log out of Facebook?</logout_popup>
		<login_popup>Please log into Facebook to save your progress.</login_popup>
		<fail_popup>Unable to connect because of a network or server issue. Please check your Internet connection and try again later.</fail_popup>
		<upgrade_max>MAX</upgrade_max>
		<str_ranking>RANKING</str_ranking>
		<str_knockout>KNOCK OUT</str_knockout>
		<str_escape>ESCAPE</str_escape>
		<str_boss>BOSS BATTLE</str_boss>
		<str_next>NEXT LEVEL:</str_next>
		<str_complete>COMPLETED</str_complete>
		<str_fail>FAILED</str_fail>
		<str_sign_in>Sign in to save your progress and get free coins.</str_sign_in>
		<str_signed_in>Logged into Facebook.</str_signed_in>
		<str_like>Like our Facebook page and get free coins.</str_like>
		<str_social>SOCIAL</str_social>
		<str_achievement>ACHIEVEMENTS</str_achievement>
		<str_achievement_unlock>ACHIEVEMENT UNLOCKED</str_achievement_unlock>
		<str_claim>CLAIM</str_claim>
		<str_popup_add>ADDED 1,000 COINS TO YOUR ACCOUNT.</str_popup_add>
		<str_share>SHARE IT NOW:</str_share>
		<str_season_1>SEASON 1</str_season_1>
		<str_season_2>SEASON 2</str_season_2>
		<str_season_3>SEASON 3</str_season_3>
		<str_unlock_share>I UNLOCKED A NEW CAR.</str_unlock_share>
		<str_description>NitroStreet Run is back and bigger than ever!</str_description>
		<str_achievement_share>I UNLOCKED AN ACHIEVEMENT.</str_achievement_share>
		<str_achievement_1>Upgrade your car twice.</str_achievement_1>
		<str_achievement_2>Knock out 8 cars.</str_achievement_2>
		<str_social_bonus>BONUS LEVEL</str_social_bonus>
		<str_1000>1,000</str_1000>
		<str_achievement_3>Play the Bonus level 4 times.</str_achievement_3>
		<str_achievement_4>Defeat 2 bosses.</str_achievement_4>
		<str_coming>Coming soon</str_coming>
		<str_hint_1>Change between your cars: some races are easier to win with a fast car, some with a slower one.</str_hint_1>
		<str_hint_2>Key to win is upgrading your cars.</str_hint_2>
		<str_hint_3>Gathering the nitro power-ups during the race is a good strategy.</str_hint_3>
		<buyfull>Buy the game</buyfull>
		<playdemo>Play demo</playdemo>
		<billinginit>LOADING...</billinginit>
		<billingok>OK</billingok>
		<billingcancel>EXIT</billingcancel>
		<bilingnotavailable>There was a problem with your billing. \nPlease check your SIM card.</bilingnotavailable>
		<buynow>Get it now</buynow>
		<billingtnc>Terms and Conditions</billingtnc>
		<billinginprocess>Please wait... Purchase in progress</billinginprocess>
		<billingsuccess>Purchase successful. Enjoy the game!</billingsuccess>
		<billingfailed>Transaction failed. \nDo you want to try again?</billingfailed>
		<playgame>Play the game</playgame>
		<tryagain>Try again</tryagain>
		<purchasecode>Purchase code</purchasecode>
		<purchasecodetitle>Enter purchase code:</purchasecodetitle>
		<unlockcodefailed>Invalid purchase code</unlockcodefailed>
		<playdemocontent>You can play this demo for 3 levels. You have unlimited trials.\n\nInfo and customer care: \n WWW.GAMELOFT.COM \nSUPPORT.GAMELOFT.COM</playdemocontent>
		<endleveldemocontent>Did you like the game?</endleveldemocontent>
		<mainmenu>Main menu</mainmenu>
		<doubleconfirmtext>(PRICE) plus the cost of one standard-rate SMS will be charged to your mobile phone bill or deducted from your prepaid credit.
By selecting "Buy Now" you confirm that you are over the age of 16 and have the bill payer's permission to make this purchase.</doubleconfirmtext>
		<doubleconfirmtext_en>(PRICE) plus the cost of one standard-rate SMS will be charged to your mobile phone bill or deducted from your prepaid credit.
By selecting "Buy Now" you confirm that you are over the age of 16 and have the bill payer's permission to make this purchase.</doubleconfirmtext_en>
		<doubleconfirmtext_de>DER PREIS FUR DIE VOLLVERSION DIESES SPIELS BETRAGT (PRICE) + GEBUHREN FUR 1 SMS (JE NACH TARIF)</doubleconfirmtext_de>
		<buynowconfirm>Buy Now</buynowconfirm>
		<buynowconfirm_en>Buy Now</buynowconfirm_en>
		<buynowconfirm_de>ZAHLUNGSPFLICHTIG BESTELLEN</buynowconfirm_de>
		<exit>EXIT</exit>
		<trial_expired_notice>We are sorry, but you reached the trial limit for this demo. Buy the game to enjoy without restrictions!</trial_expired_notice>
		<no_internet>Please activate your Internet connection in order to continue.</no_internet>
		<str_exitgame>EXIT GAME?</str_exitgame>
	</language>
	
	<language lang="vi">
		<str_level>MÀN </str_level>
		<str_level_1> </str_level_1>
		<str_mission_ranking>CÁN ĐÍCH ĐẦU TIÊN</str_mission_ranking>
		<str_mission_ranking_1>HẠNG NHẤT</str_mission_ranking_1>
		<str_mission_knockout>HẠ GỤC </str_mission_knockout>
		<str_mission_knockout_1> XE</str_mission_knockout_1>
		<str_mission_escape>THOÁT KHỎI CỚM</str_mission_escape>
		<str_coin_collected>THU THẬP </str_coin_collected>
		<str_coin_collected_1> XU</str_coin_collected_1>
		<str_bigcoin_collected>THU THẬP </str_bigcoin_collected>
		<str_bigcoin_collected_1> XU LỚN</str_bigcoin_collected_1>
		<str_topspeed>TỐC ĐỘ TỐI ĐA</str_topspeed>
		<str_acceleration>TĂNG TỐC</str_acceleration>
		<str_nitro>NITRO</str_nitro>
		<str_coinbonus>BONUS XU</str_coinbonus>
		<str_topspeed_unit> KM/H</str_topspeed_unit>
		<str_nitro_unit> GIÂY</str_nitro_unit>
		<str_coinbonus_unit>%</str_coinbonus_unit>
		<str_total> TỔNG</str_total>
		<str_unlock_1>CHÚC MỪNG!</str_unlock_1>
		<str_unlock_2>BẠN ĐÃ MỞ KHÓA XE MỚI.</str_unlock_2>
		<str_confirm>BẠN CHẮC KHÔNG?</str_confirm>
		<str_tuto>CHẠM ĐỂ BẮT ĐẦU.</str_tuto>
		<str_bonus>BONUS CỦA MÀN!</str_bonus>
		<skip_level>Bạn có muốn bỏ qua màn này?</skip_level>
		<main_hello>Chào [username]</main_hello>
		<load_success>Tải bản lưu thành công</load_success>
		<load>Đang tải...</load>
		<save>Đang lưu...</save>
		<saved>Trò chơi đã lưu</saved>
		<main_login>Đăng nhập để lưu trò chơi</main_login>
		<logout_popup>Bạn có muốn thoát Facebook?</logout_popup>
		<login_popup>Xin đăng nhập Facebook để lưu tiến trình chơi.</login_popup>
		<fail_popup>Không thể kết nối do lỗi mạng hoặc máy chủ. Xin kiểm tra kết nối Internet của bạn và thử lại sau.</fail_popup>
		<upgrade_max>TỐI ĐA</upgrade_max>
		<str_ranking>TRANH HẠNG</str_ranking>
		<str_knockout>NỐC AO</str_knockout>
		<str_escape>TẨU THOÁT</str_escape>
		<str_boss>ĐẤU TRÙM</str_boss>
		<str_next>MÀN SAU:</str_next>
		<str_complete>HOÀN THÀNH</str_complete>
		<str_fail>THẤT BẠI</str_fail>
		<str_sign_in>Đăng nhập để lưu tiến trình chơi và hốt xu miễn phí.</str_sign_in>
		<str_signed_in>Đã đăng nhập Facebook.</str_signed_in>
		<str_like>Thích trang Facebook của chúng tôi và hốt xu miễn phí.</str_like>
		<str_social>XÃ HỘI</str_social>
		<str_achievement>THÀNH TÍCH</str_achievement>
		<str_achievement_unlock>THÀNH TÍCH ĐÃ MỞ KHÓA</str_achievement_unlock>
		<str_claim>NHẬN</str_claim>
		<str_popup_add>ĐÃ THÊM 1.000 XU VÀO TÀI KHOẢN CỦA BẠN.</str_popup_add>
		<str_share>CHIA SẺ NGAY:</str_share>
		<str_season_1>MÙA 1</str_season_1>
		<str_season_2>MÙA 2</str_season_2>
		<str_season_3>MÙA 3</str_season_3>
		<str_unlock_share>Tôi đã mở khóa xe mới.</str_unlock_share>
		<str_description>NitroStreet Run đã trở lại lợi hại hơn xưa!</str_description>
		<str_achievement_share>Tôi đã mở khóa thành tích.</str_achievement_share>
		<str_achievement_1>Nâng cấp xe hai lần.</str_achievement_1>
		<str_achievement_2>Hạ gục 8 xe.</str_achievement_2>
		<str_social_bonus>BONUS CỦA MÀN</str_social_bonus>
		<str_1000>1.000</str_1000>
		<str_achievement_3>Chơi màn Bonus 4 lần.</str_achievement_3>
		<str_achievement_4>Hạ 2 trùm</str_achievement_4>
		<str_coming>Sắp có</str_coming>
		<str_hint_1>Change between your cars: some races are easier to win with a fast car, some with a slower one.</str_hint_1>
		<str_hint_2>Key to win is upgrading your cars.</str_hint_2>
		<str_hint_3>Gathering the nitro power-ups during the race is a good strategy.</str_hint_3>
		<buyfull>Mua trò chơi</buyfull>
		<playdemo>Chơi thử</playdemo>
		<billinginit>Xin đợi...</billinginit>
		<billingok>OK</billingok>
		<billingcancel>THOÁT</billingcancel>
		<bilingnotavailable>Quá trình thanh toán của bạn gặp vấn đề. Xin kiểm tra thẻ SIM của bạn.</bilingnotavailable>
		<buynow>Lấy ngay</buynow>
		<billingtnc>Điều khoản và Điều kiện</billingtnc>
		<billinginprocess>Xin đợi... Hàng mua đang xử lý.</billinginprocess>
		<billingsuccess>Mua thành công. Hãy thưởng thức trò chơi!</billingsuccess>
		<billingfailed>Giao dịch thất bại. Bạn có muốn thử lại?</billingfailed>
		<playgame>Chơi trò chơi</playgame>
		<tryagain>Thử lại</tryagain>
		<purchasecode>Mã mua hàng</purchasecode>
		<purchasecodetitle>Nhập mã mua hàng:</purchasecodetitle>
		<unlockcodefailed>Mã mua hàng không hợp lệ</unlockcodefailed>
		<playdemocontent>Bạn có thể chơi phiên bản chơi thử trong 3 màn. Bạn có bản chơi thử không giới hạn.\n\nThông tin và Chăm sóc Khách hàng:\nWWW.GAMELOFT.COM \nSUPPORT.GAMELOFT.COM</playdemocontent>
		<endleveldemocontent>Bạn có thích trò chơi không?</endleveldemocontent>
		<mainmenu>Menu Chính</mainmenu>
		<doubleconfirmtext>(PRICE) cộng với giá của một tin SMS loại tiêu chuẩn sẽ được tính trong hóa đơn điện thoại di động hoặc trừ vào số tiền trả trước của bạn.
Bằng cách chọn "Mua ngay", đồng nghĩa với việc bạn xác nhận là bạn trên 16 tuổi và có sự cho phép của người trả hóa đơn để mua món đồ này.</doubleconfirmtext>
		<doubleconfirmtext_en>(PRICE) plus the cost of one standard-rate SMS will be charged to your mobile phone bill or deducted from your prepaid credit.
By selecting "Buy Now" you confirm that you are over the age of 16 and have the bill payer's permission to make this purchase.</doubleconfirmtext_en>
		<doubleconfirmtext_de>DER PREIS FUR DIE VOLLVERSION DIESES SPIELS BETRAGT (PRICE) + GEBUHREN FUR 1 SMS (JE NACH TARIF)</doubleconfirmtext_de>
		<buynowconfirm>Mua ngay</buynowconfirm>
		<buynowconfirm_en>Buy Now</buynowconfirm_en>
		<buynowconfirm_de>ZAHLUNGSPFLICHTIG BESTELLEN</buynowconfirm_de>
		<exit>THOÁT</exit>
		<trial_expired_notice>We are sorry, but you reached the trial limit for this demo. Buy the game to enjoy without restrictions!</trial_expired_notice>
		<no_internet>Vui lòng kích hoạt kết nối Internet để tiếp tục.</no_internet>
		<str_exitgame>THOÁT TRÒ CHƠI?</str_exitgame>
	</language>
	
	<language lang="fr">
		<str_level>NIVEAU </str_level>
		<str_level_1> </str_level_1>
		<str_mission_ranking>SOIS LE PREMIER À FRANCHIR LA LIGNE D'ARRIVÉE</str_mission_ranking>
		<str_mission_ranking_1>1RE PLACE</str_mission_ranking_1>
		<str_mission_knockout>DÉTRUIS </str_mission_knockout>
		<str_mission_knockout_1> VÉHICULES</str_mission_knockout_1>
		<str_mission_escape>SÈME LES FLICS</str_mission_escape>
		<str_coin_collected> </str_coin_collected>
		<str_coin_collected_1> PIÈCE(S) RÉCUPÉRÉE(S)</str_coin_collected_1>
		<str_bigcoin_collected> </str_bigcoin_collected>
		<str_bigcoin_collected_1> GROSSE(S) PIÈCE(S) RÉCUPÉRÉE(S)</str_bigcoin_collected_1>
		<str_topspeed>VITESSE MAX.</str_topspeed>
		<str_acceleration>ACCÉLÉRATION</str_acceleration>
		<str_nitro>NITRO</str_nitro>
		<str_coinbonus>BONUS DE PIÈCES</str_coinbonus>
		<str_topspeed_unit> MPH</str_topspeed_unit>
		<str_nitro_unit> S.</str_nitro_unit>
		<str_coinbonus_unit> %</str_coinbonus_unit>
		<str_total>TOTAL</str_total>
		<str_unlock_1>FÉLICITATIONS !</str_unlock_1>
		<str_unlock_2>TU AS DÉBLOQUÉ UNE NOUVELLE VOITURE.</str_unlock_2>
		<str_confirm>ES-TU SÛR ?</str_confirm>
		<str_tuto>TOUCHE POUR COMMENCER.</str_tuto>
		<str_bonus>NIVEAU BONUS !</str_bonus>
		<skip_level>Veux-tu passer ce niveau ?</skip_level>
		<main_hello>Bonjour, [username]</main_hello>
		<load_success>Sauvegarde chargée</load_success>
		<load>Chargement...</load>
		<save>Sauvegarde...</save>
		<saved>Partie sauvegardée</saved>
		<main_login>Connecte-toi pour sauvegarder la partie</main_login>
		<logout_popup>Se déconnecter de Facebook ?</logout_popup>
		<login_popup>Merci de te connecter à Facebook pour sauvegarder ta progression.</login_popup>
		<fail_popup>Connexion impossible en raison d'un problème de serveur. Merci de vérifier ta connexion Internet et de réessayer plus tard.</fail_popup>
		<upgrade_max>MAX.</upgrade_max>
		<str_ranking>PODIUM</str_ranking>
		<str_knockout>K.O.</str_knockout>
		<str_escape>FUITE</str_escape>
		<str_boss>BATAILLE</str_boss>
		<str_next>NIVEAU SUIVANT :</str_next>
		<str_complete>TERMINÉ</str_complete>
		<str_fail>ÉCHEC</str_fail>
		<str_sign_in>Connecte-toi pour sauvegarder ta progression et obtenir des pièces gratuites.</str_sign_in>
		<str_signed_in>Connecté à Facebook.</str_signed_in>
		<str_like>Aime notre page Facebook et obtiens des pièces gratuites.</str_like>
		<str_social>SOCIAL</str_social>
		<str_achievement>SUCCÈS</str_achievement>
		<str_achievement_unlock>SUCCÈS DÉBLOQUÉ</str_achievement_unlock>
		<str_claim>RÉCUPÉRER</str_claim>
		<str_popup_add>1000 PIÈCES ONT ÉTÉ AJOUTÉES SUR TON COMPTE.</str_popup_add>
		<str_share>PARTAGER SUR :</str_share>
		<str_season_1>SAISON 1</str_season_1>
		<str_season_2>SAISON 2</str_season_2>
		<str_season_3>SAISON 3</str_season_3>
		<str_unlock_share>J'ai débloqué une nouvelle voiture.</str_unlock_share>
		<str_description>NitroStreet Run est de retour et plus grand que jamais !</str_description>
		<str_achievement_share>J'ai débloqué un succès.</str_achievement_share>
		<str_achievement_1>Améliore ta voiture deux fois.</str_achievement_1>
		<str_achievement_2>Mets K.O. 8 voitures.</str_achievement_2>
		<str_social_bonus>NIVEAU BONUS</str_social_bonus>
		<str_1000>1000</str_1000>
		<str_achievement_3>Joue au niveau bonus 4 fois.</str_achievement_3>
		<str_achievement_4>Bats 2 boss</str_achievement_4>
		<str_coming>Prochainement</str_coming>
		<str_hint_1>Change between your cars: some races are easier to win with a fast car, some with a slower one.</str_hint_1>
		<str_hint_2>Key to win is upgrading your cars.</str_hint_2>
		<str_hint_3>Gathering the nitro power-ups during the race is a good strategy.</str_hint_3>
		<buyfull>Acheter le jeu</buyfull>
		<playdemo>Jouer à la démo</playdemo>
		<billinginit>CHARGEMENT...</billinginit>
		<billingok>OK</billingok>
		<billingcancel>QUITTER</billingcancel>
		<bilingnotavailable>Un problème est survenu avec votre facture. Veuillez vérifier votre carte SIM.</bilingnotavailable>
		<buynow>Télécharger</buynow>
		<billingtnc>Conditions générales</billingtnc>
		<billinginprocess>Veuillez patienter... Achat en cours</billinginprocess>
		<billingsuccess>Achat réussi. Amusez-vous bien !</billingsuccess>
		<billingfailed>Échec de la transaction. Voulez-vous réessayer ?</billingfailed>
		<playgame>Jouer au jeu</playgame>
		<tryagain>Réessayer</tryagain>
		<purchasecode>Code d'achat</purchasecode>
		<purchasecodetitle>Entrez le code d'achat :</purchasecodetitle>
		<unlockcodefailed>Code d'achat invalide</unlockcodefailed>
		<playdemocontent>Vous pouvez jouer à la démo sur 3 niveaux. Vous disposez d'essais illimités.\n\nInfo et Service Client :\nWWW.GAMELOFT.COM \nSUPPORT.GAMELOFT.COM</playdemocontent>
		<endleveldemocontent>Vous avez aimé ce jeu ?</endleveldemocontent>
		<mainmenu>Menu principal</mainmenu>
		<doubleconfirmtext>(PRICE) plus le prix d'un SMS standard seront ajoutés à votre facture de téléphone mobile ou déduits de votre crédit prépayé.
En sélectionnant "Acheter", vous déclarez avoir plus de 16 ans et l'autorisation du débiteur pour effectuer cet achat.</doubleconfirmtext>
		<doubleconfirmtext_en>(PRICE) plus the cost of one standard-rate SMS will be charged to your mobile phone bill or deducted from your prepaid credit.
By selecting "Buy Now" you confirm that you are over the age of 16 and have the bill payer's permission to make this purchase.</doubleconfirmtext_en>
		<doubleconfirmtext_de>DER PREIS FUR DIE VOLLVERSION DIESES SPIELS BETRAGT (PRICE) + GEBUHREN FUR 1 SMS (JE NACH TARIF)</doubleconfirmtext_de>
		<buynowconfirm>Acheter</buynowconfirm>
		<buynowconfirm_en>Buy Now</buynowconfirm_en>
		<buynowconfirm_de>ZAHLUNGSPFLICHTIG BESTELLEN</buynowconfirm_de>
		<exit>QUITTER</exit>
		<trial_expired_notice>We are sorry, but you reached the trial limit for this demo. Buy the game to enjoy without restrictions!</trial_expired_notice>
		<no_internet>Veuillez activer votre connexion Internet pour continuer.</no_internet>
		<str_exitgame>QUITTER LE JEU ?</str_exitgame>
	</language>
	
	<language lang="de">
		<str_level>LEVEL </str_level>
		<str_level_1> </str_level_1>
		<str_mission_ranking>ÜBERQUERE ALS ERSTER DIE ZIELLINIE.</str_mission_ranking>
		<str_mission_ranking_1>1. PLATZ</str_mission_ranking_1>
		<str_mission_knockout>VERNICHTE </str_mission_knockout>
		<str_mission_knockout_1> FAHRZEUGE.</str_mission_knockout_1>
		<str_mission_escape>ENTKOMME DER POLIZEI.</str_mission_escape>
		<str_coin_collected> </str_coin_collected>
		<str_coin_collected_1> MÜNZE(N) GESAMMELT</str_coin_collected_1>
		<str_bigcoin_collected> </str_bigcoin_collected>
		<str_bigcoin_collected_1> GROSSE MÜNZE(N) GESAMMELT</str_bigcoin_collected_1>
		<str_topspeed>HÖCHSTTEMPO</str_topspeed>
		<str_acceleration>BESCHLEUNIGUNG</str_acceleration>
		<str_nitro>NITRO</str_nitro>
		<str_coinbonus>MÜNZEN-BONUS</str_coinbonus>
		<str_topspeed_unit> MPH</str_topspeed_unit>
		<str_nitro_unit> SEKUNDEN</str_nitro_unit>
		<str_coinbonus_unit> %</str_coinbonus_unit>
		<str_total>GESAMT</str_total>
		<str_unlock_1>GLÜCKWUNSCH!</str_unlock_1>
		<str_unlock_2>DU HAST EINEN NEUEN WAGEN AKTIVIERT.</str_unlock_2>
		<str_confirm>BIST DU SICHER?</str_confirm>
		<str_tuto>BERÜHREN: START</str_tuto>
		<str_bonus>BONUS-LEVEL!</str_bonus>
		<skip_level>Möchtest du diesen Level überspringen?</skip_level>
		<main_hello>Hallo, [username]</main_hello>
		<load_success>Speicherspiel erfolgreich geladen</load_success>
		<load>Lädt…</load>
		<save>Speichert…</save>
		<saved>Spiel gespeichert</saved>
		<main_login>Melde dich an, um das Spiel zu speichern.</main_login>
		<logout_popup>Willst du dich bei Facebook abmelden?</logout_popup>
		<login_popup>Melde dich bitte bei Facebook an, um deinen Fortschritt zu speichern.</login_popup>
		<fail_popup>Verbindung konnte aufgrund eines Netzwerk- oder Server-Problems nicht hergestellt werden. Überprüfe bitte deine Internetverbindung und versuche es später erneut.</fail_popup>
		<upgrade_max>MAX.</upgrade_max>
		<str_ranking>RANG</str_ranking>
		<str_knockout>VERNICHTUNG</str_knockout>
		<str_escape>ENTKOMMEN</str_escape>
		<str_boss>BOSS- KAMPF</str_boss>
		<str_next>NÄCHSTER LEVEL:</str_next>
		<str_complete>BEENDET</str_complete>
		<str_fail>VERLOREN</str_fail>
		<str_sign_in>Melde dich an, um deinen Fortschritt zu speichern und Gratis-Münzen zu erhalten.</str_sign_in>
		<str_signed_in>Bei Facebook angemeldet</str_signed_in>
		<str_like>Markiere unsere Facebook-Seite mit "Gefällt mir" und erhalte Gratis-Münzen.</str_like>
		<str_social>SOZIAL</str_social>
		<str_achievement>TROPHÄEN</str_achievement>
		<str_achievement_unlock>TROPHÄE AKTIVIERT</str_achievement_unlock>
		<str_claim>EINFORDERN</str_claim>
		<str_popup_add>DEINEM KONTO WURDEN 1.000 MÜNZEN HINZUGEFÜGT.</str_popup_add>
		<str_share>JETZT TEILEN:</str_share>
		<str_season_1>SAISON 1</str_season_1>
		<str_season_2>SAISON 2</str_season_2>
		<str_season_3>SAISON 3</str_season_3>
		<str_unlock_share>ICH HABE EINEN NEUEN WAGEN AKTIVIERT.</str_unlock_share>
		<str_description>Nitro Street Run ist zurück und größer als je zuvor!</str_description>
		<str_achievement_share>ICH HABE EINE TROPHÄE AKTIVIERT.</str_achievement_share>
		<str_achievement_1>Verbessere deinen Wagen zwei Mal.</str_achievement_1>
		<str_achievement_2>Schalte 8 Wagen aus.</str_achievement_2>
		<str_social_bonus>BONUS-LEVEL</str_social_bonus>
		<str_1000>1.000</str_1000>
		<str_achievement_3>Spiele 4-mal den Bonus-Level.</str_achievement_3>
		<str_achievement_4>Besiege 2 Bosse.</str_achievement_4>
		<str_coming>Bald verfügbar</str_coming>
		<str_hint_1>Change between your cars: some races are easier to win with a fast car, some with a slower one.</str_hint_1>
		<str_hint_2>Key to win is upgrading your cars.</str_hint_2>
		<str_hint_3>Gathering the nitro power-ups during the race is a good strategy.</str_hint_3>
		<buyfull>Spiel kaufen</buyfull>
		<playdemo>Demoversion spielen</playdemo>
		<billinginit>LÄDT...</billinginit>
		<billingok>OK</billingok>
		<billingcancel>BEENDEN</billingcancel>
		<bilingnotavailable>Bei deiner Abrechnung ist ein Fehler aufgetreten. Überprüfe bitte deine SIM-Karte.</bilingnotavailable>
		<buynow>Jetzt holen</buynow>
		<billingtnc>Verkaufsbedingungen</billingtnc>
		<billinginprocess>Bitte warten... Dein Kauf wird getätigt</billinginprocess>
		<billingsuccess>Einkauf erfolgreich abgeschlossen. Viel Spaß beim Spielen!</billingsuccess>
		<billingfailed>Transaktion fehlgeschlagen. Willst du es erneut versuchen?</billingfailed>
		<playgame>Jetzt spielen</playgame>
		<tryagain>Erneuter Versuch</tryagain>
		<purchasecode>Einkaufscode</purchasecode>
		<purchasecodetitle>Gib deinen Code ein:</purchasecodetitle>
		<unlockcodefailed>Ungültiger Einkaufscode</unlockcodefailed>
		<playdemocontent>Du kannst mit der Demoversion 3 Level spielen. Du hast unbegrenzte Versuche.\n\nInfo und Kundenbetreuung:\nWWW.GAMELOFT.COM \nSUPPORT.GAMELOFT.COM</playdemocontent>
		<endleveldemocontent>Hat dir das Spiel gefallen?</endleveldemocontent>
		<mainmenu>Hauptmenü</mainmenu>
		<doubleconfirmtext>DER PREIS FUR DIE VOLLVERSION DIESES SPIELS BETRAGT (PRICE) + GEBUHREN FUR 1 SMS (JE NACH TARIF)</doubleconfirmtext>
		<doubleconfirmtext_en>(PRICE) plus the cost of one standard-rate SMS will be charged to your mobile phone bill or deducted from your prepaid credit.
By selecting "Buy Now" you confirm that you are over the age of 16 and have the bill payer's permission to make this purchase.</doubleconfirmtext_en>
		<doubleconfirmtext_de>DER PREIS FUR DIE VOLLVERSION DIESES SPIELS BETRAGT (PRICE) + GEBUHREN FUR 1 SMS (JE NACH TARIF)</doubleconfirmtext_de>
		<buynowconfirm>ZAHLUNGSPFLICHTIG BESTELLEN</buynowconfirm>
		<buynowconfirm_en>Buy Now</buynowconfirm_en>
		<buynowconfirm_de>ZAHLUNGSPFLICHTIG BESTELLEN</buynowconfirm_de>
		<exit>BEENDEN</exit>
		<trial_expired_notice>We are sorry, but you reached the trial limit for this demo. Buy the game to enjoy without restrictions!</trial_expired_notice>
		<no_internet>Aktiviere bitte deine Internetverbindung, um fortzufahren.</no_internet>
		<str_exitgame>SPIEL BEENDEN?</str_exitgame>
	</language>
	
	<language lang="es">
		<str_level>NIVEL </str_level>
		<str_level_1> </str_level_1>
		<str_mission_ranking>SÉ EL PRIMERO EN CRUZAR LA META</str_mission_ranking>
		<str_mission_ranking_1>1.ª POSICIÓN</str_mission_ranking_1>
		<str_mission_knockout>DERRIBA </str_mission_knockout>
		<str_mission_knockout_1> VEHÍCULOS</str_mission_knockout_1>
		<str_mission_escape>ESCAPA DE LA POLICÍA</str_mission_escape>
		<str_coin_collected>MONEDAS RECOGIDAS: </str_coin_collected>
		<str_coin_collected_1> </str_coin_collected_1>
		<str_bigcoin_collected>MONEDAS GRANDES RECOGIDAS: </str_bigcoin_collected>
		<str_bigcoin_collected_1> </str_bigcoin_collected_1>
		<str_topspeed>VELOCIDAD MÁXIMA</str_topspeed>
		<str_acceleration>ACELERACIÓN</str_acceleration>
		<str_nitro>NITRO</str_nitro>
		<str_coinbonus>BONUS DE MONEDAS</str_coinbonus>
		<str_topspeed_unit> KM/H</str_topspeed_unit>
		<str_nitro_unit> SEGUNDOS</str_nitro_unit>
		<str_coinbonus_unit>%</str_coinbonus_unit>
		<str_total>TOTAL</str_total>
		<str_unlock_1>¡ENHORABUENA!</str_unlock_1>
		<str_unlock_2>HAS DESBLOQUEADO UN NUEVO COCHE</str_unlock_2>
		<str_confirm>¿SEGURO?</str_confirm>
		<str_tuto>TOCA PARA EMPEZAR</str_tuto>
		<str_bonus>¡NIVEL BONUS!</str_bonus>
		<skip_level>¿Quieres omitir este nivel?</skip_level>
		<main_hello>¡Hola, [username]!</main_hello>
		<load_success>Se ha cargado la partida guardada</load_success>
		<load>Cargando...</load>
		<save>Guardando...</save>
		<saved>Partida guardada</saved>
		<main_login>Inicia sesión para guardar la partida</main_login>
		<logout_popup>¿Quieres cerrar sesión en Facebook?</logout_popup>
		<login_popup>Por favor, inicia sesión en Facebook para guardar tu progreso.</login_popup>
		<fail_popup>Conexión imposible debido a un problema de la red o del servidor. Por favor, comprueba tu conexión a internet y vuelve a intentarlo más tarde.</fail_popup>
		<upgrade_max>MÁX.</upgrade_max>
		<str_ranking>CARRERA</str_ranking>
		<str_knockout>DERRIBOS</str_knockout>
		<str_escape>FUGA</str_escape>
		<str_boss>CARA A CARA</str_boss>
		<str_next>SIGUIENTE NIVEL:</str_next>
		<str_complete>COMPLETADO</str_complete>
		<str_fail>FALLADO</str_fail>
		<str_sign_in>Inicia sesión para guardar tu progreso y conseguir monedas gratis.</str_sign_in>
		<str_signed_in>Conectado a Facebook.</str_signed_in>
		<str_like>Dale a "Me gusta" a nuestra página de Facebook y consigue monedas gratis.</str_like>
		<str_social>SOCIAL</str_social>
		<str_achievement>LOGROS</str_achievement>
		<str_achievement_unlock>LOGRO DESBLOQUEADO</str_achievement_unlock>
		<str_claim>RECLAMAR</str_claim>
		<str_popup_add>HEMOS AÑADIDO 1000 MONEDAS A TU CUENTA.</str_popup_add>
		<str_share>COMPARTIRLO AHORA:</str_share>
		<str_season_1>TEMPORADA 1</str_season_1>
		<str_season_2>TEMPORADA 2</str_season_2>
		<str_season_3>TEMPORADA 3</str_season_3>
		<str_unlock_share>HE DESBLOQUEADO UN NUEVO COCHE.</str_unlock_share>
		<str_description>¡NitroStreet Run ha regresado y es más grande que nunca!</str_description>
		<str_achievement_share>HE DESBLOQUEADO UN LOGRO.</str_achievement_share>
		<str_achievement_1>Mejora tu coche dos veces.</str_achievement_1>
		<str_achievement_2>Derriba 8 coches.</str_achievement_2>
		<str_social_bonus>NIVEL BONUS</str_social_bonus>
		<str_1000>1 000</str_1000>
		<str_achievement_3>Juega 4 veces al nivel bonus.</str_achievement_3>
		<str_achievement_4>Derrota a 2 jefes en "Cara a cara".</str_achievement_4>
		<str_coming>Próximamente</str_coming>
		<str_hint_1>Change between your cars: some races are easier to win with a fast car, some with a slower one.</str_hint_1>
		<str_hint_2>Key to win is upgrading your cars.</str_hint_2>
		<str_hint_3>Gathering the nitro power-ups during the race is a good strategy.</str_hint_3>
		<buyfull>Comprar el juego</buyfull>
		<playdemo>Jugar demo</playdemo>
		<billinginit>CARGANDO...</billinginit>
		<billingok>Acep.</billingok>
		<billingcancel>SALIR</billingcancel>
		<bilingnotavailable>Ha habido un problema con la facturación. Por favor, revisa tu tarjeta SIM.</bilingnotavailable>
		<buynow>Comprar ahora</buynow>
		<billingtnc>Términos y condiciones</billingtnc>
		<billinginprocess>Por favor, espera... Compra en curso</billinginprocess>
		<billingsuccess>Compra realizada. ¡Disfruta del juego!</billingsuccess>
		<billingfailed>La transacción no se ha completado. ¿Quieres intentarlo de nuevo?</billingfailed>
		<playgame>Jugar</playgame>
		<tryagain>Intentarlo de nuevo</tryagain>
		<purchasecode>Código de compra</purchasecode>
		<purchasecodetitle>Introducir código:</purchasecodetitle>
		<unlockcodefailed>Código de compra no válido</unlockcodefailed>
		<playdemocontent>Puedes jugar tres niveles en esta versión de prueba. Tienes infinitas pruebas.\n\nInformación y atención al cliente:\nWWW.GAMELOFT.COM \nSUPPORT.GAMELOFT.COM</playdemocontent>
		<endleveldemocontent>¿Te gusta el juego?</endleveldemocontent>
		<mainmenu>Menú principal</mainmenu>
		<doubleconfirmtext>Se cargarán (PRICE) más el coste de un SMS estándar a tu factura de teléfono móvil o se deducirán de tu saldo prepago.
Al elegir Comprar ahora confirmas que eres mayor de 16 años y que tienes la autorización del pagador de la factura telefónica para realizar esta compra.</doubleconfirmtext>
		<doubleconfirmtext_en>(PRICE) plus the cost of one standard-rate SMS will be charged to your mobile phone bill or deducted from your prepaid credit.
By selecting "Buy Now" you confirm that you are over the age of 16 and have the bill payer's permission to make this purchase.</doubleconfirmtext_en>
		<doubleconfirmtext_de>DER PREIS FUR DIE VOLLVERSION DIESES SPIELS BETRAGT (PRICE) + GEBUHREN FUR 1 SMS (JE NACH TARIF)</doubleconfirmtext_de>
		<buynowconfirm>Comprar ahora</buynowconfirm>
		<buynowconfirm_en>Buy Now</buynowconfirm_en>
		<buynowconfirm_de>ZAHLUNGSPFLICHTIG BESTELLEN</buynowconfirm_de>
		<exit>SALIR</exit>
		<trial_expired_notice>We are sorry, but you reached the trial limit for this demo. Buy the game to enjoy without restrictions!</trial_expired_notice>
		<no_internet>Activa tu conexión a internet para continuar.</no_internet>
		<str_exitgame>¿SALIR DEL JUEGO?</str_exitgame>
	</language>
	
	<language lang="it">
		<str_level>LIVELLO </str_level>
		<str_level_1> </str_level_1>
		<str_mission_ranking>TAGLIA PER PRIMO IL TRAGUARDO.</str_mission_ranking>
		<str_mission_ranking_1>1° POSTO</str_mission_ranking_1>
		<str_mission_knockout>ELIMINA </str_mission_knockout>
		<str_mission_knockout_1> VEICOLI</str_mission_knockout_1>
		<str_mission_escape>SCAPPA DALLA POLIZIA</str_mission_escape>
		<str_coin_collected>MONETE RACCOLTE - </str_coin_collected>
		<str_coin_collected_1> </str_coin_collected_1>
		<str_bigcoin_collected>GROSSE MONETE RACCOLTE - </str_bigcoin_collected>
		<str_bigcoin_collected_1> </str_bigcoin_collected_1>
		<str_topspeed>VELOCITÀ MASSIMA</str_topspeed>
		<str_acceleration>ACCELERAZIONE</str_acceleration>
		<str_nitro>NITRO</str_nitro>
		<str_coinbonus>MONETE EXTRA</str_coinbonus>
		<str_topspeed_unit> KM/H</str_topspeed_unit>
		<str_nitro_unit> SECONDI</str_nitro_unit>
		<str_coinbonus_unit>%</str_coinbonus_unit>
		<str_total>TOT.</str_total>
		<str_unlock_1>COMPLIMENTI!</str_unlock_1>
		<str_unlock_2>HAI SBLOCCATO UNA NUOVA AUTO.</str_unlock_2>
		<str_confirm>CONFERMI?</str_confirm>
		<str_tuto>TOCCA PER INIZIARE.</str_tuto>
		<str_bonus>LIVELLO BONUS!</str_bonus>
		<skip_level>Vuoi saltare questo livello?</skip_level>
		<main_hello>Salve, [username]</main_hello>
		<load_success>Salvataggio caricato</load_success>
		<load>Caricamento...</load>
		<save>Salvataggio...</save>
		<saved>Partita salvata</saved>
		<main_login>Accedi per salvare la partita</main_login>
		<logout_popup>Vuoi uscire da Facebook?</logout_popup>
		<login_popup>Accedi a Facebook per salvare i progressi.</login_popup>
		<fail_popup>Impossibile connettersi a causa di un errore con il server o con la rete. Verifica la tua connessione a internet e riprova.</fail_popup>
		<upgrade_max>MAX</upgrade_max>
		<str_ranking>GARA</str_ranking>
		<str_knockout>DISTRUZIONE</str_knockout>
		<str_escape>FUGA</str_escape>
		<str_boss>SFIDA BOSS</str_boss>
		<str_next>LIVELLO SUCCESSIVO:</str_next>
		<str_complete>COMPLETATO</str_complete>
		<str_fail>SCONFITTA</str_fail>
		<str_sign_in>Accedi per salvare i tuoi progressi e ottenere monete gratis.</str_sign_in>
		<str_signed_in>Hai effettuato l'accesso a Facebook.</str_signed_in>
		<str_like>Clicca "Mi piace" sulla nostra pagina Facebook per ottenere monete gratis.</str_like>
		<str_social>SOCIAL</str_social>
		<str_achievement>TROFEI</str_achievement>
		<str_achievement_unlock>TROFEO SBLOCCATO</str_achievement_unlock>
		<str_claim>RISCUOTI</str_claim>
		<str_popup_add>SONO STATE AGGIUNTE 1.000 MONETE AL TUO ACCOUNT.</str_popup_add>
		<str_share>CONDIVIDI SUBITO:</str_share>
		<str_season_1>STAGIONE 1</str_season_1>
		<str_season_2>STAGIONE 2</str_season_2>
		<str_season_3>STAGIONE 3</str_season_3>
		<str_unlock_share>HO SBLOCCATO UNA NUOVA AUTO.</str_unlock_share>
		<str_description>NitroStreet Run è tornato ed è più grande che mai!</str_description>
		<str_achievement_share>HO VINTO UN TROFEO.</str_achievement_share>
		<str_achievement_1>Potenzia due volte la tua auto.</str_achievement_1>
		<str_achievement_2>Elimina 8 auto.</str_achievement_2>
		<str_social_bonus>LIVELLO BONUS</str_social_bonus>
		<str_1000>1.000</str_1000>
		<str_achievement_3>Gioca al livello bonus 4 volte.</str_achievement_3>
		<str_achievement_4>Sconfiggi 2 boss</str_achievement_4>
		<str_coming>In arrivo</str_coming>
		<str_hint_1>Change between your cars: some races are easier to win with a fast car, some with a slower one.</str_hint_1>
		<str_hint_2>Key to win is upgrading your cars.</str_hint_2>
		<str_hint_3>Gathering the nitro power-ups during the race is a good strategy.</str_hint_3>
		<buyfull>Compra il gioco</buyfull>
		<playdemo>Gioca alla demo</playdemo>
		<billinginit>CARICAMENTO...</billinginit>
		<billingok>OK</billingok>
		<billingcancel>ESCI</billingcancel>
		<bilingnotavailable>Si è verificato un problema con la fatturazione. Controlla la tua scheda SIM.</bilingnotavailable>
		<buynow>Compra il gioco</buynow>
		<billingtnc>Termini e condizioni</billingtnc>
		<billinginprocess>Attendi...  Acquisto in corso</billinginprocess>
		<billingsuccess>Acquisto riuscito. Buon divertimento!</billingsuccess>
		<billingfailed>Transazione fallita. Vuoi riprovare?</billingfailed>
		<playgame>Gioca</playgame>
		<tryagain>Riprova</tryagain>
		<purchasecode>Codice d'acquisto</purchasecode>
		<purchasecodetitle>Inserisci codice acquisto:</purchasecodetitle>
		<unlockcodefailed>Codice d'acquisto non valido</unlockcodefailed>
		<playdemocontent>Puoi giocare alla demo per 3 livelli. Hai prove illimitate.\n\nInfo e servizio clienti:\nWWW.GAMELOFT.COM \nSUPPORT.GAMELOFT.COM</playdemocontent>
		<endleveldemocontent>Ti è piaciuto il gioco?</endleveldemocontent>
		<mainmenu>Menu principale</mainmenu>
		<doubleconfirmtext>(PRICE) più il costo di un SMS verranno addebitati sulla tua bolletta o verranno dedotti dal tuo credito prepagato.
Selezionando "Compra" confermi di aver compiuto 16 anni e di avere il permesso del titolare della bolletta per effettuare l'acquisto.</doubleconfirmtext>
		<doubleconfirmtext_en>(PRICE) plus the cost of one standard-rate SMS will be charged to your mobile phone bill or deducted from your prepaid credit.
By selecting "Buy Now" you confirm that you are over the age of 16 and have the bill payer's permission to make this purchase.</doubleconfirmtext_en>
		<doubleconfirmtext_de>DER PREIS FUR DIE VOLLVERSION DIESES SPIELS BETRAGT (PRICE) + GEBUHREN FUR 1 SMS (JE NACH TARIF)</doubleconfirmtext_de>
		<buynowconfirm>Compra</buynowconfirm>
		<buynowconfirm_en>Buy Now</buynowconfirm_en>
		<buynowconfirm_de>ZAHLUNGSPFLICHTIG BESTELLEN</buynowconfirm_de>
		<exit>ESCI</exit>
		<trial_expired_notice>We are sorry, but you reached the trial limit for this demo. Buy the game to enjoy without restrictions!</trial_expired_notice>
		<no_internet>Attiva la connessione a internet per proseguire.</no_internet>
		<str_exitgame>VUOI USCIRE?</str_exitgame>
	</language>
	
	<language lang="br">
		<str_level>NÍVEL </str_level>
		<str_level_1> </str_level_1>
		<str_mission_ranking>CHEGUE PRIMEIRO À LINHA DE CHEGADA.</str_mission_ranking>
		<str_mission_ranking_1>PRIMEIRO LUGAR</str_mission_ranking_1>
		<str_mission_knockout>NOCAUTEIE </str_mission_knockout>
		<str_mission_knockout_1> CARROS</str_mission_knockout_1>
		<str_mission_escape>FUJA DA POLÍCIA</str_mission_escape>
		<str_coin_collected> </str_coin_collected>
		<str_coin_collected_1> MOEDA(S) RECOLHIDA(S)</str_coin_collected_1>
		<str_bigcoin_collected> </str_bigcoin_collected>
		<str_bigcoin_collected_1> MOEDA(S) GRANDE(S) RECOLHIDA(S)</str_bigcoin_collected_1>
		<str_topspeed>VELOCIDADE MÁXIMA</str_topspeed>
		<str_acceleration>ACELERAÇÃO</str_acceleration>
		<str_nitro>PROPULSÃO</str_nitro>
		<str_coinbonus>MOEDAS BÔNUS</str_coinbonus>
		<str_topspeed_unit> KM/H</str_topspeed_unit>
		<str_nitro_unit> SEGUNDOS</str_nitro_unit>
		<str_coinbonus_unit> %</str_coinbonus_unit>
		<str_total>TOTAL</str_total>
		<str_unlock_1>PARABÉNS</str_unlock_1>
		<str_unlock_2>VOCÊ DESBLOQUEOU UM NOVO CARRO.</str_unlock_2>
		<str_confirm>TEM CERTEZA?</str_confirm>
		<str_tuto>TOQUE PARA INICIAR.</str_tuto>
		<str_bonus>NÍVEL BÔNUS!</str_bonus>
		<skip_level>Deseja pular este nível?</skip_level>
		<main_hello>Olá, [username]</main_hello>
		<load_success>Jogo salvo carregado</load_success>
		<load>Carregando...</load>
		<save>Salvando...</save>
		<saved>Jogo salvo</saved>
		<main_login>Conecte-se para salvar o jogo</main_login>
		<logout_popup>Quer se desconectar do Facebook?</logout_popup>
		<login_popup>Conecte-se ao Facebook para salvar seu progresso.</login_popup>
		<fail_popup>Não foi possível se conectar devido a um problema no servidor ou na rede. Verifique sua conexão à internet e tente novamente mais tarde.</fail_popup>
		<upgrade_max>MÁX</upgrade_max>
		<str_ranking>PÓDIO</str_ranking>
		<str_knockout>NOCAUTE</str_knockout>
		<str_escape>FUGA</str_escape>
		<str_boss>CHEFE</str_boss>
		<str_next>PRÓX. NÍVEL:</str_next>
		<str_complete>CONCLUÍDA</str_complete>
		<str_fail>FALHOU</str_fail>
		<str_sign_in>Registre-se para salvar seu progresso e ganhar moedas.</str_sign_in>
		<str_signed_in>Conexão com o Facebook.</str_signed_in>
		<str_like>Curta nossa página no Facebook e ganhe moedas.</str_like>
		<str_social>SOCIAL</str_social>
		<str_achievement>CONQUISTAS</str_achievement>
		<str_achievement_unlock>CONQUISTA DESBLOQUEADA</str_achievement_unlock>
		<str_claim>OBTER</str_claim>
		<str_popup_add>1.000 MOEDAS ADICIONADAS À SUA CONTA.</str_popup_add>
		<str_share>COMPARTILHE AGORA:</str_share>
		<str_season_1>TEMPORADA 1</str_season_1>
		<str_season_2>TEMPORADA 2</str_season_2>
		<str_season_3>TEMPORADA 3</str_season_3>
		<str_unlock_share>Desbloqueei um novo carro.</str_unlock_share>
		<str_description>NitroStreet Run voltou mais forte que nunca!</str_description>
		<str_achievement_share>Desbloqueei uma conquista.</str_achievement_share>
		<str_achievement_1>Melhore seu carro duas vezes.</str_achievement_1>
		<str_achievement_2>Destrua 8 carros.</str_achievement_2>
		<str_social_bonus>NÍVEL BÔNUS</str_social_bonus>
		<str_1000>1.000</str_1000>
		<str_achievement_3>Jogue o nível Bônus 4 vezes.</str_achievement_3>
		<str_achievement_4>Derrote 2 chefes.</str_achievement_4>
		<str_coming>Em Breve</str_coming>
		<str_hint_1>Change between your cars: some races are easier to win with a fast car, some with a slower one.</str_hint_1>
		<str_hint_2>Key to win is upgrading your cars.</str_hint_2>
		<str_hint_3>Gathering the nitro power-ups during the race is a good strategy.</str_hint_3>
		<buyfull>Comprar o jogo</buyfull>
		<playdemo>Jogar demo</playdemo>
		<billinginit>CARREGANDO...</billinginit>
		<billingok>OK</billingok>
		<billingcancel>SAIR</billingcancel>
		<bilingnotavailable>Houve um problema com sua cobrança. Por favor, verifique seu SIM card.</bilingnotavailable>
		<buynow>Baixe agora</buynow>
		<billingtnc>Termos e condições</billingtnc>
		<billinginprocess>Aguarde por favor... Compra sendo processada</billinginprocess>
		<billingsuccess>Compra realizada. Divirta-se com o jogo!</billingsuccess>
		<billingfailed>Falha na transação. Deseja tentar novamente?</billingfailed>
		<playgame>Jogar</playgame>
		<tryagain>Tentar novamente</tryagain>
		<purchasecode>Código de compra</purchasecode>
		<purchasecodetitle>Insira o código:</purchasecodetitle>
		<unlockcodefailed>Código de compra inválido</unlockcodefailed>
		<playdemocontent>Você pode jogar o demo por 3 níveis. Você pode jogar quantas vezes quiser.\n\nInformação e Atendimento ao Cliente:\nWWW.GAMELOFT.COM \nSUPPORT.GAMELOFT.COM</playdemocontent>
		<endleveldemocontent>Gostou do jogo?</endleveldemocontent>
		<mainmenu>Menu principal</mainmenu>
		<doubleconfirmtext>O valor (PRICE) mais o custo padrão de 1 SMS será cobrado em sua  conta de telefonia ou debitado do seu saldo pré-pago.
Ao selecionar "comprar agora", você confirma ter mais de 16 anos de idade e a permissão da pessoa que paga a conta para fazer esta compra.</doubleconfirmtext>
		<doubleconfirmtext_en>(PRICE) plus the cost of one standard-rate SMS will be charged to your mobile phone bill or deducted from your prepaid credit.
By selecting "Buy Now" you confirm that you are over the age of 16 and have the bill payer's permission to make this purchase.</doubleconfirmtext_en>
		<doubleconfirmtext_de>DER PREIS FUR DIE VOLLVERSION DIESES SPIELS BETRAGT (PRICE) + GEBUHREN FUR 1 SMS (JE NACH TARIF)</doubleconfirmtext_de>
		<buynowconfirm>Comprar agora</buynowconfirm>
		<buynowconfirm_en>Buy Now</buynowconfirm_en>
		<buynowconfirm_de>ZAHLUNGSPFLICHTIG BESTELLEN</buynowconfirm_de>
		<exit>SAIR</exit>
		<trial_expired_notice>We are sorry, but you reached the trial limit for this demo. Buy the game to enjoy without restrictions!</trial_expired_notice>
		<no_internet>Favor ativar sua conexão à internet para continuar.</no_internet>
		<str_exitgame>SAIR DO JOGO?</str_exitgame>
	</language>
	
	<language lang="tr">
		<str_level> </str_level>
		<str_level_1>. SEVİYE</str_level_1>
		<str_mission_ranking>BİTİŞ ÇİZGİSİNDEN İLK GEÇEN OL.</str_mission_ranking>
		<str_mission_ranking_1>BİRİNCİ</str_mission_ranking_1>
		<str_mission_knockout> </str_mission_knockout>
		<str_mission_knockout_1> ARACI YOLDAN ÇIKAR</str_mission_knockout_1>
		<str_mission_escape>POLİSLERDEN KAÇ</str_mission_escape>
		<str_coin_collected> </str_coin_collected>
		<str_coin_collected_1> ALTIN PARA TOPLANDI</str_coin_collected_1>
		<str_bigcoin_collected> </str_bigcoin_collected>
		<str_bigcoin_collected_1> BÜYÜK ALTIN PARA TOPLANDI</str_bigcoin_collected_1>
		<str_topspeed>MAKSİMUM HIZ</str_topspeed>
		<str_acceleration>HIZLANMA</str_acceleration>
		<str_nitro>NİTRO</str_nitro>
		<str_coinbonus>ALTIN PARA BONUSU</str_coinbonus>
		<str_topspeed_unit> MPH</str_topspeed_unit>
		<str_nitro_unit> SANİYE</str_nitro_unit>
		<str_coinbonus_unit>%</str_coinbonus_unit>
		<str_total>TOPLAM</str_total>
		<str_unlock_1>TEBRİKLER!</str_unlock_1>
		<str_unlock_2>YENİ BİR ARABANIN KİLİDİNİ AÇTIN.</str_unlock_2>
		<str_confirm>EMİN MİSİN?</str_confirm>
		<str_tuto>BAŞLAMAK İÇİN DOKUN.</str_tuto>
		<str_bonus>BONUS SEVİYE!</str_bonus>
		<skip_level>Bu seviyeyi atlamak istiyor musun?</skip_level>
		<main_hello>Merhaba, [username]</main_hello>
		<load_success>Kayıt başarıyla yüklendi</load_success>
		<load>Yükleniyor...</load>
		<save>Kaydediliyor...</save>
		<saved>Oyun kaydedildi</saved>
		<main_login>Oyunu kaydetmek için giriş yap</main_login>
		<logout_popup>Facebook'tan çıkış yapmak istiyor musun?</logout_popup>
		<login_popup>İlerlemeni kaydetmek için lütfen Facebook'a giriş yap.</login_popup>
		<fail_popup>Bir ağ ya da sunucu sorunu nedeniyle bağlanılamıyor. Lütfen internet bağlantını kontrol edip sonra tekrar dene.</fail_popup>
		<upgrade_max>MAKS</upgrade_max>
		<str_ranking>SIRALAMA</str_ranking>
		<str_knockout>NAKAVT</str_knockout>
		<str_escape>KAÇIŞ</str_escape>
		<str_boss>PATRON</str_boss>
		<str_next>SIRADAKİ SEVİYE:</str_next>
		<str_complete>TAMAMLANDI</str_complete>
		<str_fail>BAŞARISIZ</str_fail>
		<str_sign_in>İlerlemeni kaydetmek ve ücretsiz altın para almak için giriş yap</str_sign_in>
		<str_signed_in>Facebook'a giriş yaptın.</str_signed_in>
		<str_like>Facebook sayfamızı beğen ve ücretsiz altın para al.</str_like>
		<str_social>SOSYAL</str_social>
		<str_achievement>BAŞARILAR</str_achievement>
		<str_achievement_unlock>BAŞARININ KİLİDİ AÇILDI</str_achievement_unlock>
		<str_claim>AL</str_claim>
		<str_popup_add>HESABINA 1.000 ALTIN PARA EKLENDİ.</str_popup_add>
		<str_share>HEMEN PAYLAŞ:</str_share>
		<str_season_1>1. SEZON</str_season_1>
		<str_season_2>2. SEZON</str_season_2>
		<str_season_3>3. SEZON</str_season_3>
		<str_unlock_share>YENİ BİR ARABANIN KİLİDİNİ AÇTIM.</str_unlock_share>
		<str_description>NitroStreet Run gelmiş geçmiş en büyük sürümüyle geri geldi!</str_description>
		<str_achievement_share>BİR BAŞARININ KİLİDİNİ AÇTIM.</str_achievement_share>
		<str_achievement_1>Arabanı iki kez yükselt.</str_achievement_1>
		<str_achievement_2>8 arabayı yoldan çıkar.</str_achievement_2>
		<str_social_bonus>BONUS SEVİYE</str_social_bonus>
		<str_1000>1.000</str_1000>
		<str_achievement_3>Bonus seviyeyi 4 kez oyna.</str_achievement_3>
		<str_achievement_4>2 patron alt et.</str_achievement_4>
		<str_coming>Çok yakında</str_coming>
		<str_hint_1>Change between your cars: some races are easier to win with a fast car, some with a slower one.</str_hint_1>
		<str_hint_2>Key to win is upgrading your cars.</str_hint_2>
		<str_hint_3>Gathering the nitro power-ups during the race is a good strategy.</str_hint_3>
		<buyfull>Oyunu satın al</buyfull>
		<playdemo>Demoyu oyna</playdemo>
		<billinginit>YÜKLÜYOR...</billinginit>
		<billingok>Tamam</billingok>
		<billingcancel>ÇIKIŞ</billingcancel>
		<bilingnotavailable>Faturalandırmanızla ilgili bir sorun oluştu. Lütfen SIM kartınızı kontrol edin.</bilingnotavailable>
		<buynow>ŞİMDİ SATIN AL</buynow>
		<billingtnc>Kullanım Koşulları</billingtnc>
		<billinginprocess>Lütfen bekleyin... Satın alma işlemi yapılıyor</billinginprocess>
		<billingsuccess>Satın alma başarılı. Güle güle oynayın!</billingsuccess>
		<billingfailed>İşlem başarısız oldu. Tekrar denemek istiyor musunuz?</billingfailed>
		<playgame>Oyunu oyna</playgame>
		<tryagain>Tekrar dene</tryagain>
		<purchasecode>Satın alma kodu</purchasecode>
		<purchasecodetitle>Satın alma kodunu girin:</purchasecodetitle>
		<unlockcodefailed>Geçersiz satın alma kodu</unlockcodefailed>
		<playdemocontent>Demoyu 3 seviye boyunca oynayabilirsin. Sınırsız deneme hakkın var.\n\nBilgi ve Müşteri Hizmetleri:\nWWW.GAMELOFT.COM \nSUPPORT.GAMELOFT.COM</playdemocontent>
		<endleveldemocontent>Oyunu sevdiniz mi?</endleveldemocontent>
		<mainmenu>Ana Menü</mainmenu>
		<doubleconfirmtext>(PRICE) ve bir standart SMS ücreti mobil telefon faturasında alınacak ya da ön ödemeli kredilerden düşülecek. "Şimdi Al" seçeneğini seçerek 16 yaş üstü olduğunuzu ve bu satın alımı gerçekleştirmek için fatura sahibinin iznini aldığınızı onaylamış olursunuz.</doubleconfirmtext>
		<doubleconfirmtext_en>(PRICE) plus the cost of one standard-rate SMS will be charged to your mobile phone bill or deducted from your prepaid credit.
By selecting "Buy Now" you confirm that you are over the age of 16 and have the bill payer's permission to make this purchase.</doubleconfirmtext_en>
		<doubleconfirmtext_de>DER PREIS FUR DIE VOLLVERSION DIESES SPIELS BETRAGT (PRICE) + GEBUHREN FUR 1 SMS (JE NACH TARIF)</doubleconfirmtext_de>
		<buynowconfirm>Şimdi Al</buynowconfirm>
		<buynowconfirm_en>Buy Now</buynowconfirm_en>
		<buynowconfirm_de>ZAHLUNGSPFLICHTIG BESTELLEN</buynowconfirm_de>
		<exit>ÇIKIŞ</exit>
		<trial_expired_notice>We are sorry, but you reached the trial limit for this demo. Buy the game to enjoy without restrictions!</trial_expired_notice>
		<no_internet>Lütfen devam etmek için internet bağlantısını etkinleştir.</no_internet>
		<str_exitgame>OYUNDAN ÇIK?</str_exitgame>
	</language>
	
	<language lang="ru">
		<str_level>УРОВЕНЬ </str_level>
		<str_level_1> </str_level_1>
		<str_mission_ranking>ПЕРЕСЕКИТЕ ФИНИШНУЮ ЧЕРТУ ПЕРВЫМ.</str_mission_ranking>
		<str_mission_ranking_1>1 МЕСТО</str_mission_ranking_1>
		<str_mission_knockout>ВЫБЕЙТЕ </str_mission_knockout>
		<str_mission_knockout_1> АВТО</str_mission_knockout_1>
		<str_mission_escape>СКРОЙТЕСЬ ОТ КОПОВ</str_mission_escape>
		<str_coin_collected>СОБРАНО МОНЕТ: </str_coin_collected>
		<str_coin_collected_1> </str_coin_collected_1>
		<str_bigcoin_collected>СОБРАНО БОЛЬШИХ МОНЕТ: </str_bigcoin_collected>
		<str_bigcoin_collected_1> </str_bigcoin_collected_1>
		<str_topspeed>МАКС. СКОРОСТЬ</str_topspeed>
		<str_acceleration>УСКОРЕНИЕ</str_acceleration>
		<str_nitro>НИТРО</str_nitro>
		<str_coinbonus>МОНЕТНЫЙ БОНУС</str_coinbonus>
		<str_topspeed_unit> МИЛЬ/Ч</str_topspeed_unit>
		<str_nitro_unit> СЕК.</str_nitro_unit>
		<str_coinbonus_unit> %</str_coinbonus_unit>
		<str_total>ВСЕГО</str_total>
		<str_unlock_1>ПОЗДРАВЛЯЕМ!</str_unlock_1>
		<str_unlock_2>ВЫ ОТКРЫЛИ НОВОЕ АВТО.</str_unlock_2>
		<str_confirm>ВЫ УВЕРЕНЫ?</str_confirm>
		<str_tuto>НАЖМИТЕ, ЧТОБЫ НАЧАТЬ.</str_tuto>
		<str_bonus>БОНУСНЫЙ УРОВЕНЬ!</str_bonus>
		<skip_level>Желаете пропустить этот уровень?</skip_level>
		<main_hello>Приветствуем, [username]</main_hello>
		<load_success>Сохраненные данные загружены</load_success>
		<load>Загрузка…</load>
		<save>Сохранение...</save>
		<saved>Игра сохранена</saved>
		<main_login>Подключитесь, чтобы сохранить игру</main_login>
		<logout_popup>Хотите выйти из Facebook?</logout_popup>
		<login_popup>Пожалуйста, войдите в Facebook, чтобы сохранить прогресс.</login_popup>
		<fail_popup>Не удалось подключиться из-за проблем с сетью или сервером. Пожалуйста, удостоверьтесь, что вы подключены к Интернету и повторите попытку.</fail_popup>
		<upgrade_max>МАКС.</upgrade_max>
		<str_ranking>РЕЙТИНГ</str_ranking>
		<str_knockout>ВЫБИВАНИЕ</str_knockout>
		<str_escape>ПОБЕГ</str_escape>
		<str_boss>ДУЭЛЬ</str_boss>
		<str_next>СЛЕД. УРОВЕНЬ:</str_next>
		<str_complete>ВЫПОЛНЕНО</str_complete>
		<str_fail>НЕ ВЫПОЛНЕНО</str_fail>
		<str_sign_in>Войдите, чтобы сохранить прогресс и получить монеты в подарок.</str_sign_in>
		<str_signed_in>Вы подключены к Facebook.</str_signed_in>
		<str_like>Поставьте лайк на нашей Facebook-странице и получите в подарок монеты.</str_like>
		<str_social>ОБЩЕНИЕ</str_social>
		<str_achievement>ДОСТИЖЕНИЯ</str_achievement>
		<str_achievement_unlock>ПОЛУЧЕНО ДОСТИЖЕНИЕ</str_achievement_unlock>
		<str_claim>ЗАБРАТЬ</str_claim>
		<str_popup_add>ВЫ ПОЛУЧАЕТЕ 1000 МОНЕТ.</str_popup_add>
		<str_share>ПОДЕЛИТЬСЯ:</str_share>
		<str_season_1>СЕЗОН 1</str_season_1>
		<str_season_2>СЕЗОН 2</str_season_2>
		<str_season_3>СЕЗОН 3</str_season_3>
		<str_unlock_share>Мне удалось открыть новый автомобиль.</str_unlock_share>
		<str_description>Встречайте обновленный NitroStreet Run!</str_description>
		<str_achievement_share>Мне удалось получить достижение.</str_achievement_share>
		<str_achievement_1>Улучшить автомобиль дважды.</str_achievement_1>
		<str_achievement_2>Выбить 8 автомобилей.</str_achievement_2>
		<str_social_bonus>БОНУСНЫЙ УРОВЕНЬ</str_social_bonus>
		<str_1000>1000</str_1000>
		<str_achievement_3>Пройдите бонусный уровень 4 раза.</str_achievement_3>
		<str_achievement_4>Победите 2 боссов</str_achievement_4>
		<str_coming>Скоро</str_coming>
		<str_hint_1>Change between your cars: some races are easier to win with a fast car, some with a slower one.</str_hint_1>
		<str_hint_2>Key to win is upgrading your cars.</str_hint_2>
		<str_hint_3>Gathering the nitro power-ups during the race is a good strategy.</str_hint_3>
		<buyfull>Купить игру</buyfull>
		<playdemo>Сыграть в демо-версию</playdemo>
		<billinginit>ЗАГРУЗКА...</billinginit>
		<billingok>ОК</billingok>
		<billingcancel>ВЫХОД</billingcancel>
		<bilingnotavailable>Возникла проблема со снятием средств. Проверьте свою SIM-карту.</bilingnotavailable>
		<buynow>Купите сейчас</buynow>
		<billingtnc>Пользовательское соглашение</billingtnc>
		<billinginprocess>Пожалуйста, подождите... Осуществление покупки.</billinginprocess>
		<billingsuccess>Покупка выполнена. Приятной игры!</billingsuccess>
		<billingfailed>Не удалось совершить транзакцию. Повторить попытку?</billingfailed>
		<playgame>Играть в игру</playgame>
		<tryagain>Повторить попытку</tryagain>
		<purchasecode>Код покупки</purchasecode>
		<purchasecodetitle>Ввести код покупки:</purchasecodetitle>
		<unlockcodefailed>Неверный код покупки</unlockcodefailed>
		<playdemocontent>В демо-версии доступны только 3 уровня. Вы можете использовать демо-версию без ограничений.\n\nИнформация и поддержка пользователей:\nWWW.GAMELOFT.COM \nSUPPORT.GAMELOFT.COM</playdemocontent>
		<endleveldemocontent>Понравилась эта игра?</endleveldemocontent>
		<mainmenu>Главное меню</mainmenu>
		<doubleconfirmtext>С вашего баланса будет снята сумма (PRICE)  плюс стоимость обычного СМС согласно вашему тарифному плану.
Нажав "Купить", вы подтверждаете, что вам уже исполнилось 16 лет и что вы имеете право совершать покупки с помощью этого устройства.</doubleconfirmtext>
		<doubleconfirmtext_en>(PRICE) plus the cost of one standard-rate SMS will be charged to your mobile phone bill or deducted from your prepaid credit.
By selecting "Buy Now" you confirm that you are over the age of 16 and have the bill payer's permission to make this purchase.</doubleconfirmtext_en>
		<doubleconfirmtext_de>DER PREIS FUR DIE VOLLVERSION DIESES SPIELS BETRAGT (PRICE) + GEBUHREN FUR 1 SMS (JE NACH TARIF)</doubleconfirmtext_de>
		<buynowconfirm>Купить</buynowconfirm>
		<buynowconfirm_en>Buy Now</buynowconfirm_en>
		<buynowconfirm_de>ZAHLUNGSPFLICHTIG BESTELLEN</buynowconfirm_de>
		<exit>ВЫХОД</exit>
		<trial_expired_notice>We are sorry, but you reached the trial limit for this demo. Buy the game to enjoy without restrictions!</trial_expired_notice>
		<no_internet>Активируйте интернет-соединение и продолжите.</no_internet>
		<str_exitgame>ВЫЙТИ?</str_exitgame>
	</language>
	
	<language lang="id">
		<str_level>LEVEL </str_level>
		<str_level_1> </str_level_1>
		<str_mission_ranking>JADILAH YANG PERTAMA FINIS.</str_mission_ranking>
		<str_mission_ranking_1>POSISI KE-1</str_mission_ranking_1>
		<str_mission_knockout>HANCURKAN </str_mission_knockout>
		<str_mission_knockout_1> KENDARAAN</str_mission_knockout_1>
		<str_mission_escape>MELARIKAN DIRI DARI POLISI</str_mission_escape>
		<str_coin_collected> </str_coin_collected>
		<str_coin_collected_1> KOIN TERKUMPUL</str_coin_collected_1>
		<str_bigcoin_collected> </str_bigcoin_collected>
		<str_bigcoin_collected_1> KOIN BESAR TERKUMPUL</str_bigcoin_collected_1>
		<str_topspeed>KECEPATAN MAKSIMAL</str_topspeed>
		<str_acceleration>AKSELERASI</str_acceleration>
		<str_nitro>NITRO</str_nitro>
		<str_coinbonus>BONUS KOIN</str_coinbonus>
		<str_topspeed_unit> MPJ</str_topspeed_unit>
		<str_nitro_unit> DETIK</str_nitro_unit>
		<str_coinbonus_unit>%</str_coinbonus_unit>
		<str_total>TOTAL</str_total>
		<str_unlock_1>SELAMAT!</str_unlock_1>
		<str_unlock_2>KAMU TELAH MEMBUKA MOBIL BARU.</str_unlock_2>
		<str_confirm>APAKAH KAMU YAKIN?</str_confirm>
		<str_tuto>KETUK UNTUK MEMULAI.</str_tuto>
		<str_bonus>LEVEL BONUS!</str_bonus>
		<skip_level>Apakah kamu ingin melewati level ini?</skip_level>
		<main_hello>Halo, [username]</main_hello>
		<load_success>Game tersimpan berhasil dimuat</load_success>
		<load>Memuat...</load>
		<save>Menyimpan...</save>
		<saved>Game disimpan</saved>
		<main_login>Log in untuk menyimpan game</main_login>
		<logout_popup>Apakah kamu ingin log out dari Facebook?</logout_popup>
		<login_popup>Silakan log in ke Facebook untuk menyimpan progresmu.</login_popup>
		<fail_popup>Tidak dapat menghubungkan karena masalah jaringan atau server. Silakan periksa koneksi Internetmu dan coba lagi nanti.</fail_popup>
		<upgrade_max>MAKS</upgrade_max>
		<str_ranking>PERINGKAT</str_ranking>
		<str_knockout>KNOCK OUT</str_knockout>
		<str_escape>KABUR</str_escape>
		<str_boss>TANDING BOS</str_boss>
		<str_next>LEVEL BERIKUTNYA:</str_next>
		<str_complete>TUNTAS</str_complete>
		<str_fail>GAGAL</str_fail>
		<str_sign_in>Masuk untuk menyimpan progresmu dan dapatkan koin gratis.</str_sign_in>
		<str_signed_in>Telah log in ke Facebook.</str_signed_in>
		<str_like>Sukai laman Facebook kami dan dapatkan koin gratis.</str_like>
		<str_social>SOSIAL</str_social>
		<str_achievement>PENCAPAIAN</str_achievement>
		<str_achievement_unlock>PENCAPAIAN TERBUKA</str_achievement_unlock>
		<str_claim>KLAIM</str_claim>
		<str_popup_add>1.000 KOIN TELAH DITAMBAHKAN KE AKUNMU.</str_popup_add>
		<str_share>BAGIKAN SEKARANG:</str_share>
		<str_season_1>MUSIM 1</str_season_1>
		<str_season_2>MUSIM 2</str_season_2>
		<str_season_3>MUSIM 3</str_season_3>
		<str_unlock_share>AKU TELAH MEMBUKA MOBIL BARU.</str_unlock_share>
		<str_description>Nitro Street Run kembali dan lebih besar dari sebelumnya!</str_description>
		<str_achievement_share>AKU TELAH MEMBUKA PENCAPAIAN.</str_achievement_share>
		<str_achievement_1>Upgrade mobilmu dua kali.</str_achievement_1>
		<str_achievement_2>Hancurkan 8 kendaraan.</str_achievement_2>
		<str_social_bonus>LEVEL BONUS</str_social_bonus>
		<str_1000>1.000</str_1000>
		<str_achievement_3>Mainkan level Bonus 4 kali.</str_achievement_3>
		<str_achievement_4>Kalahkan 2 bos</str_achievement_4>
		<str_coming>Segera hadir</str_coming>
		<str_hint_1>Change between your cars: some races are easier to win with a fast car, some with a slower one.</str_hint_1>
		<str_hint_2>Key to win is upgrading your cars.</str_hint_2>
		<str_hint_3>Gathering the nitro power-ups during the race is a good strategy.</str_hint_3>
		<buyfull>Beli gamenya</buyfull>
		<playdemo>Mainkan demo</playdemo>
		<billinginit>MEMUAT...</billinginit>
		<billingok>OKE</billingok>
		<billingcancel>KELUAR</billingcancel>
		<bilingnotavailable>Ada permasalahan pada tagihan Anda. Mohon periksa kartu SIM Anda.</bilingnotavailable>
		<buynow>Dapatkan sekarang juga</buynow>
		<billingtnc>Syarat dan Ketentuan</billingtnc>
		<billinginprocess>Mohon menunggu... Pembelian sedang diproses</billinginprocess>
		<billingsuccess>Pembelian berhasil. Selamat menikmati game ini!</billingsuccess>
		<billingfailed>Transaksi gagal. Apakah Anda ingin mencoba lagi?</billingfailed>
		<playgame>Mainkan game</playgame>
		<tryagain>Coba lagi</tryagain>
		<purchasecode>Kode pembelian</purchasecode>
		<purchasecodetitle>Masukkan kode pembelian:</purchasecodetitle>
		<unlockcodefailed>Kode pembelian tidak valid</unlockcodefailed>
		<playdemocontent>Kamu dapat memainkan demo selama 3 level. Kamu memiliki masa percobaan tidak terbatas.\n\nInfo dan Layanan Pelanggan:\nWWW.GAMELOFT.COM \nSUPPORT.GAMELOFT.COM</playdemocontent>
		<endleveldemocontent>Apakah kamu menyukai game ini?</endleveldemocontent>
		<mainmenu>Menu Utama</mainmenu>
		<doubleconfirmtext>(PRICE) ditambah biaya satu SMS bertarif standar akan dibebankan ke tagihan ponsel atau dipotong dari pulsa prabayar.\nDengan memilih "Beli Sekarang", kamu mengonfirmasikan telah berusia lebih dari 16 tahun dan memiliki izin dari pembayar tagihan untuk melakukan pembelian ini.</doubleconfirmtext>
		<doubleconfirmtext_en>(PRICE) plus the cost of one standard-rate SMS will be charged to your mobile phone bill or deducted from your prepaid credit.
By selecting "Buy Now" you confirm that you are over the age of 16 and have the bill payer's permission to make this purchase.</doubleconfirmtext_en>
		<doubleconfirmtext_de>DER PREIS FUR DIE VOLLVERSION DIESES SPIELS BETRAGT (PRICE) + GEBUHREN FUR 1 SMS (JE NACH TARIF)</doubleconfirmtext_de>
		<buynowconfirm>Beli Sekarang</buynowconfirm>
		<buynowconfirm_en>Buy Now</buynowconfirm_en>
		<buynowconfirm_de>ZAHLUNGSPFLICHTIG BESTELLEN</buynowconfirm_de>
		<exit>KELUAR</exit>
		<trial_expired_notice>We are sorry, but you reached the trial limit for this demo. Buy the game to enjoy without restrictions!</trial_expired_notice>
		<no_internet>Aktifkan sambungan internet untuk melanjutkan.</no_internet>
		<str_exitgame>KELUAR DARI GAME?</str_exitgame>
	</language>
	
	<language lang="th">
		<str_level>เลเวล </str_level>
		<str_level_1> </str_level_1>
		<str_mission_ranking>เข้าเส้นชัยเป็นคนแรก</str_mission_ranking>
		<str_mission_ranking_1>อันดับที่ 1</str_mission_ranking_1>
		<str_mission_knockout>คว่ำพาหนะ </str_mission_knockout>
		<str_mission_knockout_1> คัน</str_mission_knockout_1>
		<str_mission_escape>หนีจากตำรวจ</str_mission_escape>
		<str_coin_collected>เก็บเหรียญได้ </str_coin_collected>
		<str_coin_collected_1> เหรียญ</str_coin_collected_1>
		<str_bigcoin_collected>เก็บเหรียญใหญ่ได้ </str_bigcoin_collected>
		<str_bigcoin_collected_1> เหรียญ</str_bigcoin_collected_1>
		<str_topspeed>ความเร็วสูงสุด</str_topspeed>
		<str_acceleration>ความเร่ง</str_acceleration>
		<str_nitro>ไนโตร</str_nitro>
		<str_coinbonus>โบนัสเหรียญ</str_coinbonus>
		<str_topspeed_unit> ไมล์/ชม.</str_topspeed_unit>
		<str_nitro_unit> วินาที</str_nitro_unit>
		<str_coinbonus_unit>%</str_coinbonus_unit>
		<str_total>รวม</str_total>
		<str_unlock_1>ยินดีด้วย!</str_unlock_1>
		<str_unlock_2>คุณปลดล็อครถใหม่</str_unlock_2>
		<str_confirm>แน่ใจหรือไม่</str_confirm>
		<str_tuto>แตะเพื่อเริ่ม</str_tuto>
		<str_bonus>เลเวลโบนัส!</str_bonus>
		<skip_level>คุณต้องการข้ามเลเวลนี้หรือไม่</skip_level>
		<main_hello>สวัสดี [username]</main_hello>
		<load_success>โหลดบันทึกสำเร็จ</load_success>
		<load>กำลังโหลด...</load>
		<save>กำลังบันทึก...</save>
		<saved>บันทึกเกมแล้ว</saved>
		<main_login>ล็อกอินเพื่อบันทึกเกม</main_login>
		<logout_popup>คุณต้องการล็อกเอาท์ออกจาก Facebook หรือไม่</logout_popup>
		<login_popup>โปรดล็อกอินเข้าสู่ Facebook เพื่อบันทึกความคืบหน้าของคุณ</login_popup>
		<fail_popup>ไม่สามารถเชื่อมต่อได้เนื่องจากปัญหาทางเครือข่ายหรือ|เซิร์ฟเวอร์ โปรดตรวจสอบการเชื่อมต่ออินเทอร์เน็ตของ|คุณ และลองใหม่อีกครั้งในภายหลัง</fail_popup>
		<upgrade_max>สูงสุด</upgrade_max>
		<str_ranking>จัดลำดับ</str_ranking>
		<str_knockout>คว่ำรถ</str_knockout>
		<str_escape>หลบหนี</str_escape>
		<str_boss>สู้กับบอส</str_boss>
		<str_next>เลเวลถัดไป:</str_next>
		<str_complete>สำเร็จ</str_complete>
		<str_fail>ล้มเหลว</str_fail>
		<str_sign_in>ล็อกอินเพื่อบันทึกความคืบหน้าและรับเหรียญฟรี</str_sign_in>
		<str_signed_in>ล็อกอินเข้าสู่ Facebook แล้ว</str_signed_in>
		<str_like>กดถูกใจเพจ Facebook ของเราและรับเหรียญฟรี</str_like>
		<str_social>โซเชียล</str_social>
		<str_achievement>ความสำเร็จ</str_achievement>
		<str_achievement_unlock>ปลดล็อค ความสำเร็จแล้ว</str_achievement_unlock>
		<str_claim>รับ</str_claim>
		<str_popup_add>เพิ่มเหรียญ 1,000 เหรียญ เข้าสู่บัญชีของคุณแล้ว</str_popup_add>
		<str_share>แชร์เลย:</str_share>
		<str_season_1>ซีซั่น 1</str_season_1>
		<str_season_2>ซีซั่น 2</str_season_2>
		<str_season_3>ซีซั่น 3</str_season_3>
		<str_unlock_share>ฉันปลดล็อครถคันใหม่แล้ว</str_unlock_share>
		<str_description>NitroStreet Run กลับมาแล้ว และยิ่งใหญ่กว่าเดิม!</str_description>
		<str_achievement_share>ฉันปลดล็อคความสำเร็จแล้ว</str_achievement_share>
		<str_achievement_1>อัพเกรดรถสองครั้ง</str_achievement_1>
		<str_achievement_2>คว่ำรถ 8 คัน</str_achievement_2>
		<str_social_bonus>เลเวลโบนัส</str_social_bonus>
		<str_1000>1,000</str_1000>
		<str_achievement_3>เล่นเลเวลโบนัส 4 ครั้ง</str_achievement_3>
		<str_achievement_4>เอาชนะบอส 2 ครั้ง</str_achievement_4>
		<str_coming>เร็ว ๆ นี้</str_coming>
		<str_hint_1>Change between your cars: some races are easier to win with a fast car, some with a slower one.</str_hint_1>
		<str_hint_2>Key to win is upgrading your cars.</str_hint_2>
		<str_hint_3>Gathering the nitro power-ups during the race is a good strategy.</str_hint_3>
		<buyfull>ซื้อเกม</buyfull>
		<playdemo>ลองเล่นเดโม</playdemo>
		<billinginit>กำลังโหลด...</billinginit>
		<billingok>ตกลง</billingok>
		<billingcancel>ออก</billingcancel>
		<bilingnotavailable>เกิด|ปัญหา|ใน|การเรียกเก็บ|ค่าบริการ |โปรดตรวจสอบ|ซิมการ์ด|ของคุณ</bilingnotavailable>
		<buynow>รับทันที</buynow>
		<billingtnc>ข้อตกลงและเงื่อนไข</billingtnc>
		<billinginprocess>กรุณารอสักครู่... กำลังดำเนินการซื้ออยู่</billinginprocess>
		<billingsuccess>การซื้อประสบความสำเร็จ ขอให้สนุกกับการเล่นเกม!</billingsuccess>
		<billingfailed>ทำรายการ|ไม่สำเร็จ |ต้องการ|ลองอีกครั้ง|หรือไม่</billingfailed>
		<playgame>เล่นเกม</playgame>
		<tryagain>ลองอีกครั้ง</tryagain>
		<purchasecode>รหัสการซื้อ</purchasecode>
		<purchasecodetitle>ใส่รหัสการซื้อ</purchasecodetitle>
		<unlockcodefailed>รหัสการซื้อ|ไม่ถูกต้อง</unlockcodefailed>
		<playdemocontent>คุณสามารถเล่นเดโมได้ 3 เลเวล. คุณสามารถลองได้ไม่จำกัดครั้ง. \n\nข้อมูลและฝ่ายบริการลูกค้า:\nWWW.GAMELOFT.COM \nSUPPORT.GAMELOFT.COM</playdemocontent>
		<endleveldemocontent>คุณชอบเกมนี้หรือเปล่า</endleveldemocontent>
		<mainmenu>เมนูหลัก</mainmenu>
		<doubleconfirmtext>ค่าใช้จ่ายราคา (PRICE) และค่า SMS ในราคาปกติหนึ่งข้อความจะถูกคิดบนใบแจ้งหนี้ค่าโทรศัพท์ของคุณหรือถูกหักออกจากเครดิตที่คุณเติมไว้ล่วงหน้า
โดยการเลือก "ซื้อทันที" คุณได้ยืนยันว่าคุณมีอายุมากกว่า 16 ปีและได้รับอนุญาตจากผู้ชำระใบแจ้งหนี้ในการดำเนินการสั่งซื้อนี้แล้ว</doubleconfirmtext>
		<doubleconfirmtext_en>(PRICE) plus the cost of one standard-rate SMS will be charged to your mobile phone bill or deducted from your prepaid credit.
By selecting "Buy Now" you confirm that you are over the age of 16 and have the bill payer's permission to make this purchase.</doubleconfirmtext_en>
		<doubleconfirmtext_de>DER PREIS FUR DIE VOLLVERSION DIESES SPIELS BETRAGT (PRICE) + GEBUHREN FUR 1 SMS (JE NACH TARIF)</doubleconfirmtext_de>
		<buynowconfirm>ซื้อทันที</buynowconfirm>
		<buynowconfirm_en>Buy Now</buynowconfirm_en>
		<buynowconfirm_de>ZAHLUNGSPFLICHTIG BESTELLEN</buynowconfirm_de>
		<exit>ออก</exit>
		<trial_expired_notice>We are sorry, but you reached the trial limit for this demo. Buy the game to enjoy without restrictions!</trial_expired_notice>
		<no_internet>โปรดเปิดใช้การเชื่อมต่ออินเทอร์เน็ต เพื่อดำเนินการต่อ</no_internet>
		<str_exitgame>ออก|จาก|เกม|หรือไม่</str_exitgame>
	</language>
	
	<language lang="tw">
		<str_level>第</str_level>
		<str_level_1>關</str_level_1>
		<str_mission_ranking>率先越過終點線</str_mission_ranking>
		<str_mission_ranking_1>第一名</str_mission_ranking_1>
		<str_mission_knockout>撞翻</str_mission_knockout>
		<str_mission_knockout_1>輛車</str_mission_knockout_1>
		<str_mission_escape>避開警車</str_mission_escape>
		<str_coin_collected>收集</str_coin_collected>
		<str_coin_collected_1>枚金幣</str_coin_collected_1>
		<str_bigcoin_collected>收集</str_bigcoin_collected>
		<str_bigcoin_collected_1>枚大金幣</str_bigcoin_collected_1>
		<str_topspeed>最高速度</str_topspeed>
		<str_acceleration>加速度</str_acceleration>
		<str_nitro>氮氣</str_nitro>
		<str_coinbonus>金幣加成</str_coinbonus>
		<str_topspeed_unit>英里/小時</str_topspeed_unit>
		<str_nitro_unit>秒</str_nitro_unit>
		<str_coinbonus_unit>%</str_coinbonus_unit>
		<str_total>總計</str_total>
		<str_unlock_1>恭喜！</str_unlock_1>
		<str_unlock_2>你已解鎖一輛新車</str_unlock_2>
		<str_confirm>確定購買？</str_confirm>
		<str_tuto>點擊以開始</str_tuto>
		<str_bonus>獎勵關卡！</str_bonus>
		<skip_level>你想跳過此關卡嗎？</skip_level>
		<main_hello>你好，[username]！</main_hello>
		<load_success>已成功載入存檔</load_success>
		<load>載入中...</load>
		<save>儲存中...</save>
		<saved>遊戲已存檔</saved>
		<main_login>登入以儲存遊戲進度</main_login>
		<logout_popup>你想要登出Facebook嗎？</logout_popup>
		<login_popup>請登入Facebook以儲存你的進度</login_popup>
		<fail_popup>因發生網路或伺服器問題而無法連線|請檢查你的網路連線並稍後再試</fail_popup>
		<upgrade_max>最高級</upgrade_max>
		<str_ranking>排名賽</str_ranking>
		<str_knockout>撞擊賽</str_knockout>
		<str_escape>逃脫賽</str_escape>
		<str_boss>Boss賽</str_boss>
		<str_next>下一關：</str_next>
		<str_complete>完成</str_complete>
		<str_fail>失敗</str_fail>
		<str_sign_in>登入以儲存進度並獲得免費金幣</str_sign_in>
		<str_signed_in>已登入Facebook</str_signed_in>
		<str_like>到我們的Facebook專頁按讚並獲得免費金幣</str_like>
		<str_social>社交</str_social>
		<str_achievement>成就</str_achievement>
		<str_achievement_unlock>已解鎖成就</str_achievement_unlock>
		<str_claim>領取</str_claim>
		<str_popup_add>已新增1,000枚金幣至你的帳號</str_popup_add>
		<str_share>立即分享：</str_share>
		<str_season_1>賽季1</str_season_1>
		<str_season_2>賽季2</str_season_2>
		<str_season_3>賽季3</str_season_3>
		<str_unlock_share>我解鎖了一輛新車</str_unlock_share>
		<str_description>《街頭飛車》強勢回歸！</str_description>
		<str_achievement_share>我解鎖了一項成就</str_achievement_share>
		<str_achievement_1>升級你的車輛兩次</str_achievement_1>
		<str_achievement_2>撞翻8輛車</str_achievement_2>
		<str_social_bonus>獎勵關卡</str_social_bonus>
		<str_1000>1,000</str_1000>
		<str_achievement_3>玩獎勵關卡4次</str_achievement_3>
		<str_achievement_4>擊敗2輛Boss車</str_achievement_4>
		<str_coming>即將推出</str_coming>
		<str_hint_1>Change between your cars: some races are easier to win with a fast car, some with a slower one.</str_hint_1>
		<str_hint_2>Key to win is upgrading your cars.</str_hint_2>
		<str_hint_3>Gathering the nitro power-ups during the race is a good strategy.</str_hint_3>
		<buyfull>購買遊戲</buyfull>
		<playdemo>體驗試玩版</playdemo>
		<billinginit>載入中...</billinginit>
		<billingok>確定</billingok>
		<billingcancel>退出</billingcancel>
		<bilingnotavailable>結帳時發生錯誤。請檢查您的SIM卡。</bilingnotavailable>
		<buynow>立即獲得</buynow>
		<billingtnc>條款和條件</billingtnc>
		<billinginprocess>請稍候... 購買處理中</billinginprocess>
		<billingsuccess>購買成功。 盡情享受遊戲！</billingsuccess>
		<billingfailed>交易失敗。您想再試一次嗎？</billingfailed>
		<playgame>開始遊戲</playgame>
		<tryagain>再試一次</tryagain>
		<purchasecode>購買碼</purchasecode>
		<purchasecodetitle>輸入購買代碼:</purchasecodetitle>
		<unlockcodefailed>無效的購買碼</unlockcodefailed>
		<playdemocontent>您可以在試玩版 中試玩3個關卡。 您可以無限試玩。\n\n資訊與客戶服務：\nWWW.GAMELOFT.COM \nSUPPORT.GAMELOFT.COM</playdemocontent>
		<endleveldemocontent>您喜歡此遊戲嗎？</endleveldemocontent>
		<mainmenu>主選單</mainmenu>
		<doubleconfirmtext>(PRICE) plus the cost of one standard-rate SMS will be charged to your mobile phone bill or deducted from your prepaid credit.
By selecting "Buy Now" you confirm that you are over the age of 16 and have the bill payer's permission to make this purchase.</doubleconfirmtext>
		<doubleconfirmtext_en>(PRICE) plus the cost of one standard-rate SMS will be charged to your mobile phone bill or deducted from your prepaid credit.
By selecting "Buy Now" you confirm that you are over the age of 16 and have the bill payer's permission to make this purchase.</doubleconfirmtext_en>
		<doubleconfirmtext_de>DER PREIS FUR DIE VOLLVERSION DIESES SPIELS BETRAGT (PRICE) + GEBUHREN FUR 1 SMS (JE NACH TARIF)</doubleconfirmtext_de>
		<buynowconfirm>Buy Now</buynowconfirm>
		<buynowconfirm_en>Buy Now</buynowconfirm_en>
		<buynowconfirm_de>ZAHLUNGSPFLICHTIG BESTELLEN</buynowconfirm_de>
		<exit>退出</exit>
		<trial_expired_notice>We are sorry, but you reached the trial limit for this demo. Buy the game to enjoy without restrictions!</trial_expired_notice>
		<no_internet>請啟動您的網際網路連線以繼續。</no_internet>
		<str_exitgame>退出遊戲？</str_exitgame>
	</language>
	
	<language lang="cn">
		<str_level>第</str_level>
		<str_level_1>关</str_level_1>
		<str_mission_ranking>首先冲过终点线。</str_mission_ranking>
		<str_mission_ranking_1>第1名</str_mission_ranking_1>
		<str_mission_knockout>撞翻</str_mission_knockout>
		<str_mission_knockout_1>辆车</str_mission_knockout_1>
		<str_mission_escape>逃脱警察的追捕</str_mission_escape>
		<str_coin_collected>收集</str_coin_collected>
		<str_coin_collected_1>个金币</str_coin_collected_1>
		<str_bigcoin_collected>收集</str_bigcoin_collected>
		<str_bigcoin_collected_1>个大金币</str_bigcoin_collected_1>
		<str_topspeed>最高速度</str_topspeed>
		<str_acceleration>加速度</str_acceleration>
		<str_nitro>氮气</str_nitro>
		<str_coinbonus>金币奖励</str_coinbonus>
		<str_topspeed_unit>MPH</str_topspeed_unit>
		<str_nitro_unit>秒</str_nitro_unit>
		<str_coinbonus_unit> %</str_coinbonus_unit>
		<str_total>总计</str_total>
		<str_unlock_1>祝贺您！</str_unlock_1>
		<str_unlock_2>您解锁了新车辆。</str_unlock_2>
		<str_confirm>您确定吗？</str_confirm>
		<str_tuto>点击开始。</str_tuto>
		<str_bonus>奖励关卡！</str_bonus>
		<skip_level>确定要跳过该关卡吗？</skip_level>
		<main_hello>你好，[username]</main_hello>
		<load_success>存档已成功载入</load_success>
		<load>正在加载……</load>
		<save>正在保存……</save>
		<saved>游戏已保存</saved>
		<main_login>登录以保存游戏</main_login>
		<logout_popup>你想要注销Facebook吗？</logout_popup>
		<login_popup>请登录Facebook，以保存你的进度。</login_popup>
		<fail_popup>由于网络或服务器问题，无法连接。|请检查你的网络连接，并稍后重试。</fail_popup>
		<upgrade_max>最高级</upgrade_max>
		<str_ranking>排位赛</str_ranking>
		<str_knockout>撞击赛</str_knockout>
		<str_escape>逃脱追捕</str_escape>
		<str_boss>Boss战</str_boss>
		<str_next>下一关卡：</str_next>
		<str_complete>完成</str_complete>
		<str_fail>失败</str_fail>
		<str_sign_in>登录以保存进度并获取免费金币。</str_sign_in>
		<str_signed_in>已登录Facebook。</str_signed_in>
		<str_like>为我们的Facebook主页点赞，获取免费金币。</str_like>
		<str_social>社交</str_social>
		<str_achievement>成就</str_achievement>
		<str_achievement_unlock>成就已解锁</str_achievement_unlock>
		<str_claim>领取</str_claim>
		<str_popup_add>已为你的账号添加1000金币。</str_popup_add>
		<str_share>立即分享：</str_share>
		<str_season_1>赛季1</str_season_1>
		<str_season_2>赛季2</str_season_2>
		<str_season_3>赛季3</str_season_3>
		<str_unlock_share>我解锁了一辆新车。</str_unlock_share>
		<str_description>NitroStreet Run重磅回归，精彩加倍！</str_description>
		<str_achievement_share>我解锁了一个成就。</str_achievement_share>
		<str_achievement_1>升级你的车辆两次。</str_achievement_1>
		<str_achievement_2>撞翻8辆车。</str_achievement_2>
		<str_social_bonus>奖励关卡</str_social_bonus>
		<str_1000>1,000</str_1000>
		<str_achievement_3>玩4次奖励关卡。</str_achievement_3>
		<str_achievement_4>击败2个Boss</str_achievement_4>
		<str_coming>敬请期待</str_coming>
		<str_hint_1>Change between your cars: some races are easier to win with a fast car, some with a slower one.</str_hint_1>
		<str_hint_2>Key to win is upgrading your cars.</str_hint_2>
		<str_hint_3>Gathering the nitro power-ups during the race is a good strategy.</str_hint_3>
		<buyfull>购买游戏</buyfull>
		<playdemo>玩试玩版</playdemo>
		<billinginit>正在载入...</billinginit>
		<billingok>确定</billingok>
		<billingcancel>退出</billingcancel>
		<bilingnotavailable>付款时出现问题。请检查您的SIM卡。</bilingnotavailable>
		<buynow>立即获得</buynow>
		<billingtnc>条款和条件</billingtnc>
		<billinginprocess>请稍候... 购买处理中</billinginprocess>
		<billingsuccess>购买成功。 祝您游戏愉快！</billingsuccess>
		<billingfailed>交易失败。是否重试？</billingfailed>
		<playgame>开始游戏</playgame>
		<tryagain>重试</tryagain>
		<purchasecode>购买码</purchasecode>
		<purchasecodetitle>输入购买代码:</purchasecodetitle>
		<unlockcodefailed>购买码无效</unlockcodefailed>
		<playdemocontent>您可以试玩3个关卡。 您拥有无限的试玩次数。\n\n信息与客户服务：\nWWW.GAMELOFT.COM \nSUPPORT.GAMELOFT.COM</playdemocontent>
		<endleveldemocontent>您喜欢此游戏吗？</endleveldemocontent>
		<mainmenu>主菜单</mainmenu>
		<doubleconfirmtext>(PRICE) plus the cost of one standard-rate SMS will be charged to your mobile phone bill or deducted from your prepaid credit.
By selecting "Buy Now" you confirm that you are over the age of 16 and have the bill payer's permission to make this purchase.</doubleconfirmtext>
		<doubleconfirmtext_en>(PRICE) plus the cost of one standard-rate SMS will be charged to your mobile phone bill or deducted from your prepaid credit.
By selecting "Buy Now" you confirm that you are over the age of 16 and have the bill payer's permission to make this purchase.</doubleconfirmtext_en>
		<doubleconfirmtext_de>DER PREIS FUR DIE VOLLVERSION DIESES SPIELS BETRAGT (PRICE) + GEBUHREN FUR 1 SMS (JE NACH TARIF)</doubleconfirmtext_de>
		<buynowconfirm>Buy Now</buynowconfirm>
		<buynowconfirm_en>Buy Now</buynowconfirm_en>
		<buynowconfirm_de>ZAHLUNGSPFLICHTIG BESTELLEN</buynowconfirm_de>
		<exit>退出</exit>
		<trial_expired_notice>We are sorry, but you reached the trial limit for this demo. Buy the game to enjoy without restrictions!</trial_expired_notice>
		<no_internet>请启用您的网络连接以继续。</no_internet>
		<str_exitgame>退出游戏？</str_exitgame>
	</language>
	
	<!--update 01/10/2018-->
	
</loc>